-- phpMyAdmin SQL Dump
-- version 4.8.3
-- https://www.phpmyadmin.net/
--
-- Servidor: 127.0.0.1:3306
-- Tiempo de generación: 17-12-2019 a las 14:08:18
-- Versión del servidor: 5.7.23
-- Versión de PHP: 7.2.10

SET SQL_MODE = "NO_AUTO_VALUE_ON_ZERO";
SET AUTOCOMMIT = 0;
START TRANSACTION;
SET time_zone = "+00:00";


/*!40101 SET @OLD_CHARACTER_SET_CLIENT=@@CHARACTER_SET_CLIENT */;
/*!40101 SET @OLD_CHARACTER_SET_RESULTS=@@CHARACTER_SET_RESULTS */;
/*!40101 SET @OLD_COLLATION_CONNECTION=@@COLLATION_CONNECTION */;
/*!40101 SET NAMES utf8mb4 */;

--
-- Base de datos: `bd_hyr`
--

-- --------------------------------------------------------

--
-- Estructura de tabla para la tabla `comuna`
--

DROP TABLE IF EXISTS `comuna`;
CREATE TABLE IF NOT EXISTS `comuna` (
  `COMUNA_ID` int(5) NOT NULL DEFAULT '0',
  `COMUNA_NOMBRE` varchar(20) DEFAULT NULL,
  `COMUNA_PROVINCIA_ID` int(3) DEFAULT NULL,
  PRIMARY KEY (`COMUNA_ID`),
  KEY `COMUNA_PROVINCIA_ID` (`COMUNA_PROVINCIA_ID`)
) ENGINE=InnoDB DEFAULT CHARSET=utf8;

--
-- Volcado de datos para la tabla `comuna`
--

INSERT INTO `comuna` (`COMUNA_ID`, `COMUNA_NOMBRE`, `COMUNA_PROVINCIA_ID`) VALUES
(1101, 'Iquique', 11),
(1107, 'Alto Hospicio', 11),
(1401, 'Pozo Almonte', 14),
(1402, 'Camiña', 14),
(1403, 'Colchane', 14),
(1404, 'Huara', 14),
(1405, 'Pica', 14),
(2101, 'Antofagasta', 21),
(2102, 'Mejillones', 21),
(2103, 'Sierra Gorda', 21),
(2104, 'Taltal', 21),
(2201, 'Calama', 22),
(2202, 'Ollagüe', 22),
(2203, 'San Pedro de Atacama', 22),
(2301, 'Tocopilla', 23),
(2302, 'María Elena', 23),
(3101, 'Copiapó', 31),
(3102, 'Caldera', 31),
(3103, 'Tierra Amarilla', 31),
(3201, 'Chañaral', 32),
(3202, 'Diego de Almagro', 32),
(3301, 'Vallenar', 33),
(3302, 'Alto del Carmen', 33),
(3303, 'Freirina', 33),
(3304, 'Huasco', 33),
(4101, 'La Serena', 41),
(4102, 'Coquimbo', 41),
(4103, 'Andacollo', 41),
(4104, 'La Higuera', 41),
(4105, 'Paihuano', 41),
(4106, 'Vicuña', 41),
(4201, 'Illapel', 42),
(4202, 'Canela', 42),
(4203, 'Los Vilos', 42),
(4204, 'Salamanca', 42),
(4301, 'Ovalle', 43),
(4302, 'Combarbalá', 43),
(4303, 'Monte Patria', 43),
(4304, 'Punitaqui', 43),
(4305, 'Río Hurtado', 43),
(5101, 'Valparaíso', 51),
(5102, 'Casablanca', 51),
(5103, 'Concón', 51),
(5104, 'Juan Fernández', 51),
(5105, 'Puchuncaví', 51),
(5107, 'Quintero', 51),
(5109, 'Viña del Mar', 51),
(5201, 'Isla de Pascua', 52),
(5301, 'Los Andes', 53),
(5302, 'Calle Larga', 53),
(5303, 'Rinconada', 53),
(5304, 'San Esteban', 53),
(5401, 'La Ligua', 54),
(5402, 'Cabildo', 54),
(5403, 'Papudo', 54),
(5404, 'Petorca', 54),
(5405, 'Zapallar', 54),
(5501, 'Quillota', 55),
(5502, 'La Calera', 55),
(5503, 'Hijuelas', 55),
(5504, 'La Cruz', 55),
(5506, 'Nogales', 55),
(5601, 'San Antonio', 56),
(5602, 'Algarrobo', 56),
(5603, 'Cartagena', 56),
(5604, 'El Quisco', 56),
(5605, 'El Tabo', 56),
(5606, 'Santo Domingo', 56),
(5701, 'San Felipe', 57),
(5702, 'Catemu', 57),
(5703, 'Llay Llay', 57),
(5704, 'Panquehue', 57),
(5705, 'Putaendo', 57),
(5706, 'Santa María', 57),
(5801, 'Quilpué', 58),
(5802, 'Limache', 58),
(5803, 'Olmué', 58),
(5804, 'Villa Alemana', 58),
(6101, 'Rancagua', 61),
(6102, 'Codegua', 61),
(6103, 'Coinco', 61),
(6104, 'Coltauco', 61),
(6105, 'Doñihue', 61),
(6106, 'Graneros', 61),
(6107, 'Las Cabras', 61),
(6108, 'Machalí', 61),
(6109, 'Malloa', 61),
(6110, 'Mostazal', 61),
(6111, 'Olivar', 61),
(6112, 'Peumo', 61),
(6113, 'Pichidegua', 61),
(6114, 'Quinta de Tilcoco', 61),
(6115, 'Rengo', 61),
(6116, 'Requínoa', 61),
(6117, 'San Vicente', 61),
(6201, 'Pichilemu', 62),
(6202, 'La Estrella', 62),
(6203, 'Litueche', 62),
(6204, 'Marchihue', 62),
(6205, 'Navidad', 62),
(6206, 'Paredones', 62),
(6301, 'San Fernando', 63),
(6302, 'Chépica', 63),
(6303, 'Chimbarongo', 63),
(6304, 'Lolol', 63),
(6305, 'Nancagua', 63),
(6306, 'Palmilla', 63),
(6307, 'Peralillo', 63),
(6308, 'Placilla', 63),
(6309, 'Pumanque', 63),
(6310, 'Santa Cruz', 63),
(7101, 'Talca', 71),
(7102, 'Constitución', 71),
(7103, 'Curepto', 71),
(7104, 'Empedrado', 71),
(7105, 'Maule', 71),
(7106, 'Pelarco', 71),
(7107, 'Pencahue', 71),
(7108, 'Río Claro', 71),
(7109, 'San Clemente', 71),
(7110, 'San Rafael', 71),
(7201, 'Cauquenes', 72),
(7202, 'Chanco', 72),
(7203, 'Pelluhue', 72),
(7301, 'Curicó', 73),
(7302, 'Hualañé', 73),
(7303, 'Licantén', 73),
(7304, 'Molina', 73),
(7305, 'Rauco', 73),
(7306, 'Romeral', 73),
(7307, 'Sagrada Familia', 73),
(7308, 'Teno', 73),
(7309, 'Vichuquén', 73),
(7401, 'Linares', 74),
(7402, 'Colbún', 74),
(7403, 'Longaví', 74),
(7404, 'Parral', 74),
(7405, 'Retiro', 74),
(7406, 'San Javier', 74),
(7407, 'Villa Alegre', 74),
(7408, 'Yerbas Buenas', 74),
(8101, 'Concepción', 81),
(8102, 'Coronel', 81),
(8103, 'Chiguayante', 81),
(8104, 'Florida', 81),
(8105, 'Hualqui', 81),
(8106, 'Lota', 81),
(8107, 'Penco', 81),
(8108, 'San Pedro de la Paz', 81),
(8109, 'Santa Juana', 81),
(8110, 'Talcahuano', 81),
(8111, 'Tomé', 81),
(8112, 'Hualpén', 81),
(8201, 'Lebu', 82),
(8202, 'Arauco', 82),
(8203, 'Cañete', 82),
(8204, 'Contulmo', 82),
(8205, 'Curanilahue', 82),
(8206, 'Los Álamos', 82),
(8207, 'Tirúa', 82),
(8301, 'Los Ángeles', 83),
(8302, 'Antuco', 83),
(8303, 'Cabrero', 83),
(8304, 'Laja', 83),
(8305, 'Mulchén', 83),
(8306, 'Nacimiento', 83),
(8307, 'Negrete', 83),
(8308, 'Quilaco', 83),
(8309, 'Quilleco', 83),
(8310, 'San Rosendo', 83),
(8311, 'Santa Bárbara', 83),
(8312, 'Tucapel', 83),
(8313, 'Yumbel', 83),
(8314, 'Alto Biobío', 83),
(8401, 'Chillán', 163),
(8402, 'Bulnes', 163),
(8403, 'Cobquecura', 162),
(8404, 'Coelemu', 162),
(8405, 'Coihueco', 161),
(8406, 'Chillán Viejo', 163),
(8407, 'El Carmen', 163),
(8408, 'Ninhue', 162),
(8409, 'Ñiquén', 161),
(8410, 'Pemuco', 163),
(8411, 'Pinto', 163),
(8412, 'Portezuelo', 162),
(8413, 'Quillón', 163),
(8414, 'Quirihue', 162),
(8415, 'Ránquil', 162),
(8416, 'San Carlos', 161),
(8417, 'San Fabián', 161),
(8418, 'San Ignacio', 163),
(8419, 'San Nicolás', 161),
(8420, 'Treguaco', 162),
(8421, 'Yungay', 163),
(9101, 'Temuco', 91),
(9102, 'Carahue', 91),
(9103, 'Cunco', 91),
(9104, 'Curarrehue', 91),
(9105, 'Freire', 91),
(9106, 'Galvarino', 91),
(9107, 'Gorbea', 91),
(9108, 'Lautaro', 91),
(9109, 'Loncoche', 91),
(9110, 'Melipeuco', 91),
(9111, 'Nueva Imperial', 91),
(9112, 'Padre las Casas', 91),
(9113, 'Perquenco', 91),
(9114, 'Pitrufquén', 91),
(9115, 'Pucón', 91),
(9116, 'Saavedra', 91),
(9117, 'Teodoro Schmidt', 91),
(9118, 'Toltén', 91),
(9119, 'Vilcún', 91),
(9120, 'Villarrica', 91),
(9121, 'Cholchol', 91),
(9201, 'Angol', 92),
(9202, 'Collipulli', 92),
(9203, 'Curacautín', 92),
(9204, 'Ercilla', 92),
(9205, 'Lonquimay', 92),
(9206, 'Los Sauces', 92),
(9207, 'Lumaco', 92),
(9208, 'Purén', 92),
(9209, 'Renaico', 92),
(9210, 'Traiguén', 92),
(9211, 'Victoria', 92),
(10101, 'Puerto Montt', 101),
(10102, 'Calbuco', 101),
(10103, 'Cochamó', 101),
(10104, 'Fresia', 101),
(10105, 'Frutillar', 101),
(10106, 'Los Muermos', 101),
(10107, 'Llanquihue', 101),
(10108, 'Maullín', 101),
(10109, 'Puerto Varas', 101),
(10201, 'Castro', 102),
(10202, 'Ancud', 102),
(10203, 'Chonchi', 102),
(10204, 'Curaco de Vélez', 102),
(10205, 'Dalcahue', 102),
(10206, 'Puqueldón', 102),
(10207, 'Queilén', 102),
(10208, 'Quellón', 102),
(10209, 'Quemchi', 102),
(10210, 'Quinchao', 102),
(10301, 'Osorno', 103),
(10302, 'Puerto Octay', 103),
(10303, 'Purranque', 103),
(10304, 'Puyehue', 103),
(10305, 'Río Negro', 103),
(10306, 'San Juan de la Costa', 103),
(10307, 'San Pablo', 103),
(10401, 'Chaitén', 104),
(10402, 'Futaleufú', 104),
(10403, 'Hualaihué', 104),
(10404, 'Palena', 104),
(11101, 'Coyhaique', 111),
(11102, 'Lago Verde', 111),
(11201, 'Aysén', 112),
(11202, 'Cisnes', 112),
(11203, 'Guaitecas', 112),
(11301, 'Cochrane', 113),
(11302, 'O\'Higgins', 113),
(11303, 'Tortel', 113),
(11401, 'Chile Chico', 114),
(11402, 'Río Ibáñez', 114),
(12101, 'Punta Arenas', 121),
(12102, 'Laguna Blanca', 121),
(12103, 'Río Verde', 121),
(12104, 'San Gregorio', 121),
(12201, 'Cabo de Hornos', 122),
(12202, 'Antártica', 122),
(12301, 'Porvenir', 123),
(12302, 'Primavera', 123),
(12303, 'Timaukel', 123),
(12401, 'Natales', 124),
(12402, 'Torres del Paine', 124),
(13101, 'Santiago', 131),
(13102, 'Cerrillos', 131),
(13103, 'Cerro Navia', 131),
(13104, 'Conchalí', 131),
(13105, 'El Bosque', 131),
(13106, 'Estación Central', 131),
(13107, 'Huechuraba', 131),
(13108, 'Independencia', 131),
(13109, 'La Cisterna', 131),
(13110, 'La Florida', 131),
(13111, 'La Granja', 131),
(13112, 'La Pintana', 131),
(13113, 'La Reina', 131),
(13114, 'Las Condes', 131),
(13115, 'Lo Barnechea', 131),
(13116, 'Lo Espejo', 131),
(13117, 'Lo Prado', 131),
(13118, 'Macul', 131),
(13119, 'Maipú', 131),
(13120, 'Ñuñoa', 131),
(13121, 'Pedro Aguirre Cerda', 131),
(13122, 'Peñalolén', 131),
(13123, 'Providencia', 131),
(13124, 'Pudahuel', 131),
(13125, 'Quilicura', 131),
(13126, 'Quinta Normal', 131),
(13127, 'Recoleta', 131),
(13128, 'Renca', 131),
(13129, 'San Joaquín', 131),
(13130, 'San Miguel', 131),
(13131, 'San Ramón', 131),
(13132, 'Vitacura', 131),
(13201, 'Puente Alto', 132),
(13202, 'Pirque', 132),
(13203, 'San José de Maipo', 132),
(13301, 'Colina', 133),
(13302, 'Lampa', 133),
(13303, 'Tiltil', 133),
(13401, 'San Bernardo', 134),
(13402, 'Buin', 134),
(13403, 'Calera de Tango', 134),
(13404, 'Paine', 134),
(13501, 'Melipilla', 135),
(13502, 'Alhué', 135),
(13503, 'Curacaví', 135),
(13504, 'María Pinto', 135),
(13505, 'San Pedro', 135),
(13601, 'Talagante', 136),
(13602, 'El Monte', 136),
(13603, 'Isla de Maipo', 136),
(13604, 'Padre Hurtado', 136),
(13605, 'Peñaflor', 136),
(14101, 'Valdivia', 141),
(14102, 'Corral', 141),
(14103, 'Lanco', 141),
(14104, 'Los Lagos', 141),
(14105, 'Máfil', 141),
(14106, 'Mariquina', 141),
(14107, 'Paillaco', 141),
(14108, 'Panguipulli', 141),
(14201, 'La Unión', 142),
(14202, 'Futrono', 142),
(14203, 'Lago Ranco', 142),
(14204, 'Río Bueno', 142),
(15101, 'Arica', 151),
(15102, 'Camarones', 151),
(15201, 'Putre', 152),
(15202, 'General Lagos', 152);

-- --------------------------------------------------------

--
-- Estructura de tabla para la tabla `documento`
--

DROP TABLE IF EXISTS `documento`;
CREATE TABLE IF NOT EXISTS `documento` (
  `id_doc` int(11) NOT NULL AUTO_INCREMENT,
  `nro_doc` int(11) NOT NULL,
  `monto_afecto_doc` int(11) DEFAULT NULL,
  `monto_exento_doc` int(11) DEFAULT NULL,
  `monto_iva_doc` int(11) DEFAULT NULL,
  `monto_total_doc` int(11) DEFAULT NULL,
  `fec_ven_doc` date DEFAULT NULL,
  `fec_emi_doc` date DEFAULT NULL,
  `tipo_doc` int(11) DEFAULT NULL,
  `est_doc` int(11) DEFAULT NULL,
  `fec_reg_doc` datetime DEFAULT NULL,
  `usu_reg_doc` int(11) DEFAULT NULL,
  `emp_doc` int(11) DEFAULT NULL,
  `periodo_doc` int(11) DEFAULT NULL,
  `obs_doc` varchar(200) DEFAULT NULL,
  PRIMARY KEY (`id_doc`),
  KEY `fk_usu_doc_idx` (`usu_reg_doc`),
  KEY `fk_emp_doc_idx` (`emp_doc`)
) ENGINE=InnoDB AUTO_INCREMENT=473 DEFAULT CHARSET=latin1;

--
-- Volcado de datos para la tabla `documento`
--

INSERT INTO `documento` (`id_doc`, `nro_doc`, `monto_afecto_doc`, `monto_exento_doc`, `monto_iva_doc`, `monto_total_doc`, `fec_ven_doc`, `fec_emi_doc`, `tipo_doc`, `est_doc`, `fec_reg_doc`, `usu_reg_doc`, `emp_doc`, `periodo_doc`, `obs_doc`) VALUES
(1, 179, 87211, 0, 9690, 96901, '2019-06-20', '2019-05-30', 2, 3, '2019-06-05 08:06:50', 2, 57, NULL, 'mensualidad de mayo 2019'),
(2, 178, 30781, 0, 3420, 34201, '2019-06-20', '2019-05-30', 2, 3, '2019-06-05 09:06:37', 2, 76, NULL, ''),
(3, 177, 46171, 0, 5130, 51301, '0000-00-00', '2019-05-30', 2, 3, '2019-06-05 09:06:50', 2, 77, NULL, ''),
(4, 176, 54892, 0, 6099, 60991, '2019-06-20', '2019-05-30', 2, 1, '2019-06-05 09:06:27', 2, 45, NULL, ''),
(5, 175, 150000, 0, 16666, 166666, '2019-06-17', '2019-05-17', 2, 3, '2019-06-05 09:06:24', 2, 34, NULL, 'servicios de creacion de empresa en un dia y eleccion de regimen tributario'),
(6, 182, 108000, 0, 12000, 120000, '2019-06-20', '2019-05-30', 2, 3, '2019-06-05 09:06:23', 2, 73, NULL, ''),
(7, 181, 35911, 0, 3990, 39901, '2019-06-20', '2019-05-30', 2, 3, '2019-06-05 09:06:41', 2, 32, NULL, ''),
(8, 180, 117991, 0, 13110, 131101, '2019-06-20', '2019-05-30', 2, 2, '2019-06-05 09:06:31', 2, 21, NULL, ''),
(9, 2761, 0, 111050, 0, 111050, '2019-06-20', '2019-05-30', 1, 3, '2019-06-05 10:06:27', 2, 5, NULL, ''),
(10, 2759, 0, 115050, 0, 115050, '2019-05-30', '2019-05-27', 1, 3, '2019-06-05 10:06:23', 2, 4, NULL, ''),
(11, 2760, 0, 138813, 0, 138813, '2019-06-20', '2019-05-27', 1, 3, '2019-06-05 10:06:34', 2, 6, NULL, ''),
(12, 2762, 0, 160500, 0, 160500, '2019-06-20', '2019-05-30', 1, 3, '2019-06-05 10:06:22', 2, 23, NULL, ''),
(13, 2763, 0, 80000, 0, 80000, '2019-06-20', '2019-05-30', 1, 3, '2019-06-05 10:06:33', 2, 34, NULL, ''),
(14, 2764, 0, 83969, 0, 83969, '2019-06-20', '2019-05-30', 1, 3, '2019-06-05 10:06:51', 2, 9, NULL, ''),
(15, 2765, 0, 509000, 0, 509000, '2019-06-20', '2019-05-30', 1, 3, '2019-06-05 11:06:50', 2, 17, NULL, ''),
(16, 2767, 0, 61561, 0, 61561, '2019-06-20', '2019-05-30', 1, 3, '2019-06-06 08:06:09', 2, 74, NULL, 'mensualidad de mayo 2019'),
(17, 2766, 0, 54584, 0, 54584, '2019-06-20', '2019-05-30', 1, 3, '2019-06-06 08:06:27', 2, 2, NULL, 'mensualidad de MAYO 2019'),
(18, 2768, 0, 86247, 0, 86247, '2019-02-20', '2019-05-30', 1, 4, '2019-06-07 09:06:04', 2, 27, NULL, 'mensualidad de mayo 2019'),
(19, 2769, 0, 32351, 0, 32351, '2019-06-20', '2019-05-30', 1, 3, '2019-06-07 09:06:36', 2, 29, NULL, 'mensualidad de mayo 2019'),
(20, 2770, 0, 170037, 0, 170037, '2019-06-20', '2019-05-30', 1, 3, '2019-06-07 11:06:50', 2, 63, NULL, 'mensualidad de mayo 2019'),
(21, 2771, 0, 153900, 0, 153900, '2019-06-20', '2019-05-30', 1, 3, '2019-06-07 11:06:19', 2, 3, NULL, 'MENSUALIDAD DE MAYO 2019'),
(22, 2772, 0, 205200, 0, 205200, '0000-00-00', '2019-05-30', 1, 4, '2019-06-07 11:06:07', 2, 25, NULL, 'mensualidad de mayo 2019'),
(23, 2776, 0, 281920, 0, 281920, '2019-06-20', '2019-05-30', 1, 3, '2019-06-09 10:06:26', 2, 64, NULL, 'MENSUALIDAD DE MAYO 2019'),
(24, 2777, 0, 205200, 0, 205200, '2019-06-20', '2019-05-30', 1, 3, '2019-06-09 10:06:54', 2, 28, NULL, 'MENSUALIDAD DE MAYO 2019'),
(25, 2779, 0, 244000, 0, 244000, '2019-06-20', '2019-05-30', 1, 3, '2019-06-09 11:06:20', 2, 50, NULL, 'MENSUALIDAD DE MAYO 2019'),
(26, 2780, 0, 100000, 0, 100000, '2019-06-20', '2019-05-30', 1, 4, '2019-06-09 11:06:16', 2, 11, NULL, 'MENSUALIDAD DE MAYO 2019'),
(27, 2780, 0, 100000, 0, 100000, '2019-06-20', '2019-05-30', 1, 3, '2019-06-09 11:06:42', 2, 11, NULL, 'MENSUALIDAD DE MAYO 2019'),
(28, 2792, 0, 139947, 0, 139947, '2019-06-20', '2019-05-30', 1, 3, '2019-06-09 11:06:23', 2, 37, NULL, 'MENSUALIDAD DE MAYO 2019'),
(29, 2793, 0, 140000, 0, 140000, '2019-06-20', '2019-05-30', 1, 3, '2019-06-09 11:06:44', 2, 75, NULL, 'MENSUALIDAD DE MAYO 2019'),
(30, 2795, 0, 95624, 0, 95624, '0000-00-00', '2019-05-30', 1, 4, '2019-06-10 12:06:03', 2, 44, NULL, 'MENSUALIDAD MAYO 2019'),
(31, 2796, 0, 45145, 0, 45145, '2019-06-20', '2019-05-30', 1, 3, '2019-06-10 12:06:22', 2, 43, NULL, 'MENSUALIDAD DE MAYO 2019'),
(32, 2673, 0, 3500000, 0, 3500000, '2019-06-30', '2019-05-14', 1, 3, '2019-06-10 06:06:21', 2, 33, NULL, 'RENTA AT 2019    \r\nFACTURA N°2673 POR $ 4.720.000\r\nNOTA DE CREDITO N°102 POR $ 1.220.000  MOTIVO: DESCUENTO EXCEPCIONAL RTA AT 2019\r\n'),
(33, 2803, 0, 97382, 0, 97382, '2019-06-20', '2019-05-30', 1, 3, '2019-06-10 09:06:45', 2, 39, NULL, 'MENSUALIDAD DE MAYO 2019'),
(34, 2804, 0, 134117, 0, 134117, '2019-06-20', '2019-05-30', 1, 3, '2019-06-10 09:06:39', 2, 51, NULL, 'MENSUALIDAD DE MAYO 2019'),
(35, 2805, 0, 99728, 0, 99728, '2019-06-20', '2019-05-30', 1, 3, '2019-06-10 10:06:35', 2, 61, NULL, 'MENSUALIDAD DE MAYO 2019'),
(36, 2815, 0, 15391, 0, 15391, '2019-06-20', '2019-05-30', 1, 3, '2019-06-10 10:06:29', 2, 81, NULL, 'MAYO 2019'),
(37, 2773, 0, 78720, 0, 78720, '2019-06-20', '2019-05-30', 1, 3, '2019-06-10 10:06:55', 2, 10, NULL, ''),
(38, 2648, 0, 62980, 0, 62980, '2019-06-20', '2019-05-30', 1, 4, '2019-06-10 10:06:31', 2, 12, NULL, ''),
(39, 2774, 0, 62980, 0, 62980, '2019-06-20', '2019-05-30', 1, 3, '2019-06-10 10:06:50', 2, 12, NULL, ''),
(40, 2775, 0, 120705, 0, 120705, '2019-06-20', '2019-05-30', 1, 3, '2019-06-10 10:06:53', 2, 65, NULL, ''),
(41, 2768, 0, 86247, 0, 86247, '2019-06-20', '2019-05-30', 1, 3, '2019-06-11 05:06:44', 2, 27, NULL, 'MENSUALIDAD DE MAYO 2019'),
(42, 2772, 0, 205200, 0, 205200, '2019-06-20', '2019-05-30', 1, 3, '2019-06-11 05:06:28', 2, 25, NULL, 'MENSUALIDAD DE MAYO 2019'),
(43, 2795, 0, 95624, 0, 95624, '2019-06-20', '2019-05-30', 1, 3, '2019-06-11 05:06:10', 2, 44, NULL, 'MENSUALIDAD DE MAYO 2019'),
(44, 2782, 0, 0, 0, 0, '2019-06-20', '2019-05-30', 1, 4, '2019-06-11 08:06:18', 2, 7, NULL, 'MENSUALIDAD DE MAYO 2019  RMR'),
(45, 2782, 0, 36937, 0, 36937, '2019-06-20', '2019-05-30', 1, 3, '2019-06-11 09:06:13', 2, 7, NULL, 'MENSUALIDAD DE MAYO 2019'),
(46, 2781, 0, 26677, 0, 26677, '2019-06-20', '2019-05-30', 1, 3, '2019-06-11 09:06:21', 2, 82, NULL, ''),
(47, 2784, 0, 53353, 0, 53353, '2019-06-20', '2019-05-30', 1, 3, '2019-06-11 09:06:47', 2, 16, NULL, 'MENSUALIDAD DE MAYO 2019'),
(48, 2783, 0, 29915, 0, 29915, '2019-06-20', '2019-05-30', 1, 3, '2019-06-11 09:06:44', 2, 83, NULL, 'MENSUALIDAD DE MAYO 2019'),
(49, 2785, 0, 125955, 0, 125955, '2019-06-20', '2019-05-30', 1, 3, '2019-06-11 09:06:03', 2, 8, NULL, 'MENSUALIDAD DE MAYO 2019'),
(50, 2786, 0, 76889, 0, 76889, '2019-06-20', '2019-05-30', 1, 3, '2019-06-11 09:06:40', 2, 15, NULL, 'MENSUALIDAD DE MAYO  2019'),
(51, 2637, 0, 1026000, 0, 1026000, '2019-05-30', '2019-04-30', 1, 3, '2019-06-11 10:06:23', 2, 25, NULL, 'OPERACION RENTA AT 2019 EMPRESA FENIX'),
(52, 2638, 0, 205200, 0, 205200, '2019-05-20', '2019-04-30', 1, 3, '2019-06-11 10:06:59', 2, 25, NULL, 'MENSUALIDAD DE MARZO 2019'),
(53, 2639, 0, 205200, 0, 205200, '2019-05-20', '2019-04-30', 1, 3, '2019-06-11 10:06:14', 2, 25, NULL, 'MENSUALIDAD DE ABRIL 2019'),
(54, 2772, 0, 205200, 0, 205200, '2019-06-20', '2019-05-30', 1, 3, '2019-06-11 10:06:13', 2, 25, NULL, 'MENSUALIDAD DE MAYO 2019'),
(55, 2567, 0, 200000, 0, 200000, '2019-03-27', '2019-03-27', 1, 3, '2019-06-11 10:06:22', 2, 25, NULL, 'SERVICIO MODIFICACION DE SOCIEDAD INGENIERIA Y CONST. icFENIX LTDA'),
(56, 2640, 0, 365178, 0, 365178, '2019-05-20', '2019-04-30', 1, 3, '2019-06-11 10:06:15', 2, 84, NULL, 'OPERACION RENTA AT 2019\r\nT N INVERSIONES SOCIEDAD ANONIMA'),
(57, 2595, 0, 1000000, 0, 1000000, '2019-05-30', '2019-04-16', 1, 3, '2019-06-11 10:06:10', 2, 50, NULL, 'OPERACION RENTA AT 2019'),
(58, 2787, 0, 84931, 0, 84931, '2019-06-20', '2019-05-30', 1, 3, '2019-06-11 11:06:31', 2, 13, NULL, 'MENSUALIDAD DE MAYO 2019'),
(59, 2788, 0, 102338, 0, 102338, '2019-06-20', '2019-05-30', 1, 3, '2019-06-11 11:06:14', 2, 85, NULL, 'MENSUALIDAD DE MAYO 2019'),
(60, 2789, 0, 583333, 0, 583333, '2019-06-20', '2019-05-30', 1, 3, '2019-06-11 11:06:46', 2, 33, NULL, 'MENSUALIDAD DE MAYO 2019'),
(61, 2790, 0, 25076, 0, 25076, '2019-06-20', '2019-05-30', 1, 3, '2019-06-11 11:06:00', 2, 35, NULL, 'MENSUALIDAD DE MAYO 2019'),
(62, 2791, 0, 58312, 0, 58312, '2019-06-20', '2019-05-30', 1, 3, '2019-06-11 11:06:14', 2, 42, NULL, 'MENSUALIDAD DE MAYO 2019'),
(63, 2797, 0, 53353, 0, 53353, '2019-06-20', '2019-05-30', 1, 3, '2019-06-11 11:06:36', 2, 47, NULL, 'MENSUALIDAD DE MAYO 2019'),
(64, 2798, 0, 87468, 0, 87468, '2019-06-20', '2019-05-30', 1, 3, '2019-06-11 11:06:46', 2, 48, NULL, 'MENSUALIDAD DE MAYO 2019'),
(65, 2800, 0, 225000, 0, 225000, '2019-06-20', '2019-05-30', 1, 3, '2019-06-11 11:06:30', 2, 14, NULL, 'MENSUALIDAD DE MAYO 2019'),
(66, 2801, 0, 61561, 0, 61561, '2019-06-20', '2019-05-30', 1, 3, '2019-06-11 11:06:50', 2, 59, NULL, 'MENSUALIDAD DE MAYO 2019 '),
(67, 2659, 0, 1225000, 0, 1225000, '2019-05-30', '2019-04-30', 1, 3, '2019-06-12 08:06:12', 2, 30, NULL, 'OP. RENTA AT 2019'),
(68, 2658, 0, 350000, 0, 350000, '2019-05-20', '2019-04-30', 1, 3, '2019-06-12 08:06:03', 2, 30, NULL, 'mensualidad de abril 2019'),
(69, 2590, 0, 148000, 0, 148000, '2019-04-30', '2019-03-30', 1, 3, '2019-06-12 08:06:38', 2, 68, NULL, 'OPERACION RENTA AT 2019'),
(70, 2814, 0, 70282, 0, 70282, '2019-06-20', '2019-05-30', 1, 3, '2019-06-12 09:06:30', 2, 52, NULL, 'MENSUALIDAD DE MAYO 2019'),
(71, 2744, 0, 50000, 0, 50000, '2019-05-20', '2019-05-15', 1, 3, '2019-06-14 04:06:47', 2, 60, NULL, 'MENSUALIDAD DE MARZO 2019'),
(72, 2745, 0, 50000, 0, 50000, '2019-05-20', '2019-05-15', 1, 3, '2019-06-14 04:06:44', 2, 60, NULL, 'MENSUALIDAD DE ABRIL 2019'),
(73, 2807, 0, 50000, 0, 50000, '2019-06-20', '2019-05-30', 1, 3, '2019-06-14 04:06:35', 2, 60, NULL, 'MENSUALIDAD DE MAYO 2019'),
(74, 2672, 0, 477792, 0, 477792, '2019-05-30', '2019-05-14', 1, 3, '2019-06-14 04:06:48', 2, 60, NULL, 'OPERACION RENTA AT 2019'),
(75, 2611, 0, 96000, 0, 96000, '2019-04-30', '2019-04-23', 1, 3, '2019-06-14 04:06:16', 2, 60, NULL, 'SERVICIO LABORAL MESES DE: ENERO, FEBRERO Y MARZO 2019'),
(76, 2808, 0, 33000, 0, 33000, '2019-06-20', '2019-05-30', 1, 3, '2019-06-14 04:06:58', 2, 60, NULL, 'SERVICIO LABORAL ABRIL 2019'),
(77, 2746, 0, 60000, 0, 60000, '2019-05-20', '2019-05-15', 1, 3, '2019-06-14 05:06:49', 2, 49, NULL, 'MENSUALIDAD DE MARZO 2019'),
(78, 2747, 0, 60000, 0, 60000, '2019-05-20', '2019-05-15', 1, 3, '2019-06-14 05:06:29', 2, 49, NULL, 'MENSUALIDAD DE ABRIL 2019'),
(79, 2809, 0, 60000, 0, 60000, '2019-06-20', '2019-05-30', 1, 3, '2019-06-14 05:06:07', 2, 49, NULL, 'MENSUALIDAD DE MAYO 2019'),
(80, 2810, 0, 38989, 0, 38989, '2019-06-20', '2019-05-30', 1, 3, '2019-06-14 05:06:44', 2, 66, NULL, 'MENSUALIDAD DE MAYO 2019'),
(81, 2811, 0, 25651, 0, 25651, '2019-06-20', '2019-05-30', 1, 3, '2019-06-14 05:06:25', 2, 70, NULL, 'MENSUALIDAD DE MAYO 2019'),
(82, 2812, 0, 70282, 0, 70282, '2019-06-20', '2019-05-30', 1, 3, '2019-06-14 05:06:47', 2, 71, NULL, 'MENSUALIDAD DE MAYO 2019'),
(83, 2806, 0, 35911, 0, 35911, '2019-06-20', '2019-05-30', 1, 3, '2019-06-14 06:06:20', 2, 62, NULL, 'MENSUALIDAD DE MAYO 2019'),
(84, 2813, 0, 58483, 0, 58483, '2019-06-20', '2019-05-30', 1, 3, '2019-06-14 06:06:10', 2, 78, NULL, 'MENSUALIDAD DE MAYO 2019'),
(85, 2802, 0, 147766, 0, 147766, '2019-06-20', '2019-05-30', 1, 3, '2019-06-14 06:06:03', 2, 20, NULL, 'MENSUALIDAD DE MAYO 2019'),
(86, 2799, 0, 45145, 0, 45145, '2019-06-20', '2019-05-30', 1, 4, '2019-06-14 06:06:54', 2, 54, NULL, 'MENSUALIDAD DE MAYO 2019'),
(87, 2652, 0, 209920, 0, 209920, '2019-05-20', '2019-04-30', 1, 4, '2019-06-14 06:06:12', 2, 64, NULL, 'MENSUALIDAD DE ABRIL 2019'),
(88, 2652, 0, 209920, 0, 209920, '2019-05-20', '2019-04-30', 1, 4, '2019-06-14 06:06:53', 2, 64, NULL, 'MENSUALIDAD DE MARZO 2019'),
(89, 2653, 0, 209920, 0, 209920, '2019-05-20', '2019-04-30', 1, 4, '2019-06-14 06:06:47', 2, 64, NULL, 'MENSUALIDAD DE ABRIL 2019'),
(90, 2651, 0, 734720, 0, 734720, '2019-05-20', '2019-04-30', 1, 3, '2019-06-14 06:06:58', 2, 64, NULL, 'OPERACION RENTA AT 2019'),
(91, 2652, 0, 297920, 0, 297920, '2019-04-30', '2019-04-30', 1, 3, '2019-06-14 06:06:21', 2, 64, NULL, 'MENSUALIDAD DE MARZO 2019'),
(92, 2653, 0, 281920, 0, 281920, '2019-05-20', '2019-04-30', 1, 3, '2019-06-14 06:06:59', 2, 64, NULL, 'MENSUALIDAD DE ABRIL 2019'),
(93, 2663, 0, 100000, 0, 100000, '2019-05-20', '2019-04-30', 1, 3, '2019-06-14 06:06:16', 2, 11, NULL, 'mensualidad de ABRIL 2019'),
(94, 2662, 0, 100000, 0, 100000, '2019-05-20', '2019-04-30', 1, 3, '2019-06-14 06:06:13', 2, 11, NULL, 'MENSUALIDAD DE MARZO 2019'),
(95, 2614, 0, 350000, 0, 350000, '2019-04-30', '2019-04-23', 1, 3, '2019-06-17 05:06:06', 2, 1, NULL, 'OPERACION RENTA AT 2019'),
(96, 2663, 0, 100000, 0, 100000, '2019-05-20', '2019-04-30', 1, 3, '2019-06-18 07:06:01', 2, 11, NULL, 'MENSUALIDAD DE ABRIL 2019\r\n'),
(97, 2608, 0, 368551, 0, 368551, '2019-05-20', '2019-04-23', 1, 3, '2019-06-19 04:06:41', 2, 55, NULL, 'OPERACION RENTA AT 2019'),
(98, 2609, 0, 502443, 0, 502443, '2019-05-20', '2019-04-23', 1, 3, '2019-06-19 04:06:16', 2, 85, NULL, 'OPERACION RENTA AT 2019'),
(99, 163, 547348, 0, 60816, 608164, '2019-05-20', '2019-04-23', 2, 3, '2019-06-19 08:06:12', 2, 57, NULL, 'OPERACION RENTA AT 2019'),
(100, 2816, 0, 19775, 0, 19775, '2019-06-19', '2019-06-19', 1, 3, '2019-06-19 09:06:06', 2, 20, NULL, 'regulariza diferencia enero a mayo 2019 no facturada por hyr'),
(101, 2817, 0, 151721, 0, 151721, '2019-07-20', '2019-06-30', 1, 3, '2019-06-19 09:06:02', 2, 20, NULL, 'MENSUALIDAD DE JUNIO 2019'),
(102, 2818, 0, 85501, 0, 85501, '2019-06-20', '2019-06-20', 1, 3, '2019-06-20 04:06:58', 2, 1, NULL, 'MENSUALIDAD DE MAYO 2019'),
(103, 2819, 0, 85501, 0, 85501, '2019-07-20', '2019-06-30', 1, 3, '2019-06-20 04:06:17', 2, 1, NULL, 'MENSUALIDAD DE JUNIO 2019'),
(104, 2820, 0, 111613, 0, 111613, '2019-07-20', '2019-06-25', 1, 4, '2019-06-25 04:06:45', 2, 4, NULL, 'MENSUALIDAD DE JUNIO 2019'),
(105, 183, 46171, 0, 5130, 51301, '2019-06-20', '2019-06-30', 2, 4, '2019-06-26 02:06:17', 2, 77, NULL, 'MENSUALIDAD DE JUNIO 2019'),
(106, 184, 30781, 0, 3420, 34201, '2019-07-20', '2019-06-30', 2, 3, '2019-06-26 02:06:10', 2, 76, NULL, 'MENSUALIDAD DE JUNIO 2019'),
(107, 185, 87211, 0, 9690, 96901, '2019-07-20', '2019-06-30', 2, 3, '2019-06-26 02:06:39', 2, 57, NULL, 'MENSUALIDAD DE JUNIO 2019'),
(108, 186, 117991, 0, 13110, 131101, '2019-07-20', '2019-06-30', 2, 1, '2019-06-26 02:06:04', 2, 21, NULL, 'MENSUALIDAD DE JUNIO 2019'),
(109, 187, 35911, 0, 3990, 39901, '2019-07-20', '2019-06-30', 2, 1, '2019-06-26 02:06:18', 2, 32, NULL, 'MENSUALIDAD DE JUNIO 2019'),
(110, 188, 108000, 0, 12000, 120000, '2019-07-20', '2019-06-30', 2, 3, '2019-06-26 02:06:29', 2, 73, NULL, 'MENSUALIDAD DE JUNIO 2019'),
(111, 183, 46171, 0, 5130, 51301, '2019-07-20', '2019-06-30', 2, 3, '2019-06-26 02:06:24', 2, 77, NULL, 'MENSUALIDAD DE JUNIO 2019'),
(112, 189, 54892, 0, 6099, 60991, '2019-07-20', '2019-06-30', 2, 1, '2019-06-26 02:06:04', 2, 45, NULL, 'MENSUALIDAD DE JUNIO 2019'),
(113, 2593, 0, 514361, 0, 514361, '2019-04-30', '2019-04-12', 1, 3, '2019-06-27 07:06:25', 2, 48, NULL, 'OPERACION RENTA AT 2019'),
(114, 2821, 0, 120705, 0, 120705, '2019-07-20', '2019-06-28', 1, 3, '2019-06-28 07:06:07', 2, 65, NULL, 'MENSUALIDAD DE JUNIO 2019'),
(115, 165, 490188, 0, 54465, 544653, '2019-05-30', '2019-04-23', 2, 3, '2019-06-28 07:06:20', 2, 45, NULL, 'OPERACION RENTA AT 2019'),
(116, 2654, 0, 1046086, 0, 1046086, '2019-04-30', '2019-04-30', 1, 3, '2019-06-30 05:06:59', 2, 28, NULL, 'OPERACIÓN RENTA AT 2019'),
(117, 2819, 0, 85501, 0, 85501, '2019-07-20', '2019-06-30', 1, 4, '2019-06-30 05:06:31', 2, 1, NULL, 'MENSUALIDAD DE JUNIO 2019'),
(118, 2822, 0, 111613, 0, 111613, '2019-07-20', '2019-06-30', 1, 3, '2019-06-30 05:06:11', 2, 5, NULL, 'MENSUALIDAD DE JUNIO 2019'),
(119, 2820, 0, 111613, 0, 111613, '2019-07-20', '2019-06-25', 1, 3, '2019-06-30 05:06:14', 2, 4, NULL, 'MENSUALIDAD DE JUNIO 2019'),
(120, 2823, 0, 139517, 0, 139517, '2019-07-20', '2019-06-30', 1, 3, '2019-06-30 09:06:41', 2, 6, NULL, 'MENSUALIDAD DE JUNIO 2019'),
(121, 2824, 0, 83969, 0, 83969, '2019-07-20', '2019-06-30', 1, 3, '2019-06-30 10:06:04', 2, 9, NULL, 'MENSUALIDAD DE JUNIO 2019'),
(122, 2825, 0, 86247, 0, 86247, '2019-07-20', '2019-06-30', 1, 3, '2019-06-30 10:06:39', 2, 27, NULL, 'MENSUALIDAD DE JUNIO 2019'),
(123, 2826, 0, 32351, 0, 32351, '2019-07-20', '2019-06-30', 1, 3, '2019-06-30 10:06:19', 2, 29, NULL, 'MENSUALIDAD DE JUNIO 2019'),
(124, 2827, 0, 170037, 0, 170037, '2019-07-20', '2019-06-30', 1, 3, '2019-06-30 10:06:12', 2, 63, NULL, 'MENSUALIDAD DE JUNIO 2019'),
(125, 2828, 0, 153900, 0, 153900, '2019-07-20', '2019-06-30', 1, 3, '2019-06-30 10:06:26', 2, 3, NULL, 'MENSUALIDAD DE JUNIO 2019'),
(126, 2829, 0, 205200, 0, 205200, '2019-07-20', '2019-06-30', 1, 3, '2019-06-30 10:06:07', 2, 25, NULL, 'MENSUALIDAD DE JUNIO 2019'),
(127, 2830, 0, 78720, 0, 78720, '2019-07-20', '2019-06-30', 1, 3, '2019-06-30 10:06:56', 2, 10, NULL, 'MENSUALIDAD DE JUNIO 2019'),
(128, 2831, 0, 509000, 0, 509000, '2019-07-20', '2019-06-30', 1, 3, '2019-06-30 10:06:54', 2, 17, NULL, 'MENSUALIDAD DE JUNIO 2019'),
(129, 2832, 0, 62980, 0, 62980, '2019-07-20', '2019-06-30', 1, 3, '2019-06-30 10:06:32', 2, 12, NULL, 'MENSUALIDAD DE JUNIO 2019'),
(130, 2833, 0, 244000, 0, 244000, '2019-07-20', '2019-06-30', 1, 3, '2019-06-30 10:06:16', 2, 50, NULL, 'MENSUALIDAD DE JUNIO 2019'),
(131, 2834, 0, 205200, 0, 205200, '2019-07-20', '2019-06-30', 1, 3, '2019-06-30 10:06:13', 2, 28, NULL, 'MENSUALIDAD DE JUNIO 2019'),
(132, 2835, 0, 350000, 0, 350000, '2019-07-20', '2019-06-30', 1, 3, '2019-06-30 10:06:11', 2, 30, NULL, 'MENSUALIDAD DE JUNIO 2019'),
(133, 2836, 0, 100000, 0, 100000, '2019-07-20', '2019-06-30', 1, 3, '2019-06-30 10:06:46', 2, 11, NULL, 'MENSUALIDAD DE JUNIO 2019'),
(134, 2837, 0, 26677, 0, 26677, '2019-07-20', '2019-06-30', 1, 3, '2019-07-01 07:07:50', 2, 82, NULL, 'MENSUALIDAD DE JUNIO 2019'),
(135, 2838, 0, 36937, 0, 36937, '2019-07-20', '2019-06-30', 1, 3, '2019-07-01 07:07:07', 2, 7, NULL, 'MENSUALIDAD DE JUNIO 2019'),
(136, 2839, 0, 29915, 0, 29915, '2019-07-20', '2019-06-30', 1, 3, '2019-07-01 07:07:45', 2, 83, NULL, 'MENSUALIDAD DE JUNIO 2019'),
(137, 2840, 0, 53353, 0, 53353, '2019-07-20', '2019-06-30', 1, 3, '2019-07-01 07:07:35', 2, 16, NULL, 'MENSUALIDAD DE JUNIO 2019'),
(138, 2841, 0, 125955, 0, 125955, '2019-07-20', '2019-06-30', 1, 3, '2019-07-01 07:07:25', 2, 8, NULL, 'MENSUALIDAD DE JUNIO 2019'),
(139, 2842, 0, 76889, 0, 76889, '2019-07-20', '2019-06-30', 1, 3, '2019-07-01 07:07:02', 2, 15, NULL, 'MENSUALIDAD DE JUNIO 2019'),
(140, 2843, 0, 84931, 0, 84931, '2019-07-20', '2019-06-30', 1, 3, '2019-07-01 07:07:51', 2, 13, NULL, 'MENSUALIDAD DE JUNIO 2019'),
(141, 2844, 0, 102338, 0, 102338, '2019-07-20', '2019-06-30', 1, 3, '2019-07-01 07:07:03', 2, 85, NULL, 'MENSUALIDAD DE JUNIO 2019'),
(142, 2845, 0, 583333, 0, 583333, '2019-07-20', '2019-06-30', 1, 3, '2019-07-01 08:07:00', 2, 33, NULL, 'MENSUALIDAD DE JUNIO 2019'),
(143, 2846, 0, 25076, 0, 25076, '2019-07-20', '2019-06-30', 1, 3, '2019-07-01 08:07:39', 2, 35, NULL, 'MENSUALIDAD DE JUNIO 2019'),
(144, 2847, 0, 58312, 0, 58312, '2019-07-20', '2019-06-30', 1, 3, '2019-07-01 08:07:56', 2, 42, NULL, 'MENSUALIDAD DE JUNIO 2019'),
(145, 2848, 0, 139947, 0, 139947, '2019-07-20', '2019-06-30', 1, 3, '2019-07-01 08:07:04', 2, 37, NULL, 'MENSUALIDAD DE JUNIO 2019'),
(146, 2849, 0, 140000, 0, 140000, '2019-07-20', '2019-06-30', 1, 3, '2019-07-01 08:07:20', 2, 75, NULL, 'MENSUALIDAD DE JUNIO 2019'),
(147, 2850, 0, 160500, 0, 160500, '2019-07-20', '2019-06-30', 1, 3, '2019-07-01 08:07:36', 2, 23, NULL, 'MENSUALIDAD DE JUNIO 2019'),
(148, 2851, 0, 90500, 0, 90500, '2019-07-20', '2019-06-30', 1, 3, '2019-07-01 08:07:35', 2, 34, NULL, 'MENSUALIDAD DE JUNIO 2019'),
(149, 2852, 0, 95624, 0, 95624, '2019-07-20', '2019-06-30', 1, 3, '2019-07-01 09:07:58', 2, 44, NULL, 'MENSUALIDAD DE JUNIO 2019'),
(150, 2853, 0, 45145, 0, 45145, '2019-07-20', '2019-06-30', 1, 3, '2019-07-01 09:07:30', 2, 43, NULL, 'MENSUALIDAD DE JUNIO 2019'),
(151, 2854, 0, 53353, 0, 53353, '2019-07-20', '2019-06-30', 1, 3, '2019-07-01 09:07:02', 2, 47, NULL, 'MENSUALIDAD DE JUNIO 2019'),
(152, 2585, 0, 87468, 0, 87468, '2019-07-20', '2019-06-30', 1, 3, '2019-07-01 09:07:53', 2, 48, NULL, 'MENSUALIDAD DE JUNIO 2019'),
(153, 2856, 0, 45145, 0, 45145, '2019-07-20', '2019-06-30', 1, 4, '2019-07-01 09:07:36', 2, 54, NULL, 'MENSUALIDAD DE JUNIO 2019'),
(154, 2858, 0, 225000, 0, 225000, '2019-07-20', '2019-06-30', 1, 3, '2019-07-01 09:07:18', 2, 14, NULL, 'MENSUALIDAD DE JUNIO 2019'),
(155, 2859, 0, 61561, 0, 61561, '2019-07-20', '2019-06-30', 1, 3, '2019-07-01 09:07:06', 2, 59, NULL, 'MENSUALIDAD DE JUNIO 2019'),
(156, 2860, 0, 97382, 0, 97382, '2019-07-20', '2019-06-30', 1, 3, '2019-07-01 09:07:52', 2, 39, NULL, 'MENSUALIDAD DE JUNIO 2019'),
(157, 2861, 0, 134117, 0, 134117, '2019-07-20', '2019-06-30', 1, 3, '2019-07-01 09:07:15', 2, 51, NULL, 'MENSUALIDAD DE JUNIO 2019'),
(158, 2862, 0, 99728, 0, 99728, '2019-07-20', '2019-06-30', 1, 3, '2019-07-01 09:07:10', 2, 61, NULL, 'MENSUALIDAD DE JUNIO 2019'),
(159, 2863, 0, 35911, 0, 35911, '2019-07-20', '2019-06-30', 1, 3, '2019-07-01 09:07:42', 2, 62, NULL, 'MENSUALIDAD DE JUNIO 2019'),
(160, 2864, 0, 83000, 0, 83000, '2019-07-20', '2019-06-30', 1, 3, '2019-07-01 10:07:53', 2, 60, NULL, 'MENSUALIDAD DE JUNIO $ 50.000.-\r\nSERVICIO LABORAL DE MAYO $33.000.-  (22 TRAB X $1.500)'),
(161, 2865, 0, 60000, 0, 60000, '2019-07-20', '2019-06-30', 1, 1, '2019-07-01 10:07:31', 2, 49, NULL, 'MENSUALIDAD DE JUNIO 2019'),
(162, 2866, 0, 54584, 0, 54584, '2019-07-20', '2019-06-30', 1, 3, '2019-07-01 10:07:54', 2, 2, NULL, 'MENSUALIDAD DE JUNIO 2019'),
(163, 2867, 0, 61561, 0, 61561, '2019-07-20', '2019-06-30', 1, 3, '2019-07-01 10:07:29', 2, 74, NULL, 'MENSUALIDAD DE JUNIO 2019'),
(164, 2868, 0, 38989, 0, 38989, '2019-07-20', '2019-06-30', 1, 3, '2019-07-01 10:07:08', 2, 66, NULL, 'MENSUALIDAD DE JUNIO 2019'),
(165, 2869, 0, 25651, 0, 25651, '2019-07-20', '2019-06-30', 1, 3, '2019-07-01 10:07:27', 2, 70, NULL, 'MENSUALIDAD DE JUNIO 2019'),
(166, 2870, 0, 58483, 0, 58483, '2019-07-20', '2019-06-30', 1, 3, '2019-07-01 10:07:17', 2, 78, NULL, 'MENSUALIDAD DE JUNIO 2019'),
(167, 2871, 0, 70282, 0, 70282, '2019-07-20', '2019-06-30', 1, 3, '2019-07-01 10:07:40', 2, 52, NULL, 'MENSUALIDAD DE JUNIO 2019'),
(168, 2872, 0, 15391, 0, 15391, '2019-07-20', '2019-05-30', 1, 3, '2019-07-01 10:07:59', 2, 81, NULL, 'MENSUALIDAD DE JUNIO 2019'),
(169, 2778, 0, 350000, 0, 350000, '2019-06-20', '2019-05-30', 1, 3, '2019-07-04 02:07:20', 2, 30, NULL, 'MENSUALIDAD DE MAYO 2019'),
(170, 2599, 0, 111565, 0, 111565, '2019-04-30', '2019-04-22', 1, 3, '2019-07-04 02:07:24', 2, 7, NULL, 'OPERACIÓN RENTA AT 2019'),
(171, 2681, 0, 82200, 0, 82200, '2019-05-30', '2019-05-14', 1, 3, '2019-07-04 02:07:04', 2, 83, NULL, 'OPERACIÓN RENTA AT  2019'),
(172, 2684, 0, 353193, 0, 353193, '2019-05-30', '2019-05-14', 1, 3, '2019-07-04 02:07:49', 2, 16, NULL, 'OPERACIÓN RENTA AT 2019'),
(173, 2603, 0, 383263, 0, 383263, '2019-05-30', '2019-04-22', 1, 3, '2019-07-04 02:07:21', 2, 8, NULL, 'OPERACION RENTA AT 2019'),
(174, 2605, 0, 293568, 0, 293568, '2019-05-30', '2019-04-22', 1, 3, '2019-07-04 02:07:59', 2, 8, NULL, 'OPERACION RENTA AT 2019 AGRICOLA   SE FACTURA A PN PARA MAYOR BENEFICIO TRIBUTARIO'),
(175, 2604, 0, 474894, 0, 474894, '2019-05-30', '2019-04-22', 1, 3, '2019-07-04 02:07:45', 2, 8, NULL, 'OPERACION RENTA AT 2019 TRANSPORTES    SE FACTURA A PN PARA MAYOR BENEFICIO TRIBUTARIO'),
(176, 2695, 0, 104609, 0, 104609, '2019-05-30', '2019-05-14', 1, 1, '2019-07-04 03:07:13', 2, 35, NULL, 'OPERACIÓN RENTA AT 2019'),
(177, 2698, 0, 445000, 0, 445000, '2019-05-30', '2019-05-14', 1, 3, '2019-07-04 03:07:37', 2, 42, NULL, 'OPERACIÓN RENTA AT 2019'),
(178, 2600, 0, 74779, 0, 74779, '2019-05-30', '2019-04-22', 1, 3, '2019-07-04 03:07:23', 2, 41, NULL, 'OPERACIÓN RENTA AT 2019'),
(179, 2794, 0, 15904, 0, 15904, '2019-06-20', '2019-05-30', 1, 1, '2019-07-04 03:07:47', 2, 41, NULL, 'MENSUALIDAD DE MAYO 2019'),
(180, 2873, 0, 15904, 0, 15904, '2019-07-20', '2019-06-30', 1, 1, '2019-07-04 03:07:51', 2, 41, NULL, 'MENSUALIDAD DE JUNIO 2019'),
(181, 2580, 0, 113728, 0, 113728, '2019-05-30', '2019-04-04', 1, 3, '2019-07-04 03:07:58', 2, 70, NULL, 'OPERACIÓN RENTA AT 2019'),
(182, 2583, 0, 198685, 0, 198685, '2019-04-30', '2019-04-04', 1, 1, '2019-07-04 03:07:59', 2, 71, NULL, 'OPERACIÓN RENTA AT 2019'),
(183, 158, 681627, 0, 75736, 757363, '2019-05-30', '2019-04-01', 2, 1, '2019-07-04 03:07:22', 2, 21, NULL, 'OPERACIÓN RENTA AT 2019'),
(184, 159, 264905, 0, 29433, 294338, '2019-05-30', '2019-04-01', 2, 3, '2019-07-04 03:07:08', 2, 32, NULL, 'OPERACIÓN RENTA AT 2019'),
(185, 2586, 0, 351410, 0, 351410, '2019-05-30', '2019-04-05', 1, 3, '2019-07-04 04:07:53', 2, 52, NULL, 'OPERACIÓN RENTA AT 2019'),
(186, 2874, 0, 285920, 0, 285920, '2019-07-20', '2019-06-30', 1, 3, '2019-07-08 09:07:39', 2, 64, NULL, 'MENSUALIDAD DE JUNIO 2019'),
(187, 190, 54892, 0, 6099, 60991, '2019-08-20', '2019-07-31', 2, 1, '2019-07-08 10:07:12', 2, 45, NULL, 'MENSUALIDAD DE JULIO 2019'),
(188, 191, 46171, 0, 5130, 51301, '2019-08-20', '2019-07-31', 2, 3, '2019-07-08 10:07:53', 2, 77, NULL, 'MENSUALIDAD DE JULIO 2019'),
(189, 192, 30781, 0, 3420, 34201, '2019-08-20', '2019-07-31', 2, 3, '2019-07-08 10:07:37', 2, 76, NULL, 'MENSUALIDAD DE JULIO 2019'),
(190, 193, 87211, 0, 9690, 96901, '2019-08-20', '2019-07-31', 2, 3, '2019-07-08 10:07:51', 2, 57, NULL, 'MENSUALIDAD DE JULIO 2019'),
(191, 194, 117991, 0, 13110, 131101, '2019-08-20', '2019-07-31', 2, 1, '2019-07-08 10:07:32', 2, 21, NULL, 'MENSUALIDAD DE JULIO 2019'),
(192, 195, 35911, 0, 3990, 39901, '2019-08-20', '2019-07-31', 2, 1, '2019-07-08 10:07:37', 2, 32, NULL, 'MENSUALIDAD DE JULIO 2019'),
(193, 196, 108000, 0, 12000, 120000, '2019-08-20', '2019-07-31', 2, 3, '2019-07-08 10:07:47', 2, 73, NULL, 'MENSUALIDAD DE JULIO 2019'),
(194, 2875, 0, 15391, 0, 15391, '2019-08-20', '2019-07-31', 1, 3, '2019-07-08 10:07:25', 2, 81, NULL, 'MENSUALIDAD DE JULIO 2019'),
(195, 2876, 0, 85501, 0, 85501, '2019-08-20', '2019-07-31', 1, 3, '2019-07-11 10:07:35', 2, 1, NULL, 'MENSUALIDAD DE JULIO 2019'),
(196, 2877, 0, 111814, 0, 111814, '2019-08-20', '2019-07-31', 1, 3, '2019-07-11 10:07:16', 2, 5, NULL, 'MENSUALIDAD DE JULIO 2019'),
(197, 2878, 0, 111814, 0, 111814, '2019-08-20', '2019-07-31', 1, 3, '2019-07-11 10:07:36', 2, 4, NULL, 'MENSUALIDAD DE JULIO 2019'),
(198, 2879, 0, 139767, 0, 139767, '2019-08-20', '2019-07-31', 1, 3, '2019-07-11 10:07:43', 2, 6, NULL, 'MENSUALIDAD DE JULIO 2019'),
(199, 2880, 0, 83969, 0, 83969, '2019-08-20', '2019-07-31', 1, 3, '2019-07-11 10:07:37', 2, 9, NULL, 'MENSUALIDAD DE JULIO 2019'),
(200, 2881, 0, 86247, 0, 86247, '2019-08-20', '2019-07-31', 1, 3, '2019-07-11 10:07:23', 2, 27, NULL, 'MENSUALIDAD DE JULIO 2019'),
(201, 2882, 0, 32351, 0, 32351, '2019-08-20', '2019-07-31', 1, 3, '2019-07-11 10:07:47', 2, 29, NULL, 'MENSUALIDAD DE JULIO 2019'),
(202, 2883, 0, 170037, 0, 170037, '2019-08-20', '2019-07-31', 1, 3, '2019-07-11 10:07:48', 2, 63, NULL, 'MENSUALIDAD DE JULIO 2019'),
(203, 2884, 0, 153900, 0, 153900, '2019-08-20', '2019-07-31', 1, 3, '2019-07-11 10:07:19', 2, 3, NULL, 'MENSUALIDAD DE JULIO 2019'),
(204, 2885, 0, 205200, 0, 205200, '2019-08-20', '2019-07-31', 1, 3, '2019-07-11 10:07:53', 2, 25, NULL, 'MENSUALIDAD DE JULIO 2019'),
(205, 2886, 0, 509000, 0, 509000, '2019-08-20', '2019-07-31', 1, 3, '2019-07-11 10:07:51', 2, 17, NULL, 'MENSUALIDAD DE JULIO 2019'),
(206, 2889, 0, 78720, 0, 78720, '2019-08-20', '2019-07-31', 1, 3, '2019-07-13 02:07:35', 2, 10, NULL, 'MENSUALIDAD DE JULIO 2019'),
(207, 2890, 0, 62980, 0, 62980, '2019-08-20', '2019-07-31', 1, 3, '2019-07-13 02:07:46', 2, 12, NULL, 'MENSUALIDAD DE JULIO 2019'),
(208, 2891, 0, 120705, 0, 120705, '2019-08-20', '2019-07-31', 1, 3, '2019-07-13 02:07:19', 2, 65, NULL, 'MENSUALIDAD DE JULIO 2019'),
(209, 2892, 0, 285920, 0, 285920, '2019-08-20', '2019-07-31', 1, 3, '2019-07-13 02:07:01', 2, 64, NULL, 'MENSUALIDAD DE JULIO 2019  \r\n\r\nNota: La facturación de julio se hizo por anticipado considerando los mismos datos de junio, por lo tanto se emitirá n/c o n/d en caso que corresponda en agosto.  RMR'),
(210, 2893, 0, 350000, 0, 350000, '2019-08-20', '2019-07-31', 1, 3, '2019-07-13 02:07:43', 2, 30, NULL, 'MENSUALIDAD DE JULIO 2019'),
(211, 2894, 0, 205200, 0, 205200, '2019-08-20', '2019-07-31', 1, 3, '2019-07-13 02:07:03', 2, 28, NULL, 'MENSUALIDAD DE JULIO 2019'),
(212, 2895, 0, 244000, 0, 244000, '2019-08-20', '2019-07-31', 1, 3, '2019-07-13 02:07:16', 2, 50, NULL, 'MENSUALIDAD DE JULIO 2019'),
(213, 2895, 0, 100000, 0, 100000, '2019-08-20', '2019-07-31', 1, 4, '2019-07-13 02:07:06', 2, 11, NULL, 'MENSUALIDAD DE JULIO 2019'),
(214, 2896, 0, 100000, 0, 100000, '2019-08-20', '2019-07-31', 1, 3, '2019-07-13 03:07:11', 2, 11, NULL, 'MENSUALIDAD DE JULIO 2019'),
(215, 2897, 0, 160500, 0, 160500, '2019-08-20', '2019-07-31', 1, 3, '2019-07-13 03:07:14', 2, 23, NULL, 'MENSUALIDAD DE JULIO 2019\r\n\r\nNota: Facturación anticipada de julio se hizo con los datos de junio, en agosto se emitira n/c o n/d según sea el caso  RMR'),
(216, 2898, 0, 90500, 0, 90500, '2019-08-20', '2019-07-31', 1, 3, '2019-07-13 03:07:49', 2, 34, NULL, 'MENSUALIDAD DE JULIO 2019\r\n\r\nNota: facturacion de julio se hizo con datos de junio en caso de diferencias se emitira n/c o n/d en agosto  RMR'),
(217, 2899, 0, 26677, 0, 26677, '2019-08-20', '2019-07-31', 1, 3, '2019-07-16 12:07:14', 2, 82, NULL, 'MENSUALIDAD DE JULIO 2019'),
(218, 2900, 0, 36937, 0, 36937, '2019-08-20', '2019-07-31', 1, 3, '2019-07-16 12:07:25', 2, 7, NULL, 'MENSUALIDAD DE JULIO 2019'),
(219, 2901, 0, 29915, 0, 29915, '2019-08-20', '2019-07-31', 1, 3, '2019-07-16 12:07:50', 2, 83, NULL, 'MENSUALIDAD DE JULIO 2019'),
(220, 2902, 0, 53353, 0, 53353, '2019-08-20', '2019-07-31', 1, 3, '2019-07-16 12:07:34', 2, 16, NULL, 'MENSUALIDAD DE JULIO 2019'),
(221, 2903, 0, 125955, 0, 125955, '2019-08-20', '2019-07-31', 1, 3, '2019-07-16 12:07:23', 2, 8, NULL, 'MENSUALIDAD DE JULIO 2019'),
(222, 2904, 0, 76889, 0, 76889, '2019-08-20', '2019-07-31', 1, 3, '2019-07-16 12:07:19', 2, 15, NULL, 'MENSUALIDAD DE JULIO 2019'),
(223, 2905, 0, 84931, 0, 84931, '2019-08-20', '2019-07-31', 1, 3, '2019-07-16 12:07:56', 2, 13, NULL, 'MENSUALIDAD DE JULIO 2019'),
(224, 2906, 0, 102338, 0, 102338, '2019-08-20', '2019-07-31', 1, 3, '2019-07-16 12:07:23', 2, 85, NULL, 'MENSUALIDAD DE JULIO 2019'),
(225, 2907, 0, 583333, 0, 583333, '2019-08-20', '2019-07-31', 1, 3, '2019-07-16 12:07:00', 2, 33, NULL, 'MENSUALIDAD DE JULIO 2019'),
(226, 2908, 0, 139947, 0, 139947, '2019-08-20', '2019-07-31', 1, 3, '2019-07-16 12:07:17', 2, 37, NULL, 'MENSUALIDAD DE JULIO 2019'),
(227, 2909, 0, 140000, 0, 140000, '2019-08-20', '2019-07-31', 1, 3, '2019-07-16 12:07:55', 2, 75, NULL, 'MENSUALIDAD DE JULIO 2019'),
(228, 2910, 0, 25076, 0, 25076, '2019-08-20', '2019-07-31', 1, 3, '2019-07-16 12:07:05', 2, 35, NULL, 'MENSUALIDAD DE JULIO 2019'),
(229, 2646, 0, 188296, 0, 188296, '2019-05-20', '2019-04-30', 1, 3, '2019-07-17 08:07:42', 2, 12, NULL, 'OPERACIÓN RENTA AT 2019'),
(230, 2911, 0, 15904, 0, 15904, '2019-08-20', '2019-07-31', 1, 1, '2019-07-17 08:07:30', 2, 41, NULL, 'MENSUALIDAD DE JULIO 2019'),
(231, 2912, 0, 95624, 0, 95624, '2019-08-20', '2019-07-31', 1, 3, '2019-07-17 08:07:30', 2, 44, NULL, 'MENSUALIDAD DE JULIO 2019'),
(232, 2913, 0, 45145, 0, 45145, '2019-08-20', '2019-07-31', 1, 3, '2019-07-17 08:07:56', 2, 43, NULL, 'MENSUALIDAD DE JULIO 2019'),
(233, 2914, 0, 53353, 0, 53353, '2019-08-20', '2019-07-31', 1, 3, '2019-07-17 08:07:49', 2, 47, NULL, 'MENSUALIDAD DE JULIO 2019'),
(234, 2915, 0, 87468, 0, 87468, '2019-08-20', '2019-07-31', 1, 3, '2019-07-18 04:07:37', 2, 48, NULL, 'MENSUALIDAD DE JULIO 2019'),
(235, 2916, 0, 20000, 0, 20000, '2019-08-20', '2019-07-31', 1, 1, '2019-07-18 05:07:37', 2, 54, NULL, 'MENSUALIDAD DE JULIO 2019'),
(236, 2917, 0, 20000, 0, 20000, '2019-07-31', '2019-07-31', 1, 1, '2019-07-18 05:07:34', 2, 54, NULL, 'MENSUALIDAD DE MAYO 2019'),
(237, 2918, 0, 20000, 0, 20000, '2019-07-31', '2019-07-31', 1, 1, '2019-07-18 05:07:47', 2, 54, NULL, 'MENSUALIDAD DE JUNIO 2019'),
(238, 2919, 0, 225000, 0, 225000, '2019-08-20', '2019-07-31', 1, 3, '2019-07-18 05:07:16', 2, 14, NULL, 'MENSUALIDAD DE JULIO 2019'),
(239, 2920, 0, 61561, 0, 61561, '2019-08-20', '2019-07-31', 1, 3, '2019-07-22 04:07:58', 2, 59, NULL, 'MENSUALIDAD DE JULIO 2019'),
(240, 2921, 0, 151721, 0, 151721, '2019-08-20', '2019-07-31', 1, 3, '2019-07-22 04:07:49', 2, 20, NULL, 'MENSUALIDAD DE JULIO 2019'),
(241, 2922, 0, 97382, 0, 97382, '2019-08-20', '2019-07-31', 1, 3, '2019-07-22 04:07:46', 2, 39, NULL, 'MENSUALIDAD DE JULIO 2019'),
(242, 2923, 0, 134117, 0, 134117, '2019-08-20', '2019-07-31', 1, 3, '2019-07-22 04:07:52', 2, 51, NULL, 'MENSUALIDAD DE JULIO 2019'),
(243, 2924, 0, 99728, 0, 99728, '2019-08-20', '2019-07-31', 1, 3, '2019-07-22 04:07:39', 2, 61, NULL, 'MENSUALIDAD DE JULIO 2019'),
(244, 2925, 0, 35911, 0, 35911, '2019-08-20', '2019-07-31', 1, 3, '2019-07-22 07:07:13', 2, 62, NULL, 'MENSUALIDAD DE JULIO 2019'),
(245, 2926, 0, 55500, 0, 55500, '2019-08-20', '2019-07-31', 1, 3, '2019-07-22 07:07:51', 2, 60, NULL, 'SERVICIO LABORAL MESES:\r\nMAYO 2019 : 22 TRABAJADORES X $1.500= $33.000.-\r\nJUNIO 2019 : 15 TRABAJADORES X $1.500= $22.500.-'),
(246, 2927, 0, 50000, 0, 50000, '2019-08-20', '2019-07-31', 1, 3, '2019-07-22 08:07:47', 2, 60, NULL, 'MENSUALIDAD DE JULIO 2019'),
(247, 2928, 0, 60000, 0, 60000, '2019-08-20', '2019-07-31', 1, 1, '2019-07-22 08:07:30', 2, 49, NULL, 'MENSUALIDAD DE JULIO 2019'),
(248, 2929, 0, 54584, 0, 54584, '2019-08-20', '2019-07-31', 1, 3, '2019-07-22 08:07:35', 2, 2, NULL, 'MENSUALIDAD DE JULIO 2019'),
(249, 2930, 0, 61561, 0, 61561, '2019-08-20', '2019-07-31', 1, 3, '2019-07-22 08:07:37', 2, 74, NULL, 'MENSUALIDAD DE JULIO 2019'),
(250, 2931, 0, 38989, 0, 38989, '2019-08-20', '2019-07-31', 1, 3, '2019-07-22 08:07:25', 2, 66, NULL, 'MENSUALIDAD DE JULIO 2019'),
(251, 2932, 0, 25651, 0, 25651, '2019-08-20', '2019-07-31', 1, 3, '2019-07-22 08:07:12', 2, 70, NULL, 'MENSUALIDAD DE JULIO 2019'),
(252, 2933, 0, 58483, 0, 58483, '2019-08-20', '2019-07-31', 1, 3, '2019-07-22 08:07:48', 2, 78, NULL, 'MENSUALIDAD DE JULIO 2019'),
(253, 2934, 0, 70282, 0, 70282, '2019-08-20', '2019-07-31', 1, 3, '2019-07-22 08:07:20', 2, 52, NULL, 'MENSUALIDAD DE JULIO 2019'),
(254, 2935, 0, 58312, 0, 58312, '2019-08-20', '2019-07-31', 1, 3, '2019-07-22 08:07:47', 2, 42, NULL, 'MENSUALIDAD DE JULIO 2019'),
(255, 275, 0, 535500, 0, 535500, '2019-08-20', '2019-07-31', 1, 4, '2019-07-22 08:07:54', 2, 80, NULL, 'ARRIENDO VEHICULO PEUGEOT\r\nMES: JULIO 2019 PATENTE KVJK12-5'),
(256, 274, 0, 476000, 0, 476000, '2019-07-20', '2019-06-30', 1, 4, '2019-07-22 08:07:03', 2, 80, NULL, 'ARRIENDO VEHICULO PEUGEOT\r\nMES: JUNIO 2019 PATENTE KVJK12-5'),
(257, 273, 0, 386750, 0, 386750, '2019-06-20', '2019-05-30', 1, 4, '2019-07-22 08:07:41', 2, 80, NULL, 'ARRIENDO VEHICULO PEUGEOT\r\nMES: MAYO 2019 PATENTE KVJK12-5'),
(258, 266, 575000, 0, 109250, 684250, '2018-11-20', '2018-10-30', 1, 3, '2019-07-22 08:07:36', 2, 80, NULL, 'ARRIENDO VEHICULO PEUGEOT\r\nMES: OCTUBRE 2019 PATENTE KVJK12-5'),
(259, 267, 500000, 0, 95000, 595000, '2019-01-20', '2018-11-29', 1, 4, '2019-07-22 08:07:31', 2, 80, NULL, 'ARRIENDO VEHICULO PEUGEOT\r\nMES: NOV  2019 PATENTE KVJK12-5'),
(260, 268, 500000, 0, 95000, 595000, '2019-02-20', '2018-12-31', 1, 3, '2019-07-22 08:07:32', 2, 80, NULL, 'ARRIENDO VEHICULO PEUGEOT\r\nMES: DIC 2018 PATENTE KVJK12-5'),
(261, 269, 550000, 0, 104500, 654500, '2019-03-20', '2019-01-31', 1, 3, '2019-07-22 08:07:38', 2, 80, NULL, 'ARRIENDO VEHICULO PEUGEOT\r\nMES: ENERO 2019 PATENTE KVJK12-5'),
(262, 270, 148750, 0, 28262, 177012, '2019-04-20', '2019-02-28', 1, 3, '2019-07-22 08:07:24', 2, 80, NULL, 'ARRIENDO VEHICULO PEUGEOT\r\nMES: FEB 2019 PATENTE KVJK12-5'),
(263, 271, 525000, 0, 99750, 624750, '2019-06-30', '2019-04-30', 1, 4, '2019-07-22 08:07:27', 2, 80, NULL, 'ARRIENDO VEHICULO PEUGEOT\r\nMES: ABRIL 2019 PATENTE KVJK12-5'),
(264, 267, 500000, 0, 95000, 595000, '2019-01-30', '2018-11-29', 1, 3, '2019-07-22 08:07:39', 2, 80, NULL, 'ARRIENDO VEHICULO PEUGEOT\r\nMES: NOV 2018 PATENTE KVJK12-5'),
(265, 271, 525000, 0, 99750, 624750, '2019-06-30', '2019-04-30', 1, 3, '2019-07-22 08:07:22', 2, 80, NULL, 'ARRIENDO VEHICULO PEUGEOT\r\nMES: MARZO 2019 PATENTE KVJK12-5'),
(266, 272, 525000, 0, 99750, 624750, '2019-06-30', '2019-04-30', 1, 3, '2019-07-22 08:07:20', 2, 80, NULL, 'ARRIENDO VEHICULO PEUGEOT\r\nMES: ABRIL 2019 PATENTE KVJK12-5'),
(267, 273, 325000, 0, 61750, 386750, '2019-07-30', '2019-05-30', 1, 3, '2019-07-22 08:07:11', 2, 80, NULL, 'ARRIENDO VEHICULO PEUGEOT\r\nMES: MAYO 2019 PATENTE KVJK12-5'),
(268, 274, 400000, 0, 76000, 476000, '2019-08-30', '2019-06-30', 1, 1, '2019-07-22 08:07:04', 2, 80, NULL, 'ARRIENDO VEHICULO PEUGEOT\r\nMES: JUNIO 2019 PATENTE KVJK12-5'),
(269, 275, 450000, 0, 85500, 535500, '2019-09-30', '2019-07-31', 1, 1, '2019-07-22 08:07:37', 2, 80, NULL, 'ARRIENDO VEHICULO PEUGEOT\r\nMES: JULIO 2019 PATENTE KVJK12-5'),
(270, 2509, 0, 413354, 0, 413354, '2019-03-30', '2019-02-28', 1, 3, '2019-07-23 08:07:27', 2, 6, NULL, 'BALANCE AC 2018'),
(271, 2936, 0, 2120000, 0, 2120000, '2019-10-30', '2019-07-23', 1, 2, '2019-07-23 08:07:55', 2, 50, NULL, 'SALDO REGULARIZACIÓN CONTABLE Y TRIBUTARIA DESDE EL AC 2012 AL AC 2018'),
(272, 2937, 0, 598633, 0, 598633, '2019-09-20', '2019-08-28', 1, 3, '2019-08-28 01:08:26', 2, 17, NULL, 'MENSUALIDAD DE AGOSTO 2019 \r\nMÁS \r\nCOTIZACIONES LUZ PEREZ $ 82.406\r\nDIF COTIZ ISAPRE MAS VIDA PAMELA SAAVEDRA $7.227.-  (REMUNERACION DE FEBRERO 2018)'),
(273, 2938, 0, 111972, 0, 111972, '2019-09-20', '2019-08-30', 1, 3, '2019-08-28 01:08:38', 2, 4, NULL, 'MENSUALIDAD DE AGOSTO 2019'),
(274, 2944, 0, 170037, 0, 170037, '2019-09-20', '2019-08-30', 1, 3, '2019-08-28 05:08:41', 2, 63, NULL, 'MENSUALIDAD DE AGOSTO 2019'),
(275, 2945, 0, 205200, 0, 205200, '2019-09-20', '2019-08-30', 1, 3, '2019-08-28 05:08:16', 2, 25, NULL, 'MENSUALIDAD DE AGOSTO 2019'),
(276, 201, 108000, 0, 12000, 120000, '2019-09-20', '2019-08-29', 2, 3, '2019-08-29 04:08:50', 2, 73, NULL, 'MENSUALIDAD DE AGOSTO 2019'),
(277, 2946, 0, 120705, 0, 120705, '2019-09-20', '2019-08-30', 1, 3, '2019-09-02 09:09:13', 2, 65, NULL, 'MENSUALIDAD DE AGOSTO 2019'),
(278, 2947, 0, 86247, 0, 86247, '2019-09-20', '2019-08-30', 1, 3, '2019-09-02 09:09:53', 2, 27, NULL, 'MENSUALIDAD DE AGOSTO 2019'),
(279, 2948, 0, 32351, 0, 32351, '2019-09-20', '2019-08-30', 1, 3, '2019-09-02 09:09:31', 2, 29, NULL, 'MENSUALIDAD DE AGOSTO 2019'),
(280, 2949, 0, 153900, 0, 153900, '2019-09-20', '2019-08-30', 1, 3, '2019-09-02 09:09:46', 2, 3, NULL, 'MENSUALIDAD DE AGOSTO 2019'),
(281, 2940, 0, 111972, 0, 111972, '2019-09-20', '2019-08-30', 1, 3, '2019-09-03 08:09:52', 2, 5, NULL, 'MENSUALIDAD DE AGOSTO 2019'),
(282, 2950, 0, 78720, 0, 78720, '2019-09-20', '2019-08-30', 1, 3, '2019-09-03 08:09:52', 2, 10, NULL, 'MENSUALIDAD DE AGOSTO 2019'),
(283, 2951, 0, 62980, 0, 62980, '2019-09-20', '2019-08-30', 1, 3, '2019-09-03 08:09:16', 2, 12, NULL, 'MENSUALIDAD DE AGOSTO 2019'),
(284, 2952, 0, 273920, 0, 273920, '2019-09-20', '2019-08-30', 1, 3, '2019-09-03 08:09:53', 2, 64, NULL, 'MENSUALIDAD DE AGOSTO 2019'),
(285, 2953, 0, 205200, 0, 205200, '2019-09-20', '2019-08-30', 1, 3, '2019-09-03 08:09:39', 2, 28, NULL, 'MENSUALIDAD DE AGOSTO 2019'),
(286, 2954, 0, 350000, 0, 350000, '2019-09-20', '2019-08-30', 1, 3, '2019-09-03 08:09:47', 2, 30, NULL, 'MENSUALIDAD DE AGOSTO 2019'),
(287, 2955, 0, 244000, 0, 244000, '2019-09-20', '2019-08-30', 1, 3, '2019-09-03 08:09:39', 2, 50, NULL, 'MENSUALIDAD DE AGOSTO 2019'),
(288, 2956, 0, 100000, 0, 100000, '2019-09-20', '2019-08-30', 1, 3, '2019-09-03 09:09:53', 2, 11, NULL, 'MENSUALIDAD DE AGOSTO 2019'),
(289, 2957, 0, 160500, 0, 160500, '2019-09-20', '2019-08-30', 1, 3, '2019-09-03 09:09:18', 2, 23, NULL, 'MENSUALIDAD DE AGOSTO 2019'),
(290, 2959, 0, 31489, 0, 31489, '2019-09-20', '2019-08-30', 1, 3, '2019-09-03 10:09:56', 2, 55, NULL, 'MENSUALIDAD DE AGOSTO 2019'),
(291, 2960, 0, 70849, 0, 70849, '2019-09-20', '2019-08-30', 1, 3, '2019-09-03 10:09:04', 2, 85, NULL, 'MENSUALIDAD DE AGOSTO 2019'),
(292, 2941, 0, 139965, 0, 139965, '2019-09-20', '2019-08-30', 1, 3, '2019-09-04 05:09:50', 2, 6, NULL, 'MENSUALIDAD DE AGOSTO 2019'),
(293, 2942, 0, 83969, 0, 83969, '2019-09-20', '2019-08-30', 1, 3, '2019-09-04 05:09:34', 2, 9, NULL, 'MENSUALIDAD DE AGOSTO 2019'),
(294, 2961, 0, 26677, 0, 26677, '2019-09-20', '2019-08-30', 1, 3, '2019-09-04 10:09:50', 2, 82, NULL, 'MENSUALIDAD DE AGOSTO 2019'),
(295, 2962, 0, 36937, 0, 36937, '2019-09-20', '2019-08-30', 1, 3, '2019-09-04 10:09:45', 2, 7, NULL, 'MENSUALIDAD DE AGOSTO 2019'),
(296, 2963, 0, 29915, 0, 29915, '2019-09-20', '2019-08-30', 1, 3, '2019-09-04 10:09:32', 2, 83, NULL, 'MENSUALIDAD DE AGOSTO 2019'),
(297, 2964, 0, 53353, 0, 53353, '2019-09-20', '2019-08-30', 1, 3, '2019-09-04 10:09:51', 2, 16, NULL, 'MENSUALIDAD DE AGOSTO 2019'),
(298, 2965, 0, 139947, 0, 139947, '2019-09-20', '2019-08-30', 1, 3, '2019-09-04 10:09:42', 2, 37, NULL, 'MENSUALIDAD DE AGOSTO 2019'),
(299, 2966, 0, 140000, 0, 140000, '2019-09-20', '2019-08-30', 1, 3, '2019-09-04 10:09:19', 2, 75, NULL, 'MENSUALIDAD DE AGOSTO 2019'),
(300, 2967, 0, 427778, 0, 427778, '2019-09-20', '2019-08-30', 1, 4, '2019-09-05 03:09:31', 2, 64, NULL, 'MENSUALIDAD DE AGOSTO 2019'),
(301, 2967, 0, 427778, 0, 427778, '2019-09-24', '2019-09-05', 1, 4, '2019-09-05 03:09:52', 2, 64, NULL, 'ASESORIA TRIBUTARIA \r\n\r\nTrabajo a realizar \r\n\r\n1)    Año tributario 2015\r\na.    Toma de saldo fut  at 2014 y agregados al fut   2015\r\nb.    Rectificatoria renta at 2015 de saldos fut \r\n\r\n2)    Año tri'),
(302, 2968, 0, 125955, 0, 125955, '2019-09-20', '2019-08-30', 1, 3, '2019-09-05 04:09:51', 2, 8, NULL, 'MENSUALIDAD DE AGOSTO 2019'),
(303, 2969, 0, 76889, 0, 76889, '2019-09-20', '2019-08-30', 1, 3, '2019-09-05 04:09:23', 2, 15, NULL, 'MENSUALIDAD DE AGOSTO 2019'),
(304, 2970, 0, 84931, 0, 84931, '2019-09-20', '2019-08-30', 1, 3, '2019-09-05 04:09:00', 2, 13, NULL, 'MENSUALIDAD DE AGOSTO 2019'),
(305, 2971, 0, 583333, 0, 583333, '2019-09-20', '2019-08-30', 1, 3, '2019-09-05 04:09:15', 2, 33, NULL, 'MENSUALIDAD DE AGOSTO 2019'),
(306, 2972, 0, 25076, 0, 25076, '2019-09-20', '2019-08-30', 1, 3, '2019-09-05 04:09:24', 2, 35, NULL, 'MENSUALIDAD DE AGOSTO 2019'),
(307, 2973, 0, 58312, 0, 58312, '2019-09-20', '2019-08-30', 1, 3, '2019-09-05 04:09:34', 2, 42, NULL, 'MENSUALIDAD DE AGOSTO 2019'),
(308, 2974, 0, 15904, 0, 15904, '2019-09-20', '2019-08-30', 1, 1, '2019-09-05 04:09:41', 2, 41, NULL, 'MENSUALIDAD DE AGOSTO 2019'),
(309, 2975, 0, 95624, 0, 95624, '2019-09-20', '2019-08-30', 1, 3, '2019-09-05 04:09:54', 2, 44, NULL, 'MENSUALIDAD DE AGOSTO 2019'),
(310, 276, 0, 624750, 0, 624750, '2019-10-30', '2019-08-30', 1, 1, '2019-09-05 09:09:33', 2, 80, NULL, 'ARRIENDO VEHICULO PEUGEOT\r\nMES: AGOSTO 2019 PATENTE KVJK12-5'),
(311, 197, 46171, 0, 5130, 51301, '2019-09-20', '2019-08-30', 2, 3, '2019-09-07 04:09:08', 2, 77, NULL, 'MENSUALIDAD DE AGOSTO 2019'),
(312, 198, 30781, 0, 3420, 34201, '2019-09-20', '2019-08-30', 2, 3, '2019-09-07 04:09:24', 2, 76, NULL, 'MENSUALIDAD DE AGOSTO 2019'),
(313, 199, 87211, 0, 9690, 96901, '2019-09-20', '2019-08-30', 2, 3, '2019-09-07 04:09:28', 2, 57, NULL, 'MENSUALIDAD DE AGOSTO 2019'),
(314, 2976, 0, 45145, 0, 45145, '2019-09-20', '2019-08-30', 1, 3, '2019-09-07 04:09:53', 2, 43, NULL, 'MENSUALIDAD DE AGOSTO 2019'),
(315, 2977, 0, 53353, 0, 53353, '2019-09-20', '2019-08-30', 1, 3, '2019-09-07 04:09:21', 2, 47, NULL, 'MENSUALIDAD DE AGOSTO 2019'),
(316, 2978, 0, 87468, 0, 87468, '2019-09-20', '2019-08-30', 1, 3, '2019-09-07 04:09:57', 2, 48, NULL, 'MENSUALIDAD DE AGOSTO 2019'),
(317, 2979, 0, 20000, 0, 20000, '2019-09-20', '2019-08-30', 1, 1, '2019-09-07 04:09:35', 2, 54, NULL, 'MENSUALIDAD DE AGOSTO 2019'),
(318, 2980, 0, 225000, 0, 225000, '2019-09-20', '2019-08-30', 1, 3, '2019-09-07 04:09:30', 2, 14, NULL, 'MENSUALIDAD DE AGOSTO 2019'),
(319, 2981, 0, 61561, 0, 61561, '2019-09-20', '2019-08-30', 1, 3, '2019-09-07 04:09:32', 2, 59, NULL, 'MENSUALIDAD DE AGOSTO 2019'),
(320, 2982, 0, 151721, 0, 151721, '2019-09-20', '2019-08-30', 1, 3, '2019-09-07 05:09:12', 2, 20, NULL, 'MENSUALIDAD DE AGOSTO 2019'),
(321, 2983, 0, 97382, 0, 97382, '2019-09-20', '2019-08-30', 1, 3, '2019-09-07 05:09:35', 2, 39, NULL, 'MENSUALIDAD DE AGOSTO 2019'),
(322, 2984, 0, 134117, 0, 134117, '2019-09-20', '2019-08-30', 1, 3, '2019-09-07 05:09:36', 2, 51, NULL, 'MENSUALIDAD DE AGOSTO 2019'),
(323, 2985, 0, 99728, 0, 99728, '2019-09-20', '2019-08-30', 1, 3, '2019-09-07 05:09:06', 2, 61, NULL, 'MENSUALIDAD DE AGOSTO 2019'),
(324, 2986, 0, 35911, 0, 35911, '2019-09-20', '2019-08-30', 1, 3, '2019-09-07 05:09:42', 2, 62, NULL, 'MENSUALIDAD DE AGOSTO 2019'),
(325, 2987, 0, 60000, 0, 60000, '2019-09-20', '2019-08-30', 1, 1, '2019-09-07 05:09:54', 2, 49, NULL, 'MENSUALIDAD DE AGOSTO 2019'),
(326, 2988, 0, 54584, 0, 54584, '2019-09-20', '2019-08-30', 1, 3, '2019-09-07 05:09:32', 2, 2, NULL, 'MENSUALIDAD DE AGOSTO 2019'),
(327, 2989, 0, 61561, 0, 61561, '2019-09-20', '2019-08-30', 1, 3, '2019-09-07 05:09:50', 2, 74, NULL, 'MENSUALIDAD DE AGOSTO 2019'),
(328, 2990, 0, 38989, 0, 38989, '2019-09-20', '2019-08-30', 1, 3, '2019-09-07 05:09:06', 2, 66, NULL, 'MENSUALIDAD DE AGOSTO 2019'),
(329, 2991, 0, 25651, 0, 25651, '2019-09-20', '2019-08-30', 1, 3, '2019-09-07 05:09:50', 2, 70, NULL, 'MENSUALIDAD DE AGOSTO 2019'),
(330, 2992, 0, 58483, 0, 58483, '2019-09-20', '2019-08-30', 1, 3, '2019-09-07 05:09:09', 2, 78, NULL, 'MENSUALIDAD DE AGOSTO 2019'),
(331, 2993, 0, 70282, 0, 70282, '2019-09-20', '2019-08-30', 1, 3, '2019-09-07 05:09:07', 2, 52, NULL, 'MENSUALIDAD DE AGOSTO 2019'),
(332, 2994, 0, 16500, 0, 16500, '2019-09-20', '2019-08-30', 1, 2, '2019-09-09 12:09:36', 2, 60, NULL, 'SERVICIO LABORAL\r\nJULIO 2019   6 TRABAJADORES A $ 1.500 C/U\r\nAGOSTO 2019  5 TRABAJADORES A $ 1.500 C/U'),
(333, 2943, 0, 15391, 0, 15391, '2019-09-20', '2019-08-30', 1, 3, '2019-09-09 03:09:55', 2, 81, NULL, 'MENSUALIDAD DE AGOSTO 2019'),
(334, 2995, 0, 108000, 0, 108000, '2019-09-20', '2019-08-30', 1, 3, '2019-09-09 03:09:56', 2, 34, NULL, 'MENSUALIDAD DE AGOSTO 2019'),
(335, 2939, 0, 85501, 0, 85501, '2019-09-20', '2019-08-30', 1, 3, '2019-09-09 03:09:24', 2, 1, NULL, 'MENSUALIDAD DE AGOSTO 2019'),
(336, 205, 108000, 0, 12000, 120000, '2019-10-20', '2019-09-30', 2, 3, '2019-09-30 08:09:16', 2, 73, NULL, 'MENSUALIDAD DE SEPTIEMBRE 2019'),
(337, 204, 87211, 0, 9690, 96901, '2019-10-22', '2019-09-30', 2, 3, '2019-09-30 09:09:15', 2, 57, NULL, 'MENSUALIDAD DE SEPTIEMBRE 2019'),
(338, 203, 30781, 0, 3420, 34201, '2019-10-20', '2019-09-30', 2, 3, '2019-09-30 09:09:01', 2, 76, NULL, 'MENSUALIDAD DE SEPTIEMBRE  2019'),
(339, 202, 46171, 0, 5130, 51301, '2019-10-20', '2019-09-30', 2, 3, '2019-09-30 09:09:57', 2, 77, NULL, 'MENSUALIDAD DE SEPTIEMBRE 2019'),
(340, 2996, 0, 78720, 0, 78720, '2019-10-20', '2019-09-30', 1, 3, '2019-09-30 09:09:20', 2, 10, NULL, 'MENSUALIDAD DE SEP 2019'),
(341, 2997, 0, 140243, 0, 140243, '2019-10-20', '2019-09-30', 1, 3, '2019-10-01 11:10:49', 2, 6, NULL, 'MENSUALIDAD DE SEP 2019'),
(342, 2998, 0, 112194, 0, 112194, '2019-10-20', '2019-09-30', 1, 3, '2019-10-01 12:10:20', 2, 4, NULL, 'MENSUALIDAD DE SEP 2019'),
(343, 3001, 0, 112194, 0, 112194, '2019-10-20', '2019-09-30', 1, 3, '2019-10-01 05:10:01', 2, 5, NULL, 'MENSUALIDAD DE SEP 2019'),
(344, 3002, 0, 205200, 0, 205200, '2019-10-20', '2019-09-30', 1, 3, '2019-10-01 08:10:24', 2, 25, NULL, 'MENSUALIDAD DE SEP 2019'),
(345, 3003, 0, 15391, 0, 15391, '2019-10-20', '2019-09-30', 1, 3, '2019-10-01 08:10:46', 2, 81, NULL, 'MENSUALIDAD DE SEP 2019'),
(346, 3004, 0, 170037, 0, 170037, '2019-10-20', '2019-09-30', 1, 3, '2019-10-01 08:10:53', 2, 63, NULL, 'MENSUALIDAD DE SEP 2019'),
(347, 3005, 0, 85501, 0, 85501, '2019-10-20', '2019-09-30', 1, 3, '2019-10-01 09:10:22', 2, 1, NULL, 'MENSUALIDAD DE SEP 2019'),
(348, 277, 450000, 0, 85500, 535500, '2019-12-20', '2019-09-30', 1, 1, '2019-10-01 09:10:53', 2, 80, NULL, 'ARRIENDO VEHICULO PEUGEOT\r\nMES: SEP 2019 PATENTE KVJK12-5'),
(349, 3006, 0, 83969, 0, 83969, '2019-10-20', '2019-09-30', 1, 3, '2019-10-01 09:10:04', 2, 9, NULL, 'MENSUALIDAD DE SEP 2019'),
(350, 3007, 0, 153900, 0, 153900, '2019-10-20', '2019-09-30', 1, 3, '2019-10-01 09:10:42', 2, 3, NULL, 'MENSUALIDAD DE SEP 2019'),
(351, 3008, 0, 509000, 0, 509000, '2019-10-20', '2019-09-30', 1, 3, '2019-10-01 09:10:15', 2, 17, NULL, 'MENSUALIDAD DE SEP 2019'),
(352, 3009, 0, 120705, 0, 120705, '2019-10-20', '2019-09-30', 1, 3, '2019-10-01 09:10:45', 2, 65, NULL, 'MENSUALIDAD DE SEP 2019'),
(353, 3010, 0, 350000, 0, 350000, '2019-10-20', '2019-09-30', 1, 1, '2019-10-02 09:10:55', 2, 30, NULL, 'MENSUALIDAD DE SEP 2019'),
(354, 3011, 0, 256000, 0, 256000, '2019-10-20', '2019-09-30', 1, 3, '2019-10-02 09:10:05', 2, 50, NULL, 'MENSUALIDAD DE SEP 2019'),
(355, 3012, 0, 100000, 0, 100000, '2019-10-20', '2019-09-30', 1, 3, '2019-10-02 09:10:10', 2, 11, NULL, 'MENSUALIDAD DE SEP 2019'),
(356, 3013, 0, 160500, 0, 160500, '2019-10-20', '2019-09-30', 1, 3, '2019-10-02 09:10:24', 2, 23, NULL, 'MENSUALIDAD DE SEP 2019'),
(357, 3014, 0, 108000, 0, 108000, '2019-10-20', '2019-09-30', 1, 3, '2019-10-02 09:10:49', 2, 34, NULL, 'MENSUALIDAD DE SEP 2019'),
(358, 3015, 0, 86247, 0, 86247, '2019-10-20', '2019-09-30', 1, 3, '2019-10-03 04:10:28', 2, 27, NULL, 'MENSUALIDAD DE SEP 2019'),
(359, 3016, 0, 32351, 0, 32351, '2019-10-20', '2019-09-30', 1, 3, '2019-10-03 04:10:19', 2, 29, NULL, 'MENSUALIDAD DE SEP 2019'),
(360, 3017, 0, 62980, 0, 62980, '2019-10-20', '2019-09-30', 1, 3, '2019-10-03 04:10:47', 2, 12, NULL, 'MENSUALIDAD DE SEP 2019'),
(361, 3018, 0, 205200, 0, 205200, '2019-10-20', '2019-09-30', 1, 3, '2019-10-04 03:10:35', 2, 28, NULL, 'MENSUALIDAD DE SEP 2019'),
(362, 3019, 0, 26677, 0, 26677, '2019-10-20', '2019-09-30', 1, 3, '2019-10-04 04:10:07', 2, 82, NULL, 'MENSUALIDAD DE SEP 2019'),
(363, 3020, 0, 36937, 0, 36937, '2019-10-20', '2019-09-30', 1, 3, '2019-10-04 04:10:35', 2, 7, NULL, 'MENSUALIDAD DE SEP 2019'),
(364, 3021, 0, 29915, 0, 29915, '2019-10-20', '2019-09-30', 1, 3, '2019-10-04 04:10:07', 2, 83, NULL, 'MENSUALIDAD DE SEP 2019'),
(365, 3022, 0, 53353, 0, 53353, '2019-10-20', '2019-09-30', 1, 3, '2019-10-04 04:10:21', 2, 16, NULL, 'MENSUALIDAD DE SEP 2019'),
(366, 3023, 0, 125955, 0, 125955, '2019-10-20', '2019-09-30', 1, 3, '2019-10-04 04:10:56', 2, 8, NULL, 'MENSUALIDAD DE SEP 2019'),
(367, 3024, 0, 76889, 0, 76889, '2019-10-20', '2019-09-30', 1, 3, '2019-10-04 04:10:40', 2, 15, NULL, 'MENSUALIDAD DE SEP 2019'),
(368, 3025, 0, 84931, 0, 84931, '2019-10-20', '2019-09-30', 1, 3, '2019-10-04 04:10:24', 2, 13, NULL, 'MENSUALIDAD DE SEP 2019');
INSERT INTO `documento` (`id_doc`, `nro_doc`, `monto_afecto_doc`, `monto_exento_doc`, `monto_iva_doc`, `monto_total_doc`, `fec_ven_doc`, `fec_emi_doc`, `tipo_doc`, `est_doc`, `fec_reg_doc`, `usu_reg_doc`, `emp_doc`, `periodo_doc`, `obs_doc`) VALUES
(369, 3026, 0, 31489, 0, 31489, '2019-10-20', '2019-09-30', 1, 3, '2019-10-04 04:10:02', 2, 55, NULL, 'MENSUALIDAD DE SEP 2019'),
(370, 3027, 0, 70849, 0, 70849, '2019-10-20', '2019-09-30', 1, 3, '2019-10-04 04:10:28', 2, 85, NULL, 'MENSUALIDAD DE SEP 2019'),
(371, 3028, 0, 583333, 0, 583333, '2019-10-20', '2019-09-30', 1, 3, '2019-10-04 04:10:04', 2, 33, NULL, 'MENSUALIDAD DE SEP 2019'),
(372, 3029, 0, 25076, 0, 25076, '2019-10-20', '2019-09-30', 1, 3, '2019-10-07 01:10:17', 2, 35, NULL, 'MENSUALIDAD DE SEP 2019'),
(373, 3030, 0, 58312, 0, 58312, '2019-10-20', '2019-09-30', 1, 3, '2019-10-07 01:10:58', 2, 42, NULL, 'MENSUALIDAD DE SEP 2019'),
(374, 3031, 0, 139947, 0, 139947, '2019-10-20', '2019-09-30', 1, 3, '2019-10-07 01:10:21', 2, 37, NULL, 'MENSUALIDAD DE SEP 2019'),
(375, 3032, 0, 140000, 0, 140000, '2019-10-20', '2019-09-30', 1, 3, '2019-10-07 01:10:08', 2, 75, NULL, 'MENSUALIDAD DE SEP 2019'),
(376, 3033, 0, 95624, 0, 95624, '2019-10-20', '2019-09-30', 1, 3, '2019-10-07 05:10:39', 2, 44, NULL, 'MENSUALIDAD DE SEP 2019'),
(377, 3034, 0, 45145, 0, 45145, '2019-10-20', '2019-09-30', 1, 3, '2019-10-07 05:10:20', 2, 43, NULL, 'MENSUALIDAD DE SEP 2019 '),
(378, 3035, 0, 53353, 0, 53353, '2019-10-20', '2019-09-30', 1, 3, '2019-10-07 05:10:48', 2, 47, NULL, 'MENSUALIDAD DE SEP 2019'),
(379, 3036, 0, 87468, 0, 87468, '2019-10-20', '2019-09-30', 1, 3, '2019-10-07 05:10:19', 2, 48, NULL, 'MENSUALIDAD DE SEP 2019'),
(380, 3037, 0, 20000, 0, 20000, '2019-10-20', '2019-09-30', 1, 1, '2019-10-07 05:10:37', 2, 54, NULL, 'MENSUALIDAD DE SEP 2019'),
(381, 3038, 0, 225000, 0, 225000, '2019-10-20', '2019-09-30', 1, 3, '2019-10-07 05:10:07', 2, 14, NULL, 'MENSUALIDAD DE SEP 2019'),
(382, 3039, 0, 61561, 0, 61561, '2019-10-20', '2019-09-30', 1, 3, '2019-10-07 05:10:44', 2, 59, NULL, 'MENSUALIDAD DE SEP 2019'),
(383, 3040, 0, 151721, 0, 151721, '2019-10-20', '2019-09-30', 1, 3, '2019-10-07 05:10:01', 2, 20, NULL, 'MENSUALIDAD DE SEP 2019'),
(384, 3041, 0, 97382, 0, 97382, '2019-10-20', '2019-09-30', 1, 3, '2019-10-07 05:10:49', 2, 39, NULL, 'MENSUALIDAD DE SEP 2019'),
(385, 3042, 0, 134117, 0, 134117, '2019-10-20', '2019-09-30', 1, 3, '2019-10-07 05:10:23', 2, 51, NULL, 'MENSUALIDAD DE SEP 2019'),
(386, 3043, 0, 99728, 0, 99728, '2019-10-20', '2019-09-30', 1, 3, '2019-10-07 05:10:59', 2, 61, NULL, 'MENSUALIDAD DE SEP 2019'),
(387, 3044, 0, 35911, 0, 35911, '2019-10-20', '2019-09-30', 1, 3, '2019-10-07 05:10:56', 2, 62, NULL, 'MENSUALIDAD DE SEP 2019'),
(388, 3045, 0, 60000, 0, 60000, '2019-10-20', '2019-09-30', 1, 1, '2019-10-07 05:10:27', 2, 49, NULL, 'MENSUALIDAD DE SEP 2019'),
(389, 3046, 0, 54584, 0, 54584, '2019-10-20', '2019-09-30', 1, 3, '2019-10-07 05:10:26', 2, 2, NULL, 'MENSUALIDAD DE SEP 2019'),
(390, 3047, 0, 61561, 0, 61561, '2019-10-20', '2019-09-30', 1, 3, '2019-10-07 06:10:11', 2, 74, NULL, 'MENSUALIDAD DE SEP 2019'),
(391, 3048, 0, 38989, 0, 38989, '2019-10-20', '2019-09-30', 1, 3, '2019-10-07 06:10:39', 2, 66, NULL, 'MENSUALIDAD DE SEP 2019'),
(392, 3049, 0, 90000, 0, 90000, '2019-10-07', '2019-10-07', 1, 3, '2019-10-07 06:10:18', 2, 60, NULL, 'SERVICIO JURIDICO'),
(393, 3050, 0, 58483, 0, 58483, '2019-10-20', '2019-09-30', 1, 3, '2019-10-07 06:10:29', 2, 78, NULL, 'MENSUALIDAD DE SEP 2019'),
(394, 3051, 0, 70282, 0, 70282, '2019-10-20', '2019-09-30', 1, 3, '2019-10-07 06:10:20', 2, 52, NULL, 'MENSUALIDAD DE SEP 2019'),
(395, 3052, 0, 289920, 0, 289920, '2019-10-20', '2019-10-11', 1, 3, '2019-10-11 12:10:04', 2, 64, NULL, 'MENSUALIDAD DE SEP 2019'),
(396, 206, 46171, 0, 5130, 51301, '2019-11-20', '2019-10-28', 2, 3, '2019-10-28 02:10:22', 2, 77, NULL, 'MENSUALIDAD DE OCTUBRE 2019'),
(397, 207, 30781, 0, 3420, 34201, '2019-11-20', '2019-10-28', 2, 3, '2019-10-28 02:10:11', 2, 76, NULL, 'MENSUALIDAD DE OCTUBRE 2019'),
(398, 208, 87211, 0, 9690, 96901, '2019-11-20', '2019-10-28', 2, 3, '2019-10-28 02:10:47', 2, 57, NULL, 'MENSUALIDAD DE OCTUBRE 2019'),
(399, 209, 108000, 0, 12000, 120000, '2019-11-20', '2019-10-28', 2, 3, '2019-10-28 02:10:32', 2, 73, NULL, 'MENSUALIDAD DE OCTUBRE 2019'),
(400, 3053, 0, 15391, 0, 15391, '2019-11-20', '2019-10-28', 1, 3, '2019-10-28 03:10:47', 2, 81, NULL, 'MENSUALIDAD DE OCTUBRE 2019'),
(401, 3054, 0, 112261, 0, 112261, '2019-11-20', '2019-10-31', 1, 3, '2019-10-28 03:10:16', 2, 5, NULL, 'MENSUALIDAD DE OCTUBRE 2019'),
(402, 3055, 0, 112261, 0, 112261, '2019-11-20', '2019-10-31', 1, 3, '2019-10-28 03:10:55', 2, 4, NULL, 'MENSUALIDAD DE OCTUBRE 2019'),
(403, 3056, 0, 140327, 0, 140327, '2019-11-20', '2019-10-31', 1, 3, '2019-10-28 03:10:13', 2, 6, NULL, 'MENSUALIDAD DE OCTUBRE 2019'),
(404, 3057, 0, 170037, 0, 170037, '2019-11-20', '2019-10-31', 1, 3, '2019-10-28 03:10:52', 2, 63, NULL, 'MENSUALIDAD DE OCTUBRE 2019'),
(405, 3058, 0, 153900, 0, 153900, '2019-11-20', '2019-10-31', 1, 3, '2019-10-28 03:10:18', 2, 3, NULL, 'MENSUALIDAD DE OCTUBRE  2019'),
(406, 3059, 0, 205200, 0, 205200, '2019-11-20', '2019-10-31', 1, 1, '2019-10-28 03:10:49', 2, 25, NULL, 'MENSUALIDAD DE OCTUBRE 2019'),
(407, 3060, 0, 100000, 0, 100000, '2019-11-20', '2019-10-31', 1, 3, '2019-10-28 03:10:18', 2, 11, NULL, 'MENSUALIDAD DE OCTUBRE 2019'),
(408, 3061, 0, 583333, 0, 583333, '2019-11-20', '2019-10-31', 1, 3, '2019-10-28 03:10:03', 2, 33, NULL, 'MENSUALIDAD DE OCTUBRE 2019'),
(409, 3062, 0, 85501, 0, 85501, '2019-11-20', '2019-10-31', 1, 3, '2019-10-29 02:10:54', 2, 1, NULL, 'MENSUALIDAD DE OCTUBRE 2019'),
(410, 278, 550000, 0, 104500, 654500, '2020-01-20', '2019-10-31', 1, 1, '2019-10-29 02:10:52', 2, 80, NULL, 'ARRIENDO VEHICULO PEUGEOT\r\nMES: OCT 2019 PATENTE KVJK12-5'),
(411, 3063, 0, 83969, 0, 83969, '2019-11-20', '2019-10-31', 1, 3, '2019-10-29 03:10:59', 2, 9, NULL, 'MENSUALIDAD OCTUBRE 2019'),
(412, 3064, 0, 86247, 0, 86247, '2019-11-20', '2019-10-31', 1, 3, '2019-10-29 04:10:30', 2, 27, NULL, 'MENSUALIDAD DE OCTUBRE 2019'),
(413, 3065, 0, 78720, 0, 78720, '2019-11-20', '2019-10-31', 1, 3, '2019-11-04 11:11:47', 2, 10, NULL, 'MENSUALIDAD DE OCTUBRE 2019'),
(414, 3066, 0, 509000, 0, 509000, '2019-11-20', '2019-10-31', 1, 1, '2019-11-04 11:11:04', 2, 17, NULL, 'MENSUALIDAD DE OCTUBRE 2019'),
(415, 3067, 0, 62980, 0, 62980, '2019-11-20', '2019-10-31', 1, 2, '2019-11-04 11:11:49', 2, 12, NULL, 'MENSUALIDAD DE OCTUBRE 2019'),
(416, 3068, 0, 120705, 0, 120705, '2019-11-20', '2019-10-31', 1, 1, '2019-11-04 11:11:24', 2, 65, NULL, 'MENSUALIDAD DE OCTUBRE 2019'),
(417, 3069, 0, 205200, 0, 205200, '2019-11-20', '2019-10-31', 1, 1, '2019-11-04 11:11:46', 2, 28, NULL, 'MENSUALIDAD DE OCTUBRE 2019'),
(418, 3070, 0, 350000, 0, 350000, '2019-11-20', '2019-10-31', 1, 1, '2019-11-04 11:11:58', 2, 30, NULL, 'MENSUALIDAD DE OCTUBRE 2019'),
(419, 3071, 0, 256000, 0, 256000, '2019-11-20', '2019-10-31', 1, 3, '2019-11-04 11:11:28', 2, 50, NULL, 'MENSUALIDAD DE OCTUBRE 2019'),
(420, 3072, 0, 157000, 0, 157000, '2019-11-20', '2019-10-31', 1, 3, '2019-11-05 12:11:54', 2, 23, NULL, 'MENSUALIDAD DE OCTUBRE 2019'),
(421, 3073, 0, 104500, 0, 104500, '2019-11-20', '2019-10-31', 1, 3, '2019-11-05 12:11:41', 2, 34, NULL, 'MENSUALIDAD DE OCTUBRE 2019'),
(422, 3074, 0, 26677, 0, 26677, '2019-11-20', '2019-10-31', 1, 3, '2019-11-05 12:11:11', 2, 82, NULL, 'MENSUALIDAD DE OCTUBRE 2019'),
(423, 3075, 0, 36937, 0, 36937, '2019-11-20', '2019-10-31', 1, 1, '2019-11-05 12:11:22', 2, 7, NULL, 'MENSUALIDAD DE OCTUBRE 2019'),
(424, 3076, 0, 280000, 0, 280000, '2018-11-05', '2018-11-05', 1, 3, '2019-11-05 01:11:57', 2, 94, NULL, 'SERVICIO LEGAL.'),
(425, 3077, 0, 600000, 0, 600000, '2020-01-05', '2019-11-05', 1, 2, '2019-11-05 01:11:41', 2, 25, NULL, 'SERVICIO LEGAL DE TRANSFORMACION DE ICFENIX DE SRL A S.A.'),
(426, 3078, 0, 35911, 0, 35911, '2019-11-20', '2019-10-31', 1, 3, '2019-11-06 03:11:20', 2, 62, NULL, 'MENSUALIDAD DE OCTUBRE 2019'),
(427, 3079, 0, 99728, 0, 99728, '2019-11-20', '2019-10-31', 1, 3, '2019-11-06 03:11:49', 2, 61, NULL, 'MENSUALIDAD DE OCTUBRE 2019'),
(428, 3080, 0, 134117, 0, 134117, '2019-11-20', '2019-10-31', 1, 3, '2019-11-06 03:11:57', 2, 51, NULL, 'MENSUALIDAD DE OCTUBRE 2019'),
(429, 3081, 0, 97382, 0, 97382, '2019-11-20', '2019-10-31', 1, 3, '2019-11-06 03:11:19', 2, 39, NULL, 'MENSUALIDAD DE OCTUBRE 2019'),
(430, 3082, 0, 50000, 0, 50000, '2019-11-20', '2019-10-31', 1, 1, '2019-11-06 04:11:55', 2, 60, NULL, 'MENSUALIDAD CONTABLE DE AGOSTO 2019'),
(431, 3083, 0, 50000, 0, 50000, '2019-11-20', '2019-10-31', 1, 1, '2019-11-06 04:11:00', 2, 60, NULL, 'MENSUALIDAD CONTABLE SEP 2019'),
(432, 3084, 0, 50000, 0, 50000, '2019-11-20', '2019-10-31', 1, 1, '2019-11-06 04:11:05', 2, 60, NULL, 'MENSUALIDAD CONTABLE DE OCTUBRE 2019'),
(433, 3085, 0, 151721, 0, 151721, '2019-11-20', '2019-10-31', 1, 3, '2019-11-06 08:11:59', 2, 20, NULL, 'MENSUALIDAD DE OCTUBRE 2019'),
(434, 3086, 0, 60000, 0, 60000, '2019-11-20', '2019-10-31', 1, 1, '2019-11-06 09:11:38', 2, 49, NULL, 'MENSUALIDAD DE OCTUBRE 2019'),
(435, 3087, 0, 54584, 0, 54584, '2019-11-20', '2019-10-31', 1, 3, '2019-11-06 09:11:24', 2, 2, NULL, 'MENSUALIDAD DE OCTUBRE 2019'),
(436, 3088, 0, 61561, 0, 61561, '2019-11-20', '2019-10-31', 1, 3, '2019-11-06 09:11:18', 2, 74, NULL, 'MENSUALIDAD DE OCTUBRE 2019'),
(437, 3089, 0, 38989, 0, 38989, '2019-11-20', '2019-10-31', 1, 3, '2019-11-06 09:11:33', 2, 66, NULL, 'MENSUALIDAD DE OCTUBRE 2019'),
(438, 3090, 0, 58483, 0, 58483, '2019-11-20', '2019-10-31', 1, 3, '2019-11-06 09:11:14', 2, 78, NULL, 'MENSUALIDAD DE OCTUBRE 2019'),
(439, 3091, 0, 70282, 0, 70282, '2019-11-20', '2019-10-31', 1, 3, '2019-11-06 09:11:43', 2, 52, NULL, 'MENSUALIDAD DE OCTUBRE 2019'),
(440, 3092, 0, 61561, 0, 61561, '2019-11-20', '2019-10-31', 1, 3, '2019-11-06 09:11:09', 2, 59, NULL, 'MENSUALIDAD DE OCTUBRE 2019'),
(441, 3093, 0, 225000, 0, 225000, '2019-11-20', '2019-10-31', 1, 3, '2019-11-06 09:11:33', 2, 14, NULL, 'MENSUALIDAD DE OCTUBRE 2019'),
(442, 3094, 0, 20000, 0, 20000, '2019-11-20', '2019-10-31', 1, 4, '2019-11-06 09:11:04', 2, 54, NULL, 'MENSUALIDAD DE OCTUBRE 2019'),
(443, 3095, 0, 87468, 0, 87468, '2019-11-20', '2019-10-31', 1, 3, '2019-11-06 10:11:18', 2, 48, NULL, 'MENSUALIDAD DE OCTUBRE 2019'),
(444, 3096, 0, 53353, 0, 53353, '2019-11-20', '2019-10-31', 1, 3, '2019-11-06 10:11:58', 2, 47, NULL, 'mensualidad de octubre 2019'),
(445, 3097, 0, 45145, 0, 45145, '2019-11-20', '2019-10-31', 1, 3, '2019-11-06 10:11:18', 2, 43, NULL, 'MENSUALIDAD DE OCTUBRE 2019'),
(446, 3098, 0, 95624, 0, 95624, '2019-11-20', '2019-10-31', 1, 3, '2019-11-06 10:11:38', 2, 44, NULL, 'MENSUALIDAD DE OCTUBRE 2019'),
(447, 3099, 0, 144000, 0, 144000, '2019-11-20', '2019-10-31', 1, 4, '2019-11-06 10:11:13', 2, 75, NULL, 'MENSUALIDAD DE OCTUBRE 2019'),
(448, 3100, 0, 139947, 0, 139947, '2019-11-20', '2019-10-31', 1, 3, '2019-11-06 10:11:28', 2, 37, NULL, 'MENSUALIDAD DE OCTUBRE 2019'),
(449, 3101, 0, 29915, 0, 29915, '2019-11-20', '2019-10-31', 1, 3, '2019-11-07 08:11:13', 2, 83, NULL, 'MENSUALIDAD DE OCTUBRE 2019'),
(450, 3102, 0, 53353, 0, 53353, '2019-11-20', '2019-10-31', 1, 3, '2019-11-07 08:11:40', 2, 16, NULL, 'MENSUALIDAD DE OCTUBRE 2019'),
(451, 3103, 0, 76889, 0, 76889, '2019-11-20', '2019-10-31', 1, 1, '2019-11-07 08:11:14', 2, 15, NULL, 'MENSUALIDAD DE OCTUBRE 2019'),
(452, 3104, 0, 84931, 0, 84931, '2019-11-20', '2019-10-31', 1, 3, '2019-11-07 08:11:40', 2, 13, NULL, 'MENSUALIDAD DE OCTUBRE 2019'),
(453, 3105, 0, 31489, 0, 31489, '2019-11-20', '2019-10-31', 1, 3, '2019-11-07 08:11:59', 2, 55, NULL, 'MENSUALIDAD DE OCTUBRE 2019'),
(454, 3106, 0, 70849, 0, 70849, '2019-11-20', '2019-10-31', 1, 3, '2019-11-07 08:11:58', 2, 85, NULL, 'MENSUALIDAD DE OCTUBRE 2019'),
(455, 3107, 0, 25076, 0, 25076, '2019-11-20', '2019-10-31', 1, 3, '2019-11-07 08:11:31', 2, 35, NULL, 'MENSUALIDAD DE OCTUBRE 2019'),
(456, 3108, 0, 58312, 0, 58312, '2019-11-20', '2019-10-31', 1, 1, '2019-11-07 08:11:42', 2, 42, NULL, 'MENSUALIDAD DE OCTUBRE 2019'),
(457, 3109, 0, 32351, 0, 32351, '2019-11-20', '2019-10-31', 1, 3, '2019-11-07 08:11:58', 2, 29, NULL, 'MENSUALIDAD DE OCTUBRE 2019'),
(458, 3110, 0, 281920, 0, 281920, '2019-11-20', '2019-11-13', 1, 3, '2019-11-13 04:11:54', 2, 64, NULL, 'MENSUALIDAD DE OCTUBRE 2019'),
(459, 3111, 0, 25651, 0, 25651, '2019-12-20', '2019-11-13', 1, 1, '2019-11-13 04:11:14', 2, 70, NULL, 'MENSUALIDAD DE SEP 2019'),
(460, 3112, 0, 25651, 0, 25651, '2019-12-20', '2019-11-13', 1, 1, '2019-11-13 05:11:50', 2, 70, NULL, 'MENSUALIDAD DE OCTUBRE 2019'),
(461, 3099, 0, 140000, 0, 140000, '2019-11-20', '2019-10-31', 1, 3, '2019-11-21 01:11:46', 2, 75, NULL, 'MENSUALIDAD DE OCTUBRE 2019'),
(462, 3113, 0, 330000, 0, 330000, '2019-11-22', '2019-11-22', 1, 3, '2019-11-22 03:11:34', 2, 38, NULL, 'SERVICIO LEGAL\r\nESCRITURA DISMINUCIÓN DE CAPITAL'),
(463, 3114, 0, 350000, 0, 350000, '2019-11-26', '2019-11-26', 1, 3, '2019-11-26 03:11:22', 2, 94, NULL, 'SERVICIO CONTABLE Y TRIBUTARIO DE REGULARIZACIÓN VENTA DE VEHÍCULO  '),
(464, 3115, 0, 112889, 0, 112889, '2019-12-20', '2019-11-29', 1, 3, '2019-11-29 03:11:41', 2, 5, NULL, 'MENSUALIDAD DE NOVIEMBRE 2019'),
(465, 3116, 0, 112889, 0, 112889, '2019-12-20', '2019-11-29', 1, 1, '2019-11-29 03:11:56', 2, 4, NULL, 'MENSUALIDAD DE NOV 2019'),
(466, 3117, 0, 141112, 0, 141112, '2019-12-20', '2019-11-29', 1, 3, '2019-11-29 03:11:39', 2, 6, NULL, 'MENSUALIDAD DE NOV 2019'),
(467, 210, 46171, 0, 5130, 51301, '2019-12-20', '2019-11-28', 2, 3, '2019-11-29 03:11:54', 2, 77, NULL, 'MENSUALIDAD DE NOV 2019'),
(468, 3094, 0, 20000, 0, 20000, '2019-11-20', '2019-10-31', 1, 1, '2019-11-29 03:11:51', 2, 54, NULL, 'MENSUALIDAD DE OCTUBRE 2019'),
(469, 3, 0, 25000, 0, 25000, '2019-12-20', '2019-11-29', 1, 1, '2019-11-29 03:11:31', 2, 54, NULL, 'NOTA DEBITO POR DIFERENCIA OCTUBRE 2019     \"POR MOVIMIENTO\"'),
(470, 211, 30781, 0, 3420, 34201, '2019-12-20', '2019-11-28', 2, 3, '2019-11-29 03:11:01', 2, 76, NULL, 'MENSUALIDAD DE NOV 2019'),
(471, 212, 87211, 0, 9690, 96901, '2019-12-20', '2019-11-28', 2, 1, '2019-11-29 03:11:43', 2, 57, NULL, 'MENSUALIDAD DE NOV 2019'),
(472, 213, 108000, 0, 12000, 120000, '2019-12-20', '2019-11-28', 2, 3, '2019-11-29 03:11:25', 2, 73, NULL, 'MENSUALIDAD DE NOV 2019');

-- --------------------------------------------------------

--
-- Estructura de tabla para la tabla `empresa`
--

DROP TABLE IF EXISTS `empresa`;
CREATE TABLE IF NOT EXISTS `empresa` (
  `id_emp` int(11) NOT NULL AUTO_INCREMENT,
  `razon_social_emp` varchar(150) NOT NULL,
  `rut_emp` varchar(10) NOT NULL,
  `cons_soc_emp` date DEFAULT NULL,
  `monto_mensual_emp` int(11) NOT NULL,
  `monto_renta_emp` int(11) NOT NULL,
  `ciudad_emp` int(11) DEFAULT NULL,
  `comuna_emp` int(11) DEFAULT NULL,
  `dir_emp` varchar(150) DEFAULT NULL,
  `reg_trib_emp` int(25) DEFAULT NULL,
  `fec_ini_act_emp` date NOT NULL,
  `mail_emp` varchar(100) DEFAULT NULL,
  `nom_contacto_emp` varchar(150) DEFAULT NULL,
  `patente_comer_emp` int(11) DEFAULT NULL,
  `evaluacion_emp` int(11) DEFAULT NULL,
  `vig_emp` int(11) NOT NULL,
  `fec_cre_emp` datetime DEFAULT NULL,
  `usu_cre_emp` int(11) DEFAULT NULL,
  `clave_previred_emp` varchar(45) DEFAULT NULL,
  `clave_sii_emp` varchar(45) DEFAULT NULL,
  `fac_rea_emp` float DEFAULT NULL,
  `rta_at_emp` int(11) DEFAULT NULL,
  `cod_emp` int(11) DEFAULT NULL,
  `pass_emp` varchar(32) DEFAULT NULL,
  PRIMARY KEY (`id_emp`),
  KEY `fk_usu_emp_idx` (`usu_cre_emp`),
  KEY `fk_reg_trib_emp` (`reg_trib_emp`)
) ENGINE=InnoDB AUTO_INCREMENT=99 DEFAULT CHARSET=latin1;

--
-- Volcado de datos para la tabla `empresa`
--

INSERT INTO `empresa` (`id_emp`, `razon_social_emp`, `rut_emp`, `cons_soc_emp`, `monto_mensual_emp`, `monto_renta_emp`, `ciudad_emp`, `comuna_emp`, `dir_emp`, `reg_trib_emp`, `fec_ini_act_emp`, `mail_emp`, `nom_contacto_emp`, `patente_comer_emp`, `evaluacion_emp`, `vig_emp`, `fec_cre_emp`, `usu_cre_emp`, `clave_previred_emp`, `clave_sii_emp`, `fac_rea_emp`, `rta_at_emp`, `cod_emp`, `pass_emp`) VALUES
(1, 'ACEVEDO MARTINEZ MARTA EUGENIA', '7286259-7', '1993-01-01', 85501, 350000, 61, 6108, 'LA VINILLA 142, MACHALI', 1, '1993-01-01', 'no tiene', 'marta acevedo', 0, 0, 1, '2019-06-05 00:00:00', 1, '1', 'marsot10', 14, 14, 64, 'e10adc3949ba59abbe56e057f20f883e'),
(2, 'AGRICOLA Y TRANSPORTE OSCAR MIGUEL OLGUIN E.I.R.L', '76475060-8', '2006-01-12', 51581, 350000, 61, 6103, 'LIBERTADOR BERNARDO  O´HIGGINS OSCAR GONZALEZ OLGUIN', 3, '2006-03-03', 'rolguin@mfdo.cl', 'Sra Lidia Olguin', 0, 0, 1, '2019-06-05 00:00:00', 1, 'gg', '6727', 0, 14, 103, NULL),
(3, 'ANICH HERMANOS Y CIA LTDA ', '85188300-2', '1993-01-01', 153900, 1200000, 61, 6101, 'ANDRES DE ALCAZAR #411 NICOLAS ENRIQUE ANICH ESPOZ', 1, '1993-01-01', 'comercialanich@gmail.com', 'Nicolás Anich ', 0, 0, 1, '2019-06-05 00:00:00', 1, 'U', 'calderon01', 1, 1, 61, NULL),
(4, 'ASOC CANAL LUCANO', '70584300-7', '1993-01-01', 111050, 150000, 131, 13101, 'INDEPENDENCIA # 333 JOSE EDGARDO RAMON MEZA BANADOS', 8, '1993-01-01', 'canal_lucano@hotmail.com', 'NICOLAS', 0, 0, 1, '2019-06-05 00:00:00', 1, 'cccc', 'lucano70', 155, 44, 162, NULL),
(5, 'ASOC. DE CANALISTAS SAN PEDRO POBL ', '70400000-6', '1993-01-01', 111050, 0, 61, 6101, 'GAMERO #367 CIUDAD RANCAGUA ', 8, '1993-01-01', 'canalsanpedro@gmail.com', 'MARLENE VARGAS', 0, 0, 1, '2019-06-05 00:00:00', 1, 'vvvv', '70400000sp', 165, 14, 15, NULL),
(6, 'ASOC.DE CANAL DE CACHAPOAL ', '70539300-1', '1993-01-01', 138000, 138000, 61, 6101, 'gamero 367 SERGIO RAMON TRONCOSO VERGARA', 8, '1993-01-01', 'canalcachapoal@gmail.com', 'Sr. Rafael Dueñas', 0, 0, 1, '2019-06-05 00:00:00', 1, 'jj', 'canal9300', 0, 9898, 165, NULL),
(7, 'BERRIOS LUIS GUILLERMO', '12366006-4', '2013-09-23', 36937, 150000, 61, 6106, 'H-15 NUEVOS CAMPOS N°8820, INT.', 3, '2013-09-23', 'luis.guillermobc73@gmail.com', 'LUIS GUILLERMO BERRIOS CAMILO', 0, 0, 1, '2019-06-05 00:00:00', 1, '55', '1264', 11, 14, 104, NULL),
(8, 'CERON NUNEZ OSCAR ARMANDO ', '8165283-K', '1997-10-20', 125955, 500000, 62, 6204, 'SAN JOSÉ DE MARCHIGUE S/N , LA', 3, '1997-10-20', 'o.ceron2011@hotmail.com', 'CERON NUNEZ OSCAR ARMANDO', 0, 0, 1, '2019-06-05 00:00:00', 1, '12', 'marsot10', 14, 14, 70, NULL),
(9, 'CLINICA DENTAL DOÑIHUE LTDA. ', '76198896-4', '2012-02-07', 83900, 300000, 61, 6105, 'AVDA RANCAGUA 058 GASPAR FERNANDEZ ORELLANA', 1, '2012-04-26', 'grfernan@uc.cl', 'DR GASPAR FERNANDEZ', 0, 0, 1, '2019-06-05 00:00:00', 1, '11935940x', '76198896sp', 12, 14, 13, NULL),
(10, 'CLINICA INTEGRAL EUDENT LTDA.', '76263914-9', '2013-01-22', 78720, 300000, 131, 13114, 'APOQUINDO 4100 313 ANDRES ROSALES', 1, '2013-02-08', 'andres.rosales.c@gmail.com', 'DR ROSALES ROSALES ', 0, 0, 1, '2019-06-05 00:00:00', 1, '11935940x', '76263914sp', 11, 14, 9, NULL),
(11, 'CLINICA ODONTOLOGICA RIO CLARO SPA ', '76786965-7', '2017-10-04', 100000, 500000, 73, 7301, 'CARMEN #775 BASTIAN ALONSO HANTSCH ROA', 2, '2017-10-16', 'bastian.hantsch@gmail.com', 'Bastian Hantsch ', 0, 0, 1, '2019-06-05 00:00:00', 1, 'FF', '76786965sp', 12, 2, 150, NULL),
(12, 'COMERCIAL MELBAR Y ASOCIADOS LTDA. ', '76377215-2', '2013-06-25', 62980, 500000, 61, 6101, 'AVDA. CACHAPOAL 382 BARRENA ORTIGOSA MARIA LUISA', 1, '2014-05-16', 'barrenaml@hotmail.com', 'Maria Luisa Barrena ', 0, 0, 1, '2019-06-05 00:00:00', 1, '11935940x', '76377215sp', 1, 1, 43, NULL),
(13, 'CONTRERAS REYES ARTURO ', '8147274-2', '2006-03-29', 0, 0, 61, 6101, 'SOTO GRANDE 0583, JORGE', 1, '2006-03-29', '0', '0', 0, 0, 1, '2019-06-05 00:00:00', 1, 'marsot10', 'marsot10', 0, 0, 71, NULL),
(14, 'CORPORACION EDUCACIONAL SAN LORENZO DE MACHALI', '65094862-9', '2017-02-20', 225000, 500000, 61, 6108, 'POB. CENTRAL EDIF. #34 COYA JOCELYN MACARENA ARIAS ORTEGA', 8, '2018-10-01', 'colegiosanlorenzo2258@gmail.com', 'rodrigo cavieres', 88, 77, 1, '2019-06-05 00:00:00', 1, 'marsot10', 'rojo1302', 14, 14, 158, NULL),
(15, 'CORREA LORCA JOSE LUIS', '6653577-0', '2003-05-29', 76889, 150000, 61, 6102, 'MIRAFLORES 1400, CODEGUA', 1, '2003-05-29', 'joseluisford@hotmail.com', 'CORREA JOSÉ LUIS', 0, 111, 1, '2019-06-05 00:00:00', 1, 'marsot10', 'marsot10', 14, 14, 72, NULL),
(16, 'AUDOLINA NUÑEZ OLGUIN', '4070927-4', '2009-06-23', 53353, 150000, 61, 6113, 'PARCELA 3 SAN JOSE MARCHIGUE', 1, '2009-06-23', 'salasceron420@gmail.com ', 'MARTA CERON ', 0, 11, 1, '2019-06-05 00:00:00', 1, '11', '1940', 1, 14, 85, NULL),
(17, 'FARMACEUTICA CRUZ DE ORO Y COMPANIA LTDA', '77697910-4', '2001-12-28', 509000, 1781500, 73, 7301, 'PEÑA 851 CARLOS  HANTSCH STUARDO', 2, '2001-12-28', 'bastian.hantsch@gmail.com', 'Bastian Hantsch ', 0, 0, 1, '2019-06-05 00:00:00', 1, '0', '77697910sp', 111, 14, 38, NULL),
(18, 'FRANCO RAVERA ZUNINO INMOBILIARIA E.I.R.L', '76500063-7', '2015-10-08', 0, 0, 61, 6111, 'ANGEL CRUCHAGA, SANTA MARÍA 007 FRANCO RAVERA ZUNINO', 1, '2015-12-09', 'fraveraz@yahoo.com', 'Franco Ravera', 0, 0, 1, '2019-06-05 00:00:00', 1, '0', 'marsot10', 0, 0, 146, NULL),
(19, 'FUENZALIDA UNDURRAGA MARIA C.', '10782067-1', '1997-02-11', 0, 0, 61, 6116, 'CONDOMINIO GOLF #C 20 CAM LA', 1, '1997-02-11', 'ventasr@ssautos.cl', 'Maria Carolina Fuenzalida Undurraga ', 0, 0, 1, '2019-06-05 00:00:00', 1, '0', 'marsot10', 0, 0, 129, NULL),
(20, 'FUNDACIÓN LA FAMILIA DE MARÍA ', '65099266-0', '2014-09-03', 147766, 1000000, 61, 6101, 'GUILLERMO SAAVEDRA N° 125 VILLA ISABEL ECHEVERRIA RICHARD', 8, '2015-09-24', 'mvalenzuela@familiademaria.cl', 'Marlene Valenzuela', 14, 14, 1, '2019-06-05 00:00:00', 1, '14', 'CAZANN', 14, 14, 101, NULL),
(21, 'GEOCONSULTORES SPA', '76377753-7', '2014-04-28', 131101, 600000, 61, 6101, 'PASAJE BUDY N° 646 - VILLA JOSE DOMINGO ZULETA FLORES', 7, '2014-06-03', 'gerencia@geoconsultor.cl', 'Sra Soledad', 0, 0, 0, '2019-06-05 00:00:00', 1, 'jjj', '251202', 0, 14, 125, NULL),
(22, 'GONZALEZ OSCAR MIGUEL', '11171964-0', '2001-01-01', 0, 0, 61, 6103, 'LIBERTADOR BERNARDO O´HIGGINS N°', 3, '2001-01-01', 'rolguin@mfdo.cl', 'Oscar González Olguín', 0, 0, 0, '2019-06-05 00:00:00', 1, '123', '123', 123, 99, 76, NULL),
(23, 'HC ALIMENTOS SPA', '76858606-3', '2018-04-19', 80000, 500000, 134, 13404, 'KM 40 PANAMERICANA SUR PA #96 HECTOR PERALTA PIZARRO', 2, '2018-04-24', 'hperaltap@gmail.com', 'HECTOR PERALTA PIZARRO', 0, 0, 1, '2019-06-05 00:00:00', 1, '0', '76858606sp', 888, 777, 157, 'e10adc3949ba59abbe56e057f20f883e'),
(24, 'IMPORTADORA GANESH LIMITADA', '76378432-0', '2014-05-19', 0, 0, 61, 6101, 'BRASIL 1036, LOCAL 5 - RGUA CHANDRA KUMAR RELWANI', 1, '2014-06-02', 'importadoraganeshrancagua@gmail.com', 'CHANDRA KUMAR ', 0, 0, 1, '2019-06-05 00:00:00', 1, '0', 'contamarsot', 0, 0, 115, NULL),
(25, 'INGENIERIA Y CONSTRUCCION  FENIX LTDA', '76134977-5', '2010-12-29', 205200, 1000000, 61, 6101, 'GABRIELA MISTRAL #610 EDUARDO BAEZA TERRAZAS', 1, '2011-02-25', 'ebaezat@icfenix.cl', 'Eduardo Baeza Terrazas ', 0, 0, 1, '2019-06-05 00:00:00', 1, 'iii', '76134977sp', 1, 1, 4, NULL),
(26, 'INMOBILIARIA E INVERSIONES LOS ACACIOS LTDA', '76300999-8', '0213-10-03', 0, 0, 61, 6101, 'FREIRE 815 CARLOS  HANTSCH STUARDO', 1, '2013-10-14', 'chantsch@gmail.com', 'Carlos Hanchs Stuardo ', 0, 0, 1, '2019-06-05 00:00:00', 1, '0', '76300999sp', 0, 0, 29, NULL),
(27, 'INMOBILIARIA E INVERSIONES H LOBOS Y COMPANIA LTDA', '78758660-0', '1995-09-07', 86247, 450000, 134, 13402, 'VILLASECA 825 HECTOR MARIO LOBOS LOBOS', 1, '1995-11-16', 'judedilo@gmail.com', 'Don Juan Lobos', 0, 0, 1, '2019-06-05 00:00:00', 1, '11935940x', '78758660sp', 22, 14, 22, NULL),
(28, 'INMOBILIARIA PORVENIR LIMITADA ', '79753730-6', '1993-01-01', 205200, 1000000, 61, 6101, 'GERMAN RIESCO N°302 EDUARDO ANICH ESPOZ', 1, '1993-01-01', 'eanich@gmail.com', 'Eduardo Anich ', 0, 0, 1, '2019-06-05 00:00:00', 1, 'RMUNOZ669', 'julio2012', 232, 22, 57, NULL),
(29, 'INVERSIONES LOBOS PALOMINOS LTDA. ', '76150999-3', '2011-04-04', 32351, 350000, 134, 13402, 'CAMINOS BAJOS DEL MATE S/N LOTE 4 JUAN LOBOS LOBOS', 1, '2011-06-17', 'judedilo@gmail.com', 'Juan de Dios Lobos', 0, 0, 1, '2019-06-05 00:00:00', 1, 'iii', '76150999sp', 1, 1, 14, NULL),
(30, 'INVERSIONES VICTOR MANUEL LIMITADA ', '76277941-2', '2013-06-21', 350000, 1000000, 61, 6101, 'DIEGO DE ALMAGRO N° 2855 VICTOR ZUÑIGA', 2, '2013-07-23', 'alejandromaz75@gmail.com', 'VICTOR ZUÑIGA', 0, 0, 1, '2019-06-05 00:00:00', 1, 'x', '76277941sp', 11, 11, 156, NULL),
(31, 'INVERSIONES, INMOBILIARIA Y COMERCIALIZADORA GANESH LTDA', '76380572-7', '2014-05-23', 0, 0, 61, 6101, 'SANTA MARÍA 391 - RGUA CHANDRA KUMAR RELWANI', 1, '2014-07-01', 'importadoraganeshrancagua@gmail.com', 'CHANDRA KUMAR ', 0, 0, 1, '2019-06-05 00:00:00', 1, '0', 'contamarsot', 0, 0, 116, NULL),
(32, 'JMI  SPA', '76571079-0', '2015-12-07', 39901, 600000, 61, 6101, 'PASAJE BUDY N°646 - VILLA SOLEDAD NUÑEZ VALENZUELA', 7, '2015-12-08', 'gerencia@geoconsultor.cl', 'Sra Soledad', 0, 0, 0, '2019-06-05 00:00:00', 1, 'hhhhh', 'jaelita10', 454, 45454, 126, NULL),
(33, 'KUMAR RELWANI CHANDRA', '9910387-6', '1993-01-01', 583333, 3500000, 61, 6101, 'BRASIL 1059, RCGUA CHANDRA KUMAR RELWANI', 1, '1993-01-01', 'importadoraganeshrancagua@gmail.com', 'CHANDRA KUMAR ', 0, 7, 1, '2019-06-05 00:00:00', 1, 'marsot10', 'contamarsot', 11, 14, 89, NULL),
(34, 'LABOR TRAINING SPA ', '77015998-9', '2019-05-17', 80000, 500000, 61, 6101, 'PACHECO ALTAMIRANO N°02906 VILLA HECTOR PERALTA PIZARRO', 2, '2019-05-17', 'hperaltap@gmail.com', 'Sr Hector Peralta', 0, 0, 1, '2019-06-05 00:00:00', 1, 'jjj', '77015998sp', 999, 88, 167, NULL),
(35, 'LIZAMA VARGAS EFRAIN', '4531227-5', '1993-01-01', 0, 0, 61, 6101, 'SAN PEDRO PJE. 3, DEPTO 907, RGUA', 7, '1993-01-01', '0', '0', 0, 0, 1, '2019-06-05 00:00:00', 1, '0', 'marsot10', 0, 0, 77, NULL),
(36, 'ASOCIACION CANAL LUCANO', '70584300-7', '2019-07-31', 0, 0, 131, 13101, '0', 8, '2019-07-31', 'canal_lucano@hotmail.com', 'VALERIA ARZOLA J.', 0, 0, 0, '2019-06-05 00:00:00', 1, '0', '0', 0, 0, 164, NULL),
(37, 'MADRID ACEITUNO CLAUDIA', '11185407-6', '2006-11-08', 139947, 500000, 61, 6101, 'ASTORGA 360 L - 4 RGUA CLAUDIA ELENA MADRID ACEITUNO', 1, '2006-11-08', 'madrid.cla@gmail.com', 'claudia madrid ', 0, 0, 1, '2019-06-05 00:00:00', 1, 'marsot10', 'pascual404', 11, 1, 78, NULL),
(38, 'MANUEL MORALES JURE Y CIA. LTDA. ', '77232920-2', '1998-09-10', 0, 0, 61, 6111, 'MANUEL RODRIGUEZ N°904, OLIVAR MANUEL ALEJANDRO MORALES JURE', 1, '1999-01-05', 'manuelmoralesjure@gmail.com', 'Manuel Morales Jure ', 0, 0, 1, '2019-06-05 00:00:00', 1, '0', '77232920sp', 0, 0, 12, NULL),
(39, 'MARIA CAROLINA FUENZALIDA UNDURRAGA E.I.R.L', '76230451-1', '2012-07-27', 97382, 700000, 61, 6101, 'RUTA 5 SUR, KM 92- OLIVAR MARÍA CAROLINA FUENZALIDA', 1, '2012-08-17', 'ventasr@ssautos.cl', 'Maria Carolina Fuenzalida Undurraga ', 0, 0, 1, '2019-06-05 00:00:00', 1, 'ss', '7623', 11, 14, 102, NULL),
(40, 'MARÍA PAZ MORENO URZÚA E.I.R.L. ', '76326164-6', '2013-12-03', 0, 0, 61, 6101, 'CALLE LOS OLIVOS #1683 SANTA MARIA PAZ MORENO URZUA', 1, '2013-12-17', 'podologamariapaz@gmail.com', 'María Paz Moreno', 0, 0, 1, '2019-06-05 00:00:00', 1, '0', '200990', 0, 0, 154, NULL),
(41, 'MARIN LABRAÑA ALDO', '15730999-4', '2008-08-19', 16000, 33, 61, 6101, 'SARAGOZA N° 450, FELIPE MARTINEZ', 4, '2008-08-19', 'aldoml199@gmail.com', 'ALDO', 0, 0, 1, '2019-06-05 00:00:00', 1, 'S', 'aldo15', 144, 333, 83, NULL),
(42, 'MARTINEZ OYENEDER JORGE', '7976458-2', '1993-01-01', 58312, 500000, 61, 6101, 'MADRID 1398, POBLACIÓN LOS ALPES,', 1, '1993-01-01', 'martinezelectricidad@yahoo.com.ar', 'MARTINEZ OYENEDER JORGE', 0, 0, 1, '2019-06-05 00:00:00', 1, 'YY', 'marsot10', 14, 14, 80, NULL),
(43, 'MELLA RAMIREZ ALVARO', '6816314-5', '1993-01-01', 45145, 500000, 61, 6108, 'AV. SAN JUAN PARADERO 14, LAS', 1, '1993-01-01', 'ALVARO MELLA', 'amella@rosario.cl', 0, 0, 1, '2019-06-05 00:00:00', 1, 'EE', '6845', 11, 1, 81, NULL),
(44, 'MIRANDA REYES FREDDY', '10717765-5', '1995-01-01', 95624, 500000, 61, 6101, 'MILLAN ESQ. CALVO 1181, RGUA', 1, '1995-01-01', 'covex.rgua@gmail.com', 'FREDDY MIRANDA ', 0, 0, 1, '2019-06-05 00:00:00', 1, 'DD', 'marsot10', 1, 1, 82, NULL),
(45, 'MIRANDA PONCE IVAN', '7452194-0', '1993-01-01', 11111111, 544653, 61, 6101, 'DIEGO PORTALES 0349, DEPTO. 34 IVAN MIRANDA PONCE', 1, '1993-01-01', 'tecnodiesel.ivanmiranda@hotmail.com', 'IVAN MIRANDA PONCE', 0, 0, 1, '2019-06-05 00:00:00', 1, 'SS', 'marsot10', 0, 333, 130, NULL),
(46, 'NORCAN HYDRAULIC TURBINE SPA', '76161324-3', '2011-07-07', 0, 0, 61, 6108, 'Paseo de Las Artes 097 P del Valle RONNY ARIEL ZIMERMAN MANES', 2, '2011-08-19', '0', '0', 0, 0, 1, '2019-06-05 00:00:00', 1, '0', '76161324sp', 0, 0, 6, NULL),
(47, 'NUÑEZ SANCHEZ LUIS DAMASO', '5423895-9', '1988-10-24', 53353, 5000000, 61, 6101, 'LAS CARMELITAS 2532, LA CAPILLA', 1, '1988-10-24', 'lunesaire@gmail.com', 'NUÑEZ SANCHEZ LUIS DAMASO', 0, 0, 1, '2019-06-05 00:00:00', 1, 'marsot10', 'marsot10', 14, 14, 84, NULL),
(48, 'OLGUIN PINTO PATRICIA DEL CARMEN', '8266498-K', '1998-03-16', 0, 0, 61, 6103, 'COPEQUEN S/N COINCO', 1, '1998-03-16', 'mro.elpantanal@gmail.com', 'OLGUIN PINTO PATRICIA DEL CARMEN', 0, 14, 1, '2019-06-05 00:00:00', 1, 'marsot10', '1959', 14, 14, 91, NULL),
(49, 'PANADERIA Y PASTELERIA LA DULCE TENTACION SPA', '76973444-9', '2019-01-29', 60000, 300000, 61, 6101, 'AV. JUAN MARTINEZ DE ROZA #01208 RODRIGO ALEJANDRO ORELLANA ORTIZ', 2, '2019-01-31', 'rodrigo@roo.cl', 'RODRIGO ORELLANA', 0, 44, 1, '2019-06-05 00:00:00', 1, '4', 'hijuelab', 14, 14, 163, NULL),
(50, 'NOLASCO SALUSTIO PEREZ CALDERON', '12691650-7', '2003-07-16', 200000, 1000000, 61, 6101, 'SANTIAGO 0969 VILLA ARCOIRIS NOLASCO PEREZ', 1, '2003-07-16', 'nolasco197315@gmail.com', 'Nolasco Pérez', 0, 0, 1, '2019-06-05 00:00:00', 1, 'arcoiris', 'arcoiris', 22, 2, 160, NULL),
(51, 'SANCHEZ AUTOMOVILES SPA ', '76447817-7', '2016-07-06', 134117, 500000, 61, 6111, 'LONGITUDINAL SUR, LOTE D - KM 90 MARÍA CAROLINA FUENZALIDA', 1, '2016-09-30', 'ventasr@ssautos.cl', 'Maria Carolina Fuenzalida Undurraga ', 0, 0, 1, '2019-06-05 00:00:00', 1, 'SS', 'marsot10', 11, 14, 124, NULL),
(52, 'SERVICIO DE SALUD ALMATEA LIMITADA', '76680995-2', '2016-12-02', 70282, 500000, 61, 6101, 'MANUEL MONTT N° 025, VILLA JOSE MIGUEL MULLER RIQUELME', 1, '2016-12-16', 'jmmullerr@gmail.com', 'DR MULLER', 0, 0, 1, '2019-06-05 00:00:00', 1, 'marsot10', '1903', 1, 14, 127, NULL),
(53, 'SOC COMERCIAL Y FARMACEUTICA H Y R LTDA', '77583240-1', '2001-04-19', 0, 0, 61, 6101, 'REPUBLICA DE CHILE 391 4 CARLOS  HANTSCH STUARDO', 1, '2001-04-24', 'chantsch@gmail.com', 'Carlos Hanchs Stuardo ', 0, 0, 1, '2019-06-05 00:00:00', 1, '0', '77583240sp', 0, 0, 37, NULL),
(54, 'SOC. AGRÍCOLA LA ESPERANZA ', '77393970-5', '1999-08-12', 45145, 350000, 61, 6116, 'PARCELA 10, EL VATICANO - REQUINOA LUIS RETAMALES', 1, '2000-02-08', 'lalbertorl@hotmail.com', 'LUIS RETAMAL', 1, 1, 1, '2019-06-05 00:00:00', 1, 'marsot10', 'marsot010', 14, 14, 109, NULL),
(55, 'SOC. COMERCIAL RAFAEL GARCIA E HIJOS LTDA.', '78049810-2', '1993-01-01', 31489, 157449, 61, 6108, 'TARAPACA 275, MACHALI MARIO GRACÍA DÍAZ', 1, '1993-01-01', 'anagarciagola@gmail.com', 'Ana García', 0, 0, 1, '2019-06-05 00:00:00', 1, 'NO', 'marsot10', 0, 0, 119, NULL),
(56, 'SOC. CORREA Y COMPAÑIA LIMITADA ', '76099702-1', '2010-03-29', 0, 0, 61, 6102, 'MIRAFLORES 1400 CODEGUA JOSÉ CORREA LORCA', 1, '2010-06-04', 'anagarciagola@gmail.com', 'Ana García', 0, 0, 1, '2019-06-05 00:00:00', 1, '0', 'marsot10', 0, 0, 112, NULL),
(57, 'SOCIEDAD DE INVERSIONES `PERLA ORIENTAL LTDA', '76285147-4', '2013-05-03', 0, 0, 61, 6101, 'INDEPENDENCIA N°470 - LOCAL 2 RGUA JIANFANG RUAN', 1, '2013-02-14', 'perlaoriental@hotmail.com', 'Jianfang Ruan', 0, 0, 1, '2019-06-05 00:00:00', 1, '0', 'APJ235316', 0, 0, 128, NULL),
(58, 'SOC. EDUCACIONAL SAN LORENZO ESTABLECIMIENTO DE ENSEÑANZA', '77142720-0', '1998-03-09', 0, 0, 61, 6101, 'EDIFICIO 34. POBL. CENTRAL COYA YOLANDA ORTEGA E.', 1, '1998-04-29', 'colegiosanlorenzo2258@gmail.com', 'Jocelyn', 0, 0, 1, '2019-06-05 00:00:00', 1, '0', 'marsot10', 0, 0, 114, NULL),
(59, 'SOC. EUROINGENERIA LTDA. ', '76027760-6', '2003-11-19', 61561, 500, 61, 6108, 'ARTURO PRAT 148, MACHALI SHAMUEL COVALIO', 1, '2003-12-05', 'covalio@hotmail.com', 'OOOOO', 77, 11, 1, '2019-06-05 00:00:00', 1, '11', 'marsot10', 14, 14, 110, NULL),
(60, 'SOC. FRUTICOLA Y GANADERA RODRIGO A. ORELLANA ORTIZ E.I.R.L.', '76104698-5', '2010-06-18', 50000, 477792, 61, 6111, 'HIJUELA B, EL ALMENDRAL. OLIVAR RODRIGO ALEJANDRO ORELLANA ORTIZ', 1, '2010-07-20', 'rodrigo@roo.cl', 'RODRIGO ORELLANA', 0, 0, 1, '2019-06-05 00:00:00', 1, 'F', 'hijuelab', 14, 14, 105, NULL),
(61, 'SOC. JAIME A. MORALES FIGUEROA E.I.R.L', '76103809-5', '2010-04-15', 99728, 500000, 61, 6103, 'BOSQUE O´HIGGINS. COINCO JAIME MORALES FIGUEROA', 1, '2010-07-07', 'viverosantaeugenia@gmail.com', 'JAIME MORALES ', 0, 0, 1, '2019-06-05 00:00:00', 1, 'GG', '1274', 11, 1, 113, NULL),
(62, ' ORELLANA GONZALEZ CLAUDIO ELECTO Y OTROS', '53301159-4', '2006-05-08', 35911, 1500000, 61, 6111, 'AV. EL BOSQUE 130 POTRERO MANUEL CLAUDIO ELECTO ORELLANA GONZALEZ', 1, '2006-05-03', 'corellag@gmail.com', 'CLAUDIO ORELLANA ', 11, 1, 1, '2019-06-05 00:00:00', 1, '1', 'marsot10', 14, 14, 111, NULL),
(63, 'SOC.COM.NEUROMOR LTDA ', '76693414-5', '2017-01-19', 170037, 500000, 61, 6101, 'GERMAN RIESCO 177 OF.12 MANUEL ALEJANDRO MORALES JURE', 1, '2017-04-06', 'manuelmoralesjure@gmail.com', 'Manuel Morales Jure ', 0, 0, 1, '2019-06-05 00:00:00', 1, '111', '76693414sp', 1, 1, 62, NULL),
(64, 'SOCIEDAD ANTUCO LTDA ', '78964650-3', '1997-02-19', 209920, 1000000, 61, 6101, 'SEBASTIAN EL CANO N°81 POB.SAN CRISTIAN MAURICIO URBINA LINAN', 1, '1997-04-10', 'cristianurbina@antucoltda.cl; administracion@antucoltda.cl; antuco@antucoltda.cl', 'Cristian Urbina Liñan ', 0, 0, 1, '2019-06-05 00:00:00', 1, 'S', '0866', 0, 14, 49, NULL),
(65, 'SOCIEDAD COMERCIAL Y FARMACEUTICA SANTA CRUZ LTDA', '76000076-0', '2007-10-25', 120705, 500000, 63, 6310, 'INDEPENDENCIA 481 ETNA GUZMAN MEZA', 1, '2007-10-31', 'farmaciasantacruz2@hotmail.es; etnaguzman2010@hotmail.com', 'Etna Guzman Meza ', 0, 0, 1, '2019-06-05 00:00:00', 1, '11935940x', '76000076sp', 11, 14, 39, NULL),
(66, 'SOTO PEREZ ISMAEL', '5791097-6', '1993-01-01', 0, 0, 61, 6101, 'VOLCÁN OSORNO 1638, TUNICHE RGUA', 7, '1993-01-01', '0', '0', 0, 0, 1, '2019-06-05 00:00:00', 1, '0', '1949', 0, 0, 93, NULL),
(67, 'SUC. RAMON CARO CACERES ', '53290520-6', '2004-06-25', 0, 0, 61, 6101, 'LA LLAVERÍA 100, PUNTA DE CORTEZ JOSÉ CARO GONZALEZ', 1, '2004-09-06', '0', '0', 0, 0, 1, '2019-06-05 00:00:00', 1, '0', 'marsot10', 0, 0, 143, NULL),
(68, 'SUCESIÓN JUAN FERNANDO TAPIA ARCE ', '53303036-K', '2006-05-12', 0, 0, 61, 6109, 'PARCELA 9 SITIO N°18 PROY. PARC. MARÍA TERESA VELIZ MELO', 1, '2006-11-03', '0', '0', 0, 0, 1, '2019-06-05 00:00:00', 1, '0', 'marsot10', 0, 0, 142, NULL),
(69, 'SUCESION RAFAEL GARCIA REY', '53251980-2', '1999-01-06', 0, 0, 61, 6108, 'TARAPACA 275, MACHALÍ MARIO GRACÍA DÍAZ', 4, '1999-07-14', 'anagarciagola@gmail.com', 'Ana García', 0, 0, 1, '2019-06-05 00:00:00', 1, '0', 'marsot10', 0, 0, 140, NULL),
(70, 'SERGIO ENRIQUE TAPIA VELIS', '6770126-7', '2004-08-27', 0, 0, 61, 6115, 'PARCELA 27 SAN LUIS PELEQUEN,', 1, '2004-08-27', 'frantapia997@gmail.com', '0', 0, 0, 1, '2019-06-05 00:00:00', 1, '0', 'marsot10', 0, 0, 95, NULL),
(71, 'TORO LOPEZ RENE ORLANDO ', '9207741-1', '2002-02-13', 70282, 350000, 61, 6103, 'EL RULO 1808, COINCO', 1, '2002-02-13', 'jaimetorolopez@gmail.com', 'RENE ORLANDO TORO LOPEZ', 0, 11, 1, '2019-06-05 00:00:00', 1, '11', 'elnoruego', 14, 14, 94, NULL),
(72, 'TRANSPORTES HANTSCH LIMITADA ', '76081753-8', '2009-11-03', 0, 0, 61, 6108, 'LOS ACACIOS 20 CARLOS  HANTSCH STUARDO', 3, '2009-12-03', 'chantsch@gmail.com', 'Carlos Hanchs Stuardo ', 0, 0, 1, '2019-06-05 00:00:00', 1, '0', '76081753sp', 0, 0, 40, NULL),
(73, 'TRANSPORTES KETRU SPA ', '76929387-6', '2018-10-11', 120000, 500000, 61, 6101, 'SEBASTIAN ELCANO 81 ROMINA ESPINOSA FERNANDEZ', 4, '2018-10-31', 'lurbina30@hotmail.com', 'LUIS URBINA LIÑAN', 0, 0, 1, '2019-06-05 00:00:00', 1, 'Y', '76929387sp', 11, 11, 159, NULL),
(74, 'TRANSPORTES LIDIA OLGUIN SPA ', '76539357-4', '2015-08-27', 61000, 500000, 61, 6103, 'LIBERTADOR BERNARDO O´HIGGINS LIDIA INES OLGUIN PINTO', 3, '2015-10-06', 'rolguin@mfdo.cl', 'Sra Lidia Olguin', 0, 0, 1, '2019-06-05 00:00:00', 1, 'ii', 'marsot10', 22, 14, 120, NULL),
(75, 'TRANSPORTES PASCUAL SPA ', '77002418-8', '2019-04-16', 140000, 500000, 61, 6108, 'DULCE SILENCIO #404 VISTA AL VALLE CLAUDIA ELENA MADRID ACEITUNO', 3, '2019-04-22', 'madrid.cla@gmail.com', 'claudia madrid ', 0, 0, 1, '2019-06-05 00:00:00', 1, 'marsot10', '77002418sp', 1, 1, 166, NULL),
(76, 'VALLEJOS CELIS AUGUSTO', '4617827-0', '1993-01-01', 78000, 350000, 61, 6101, 'RECREO 198, RGUA AUGUSTO VALLEJOS', 1, '1993-01-01', 'willy-vallejos@hotmail.com', 'GUILLERMO VALLEJOS', 0, 0, 1, '2019-06-05 00:00:00', 1, 'TTT', 'marsot10', 88, 66, 97, NULL),
(77, 'VALLEJOS CAMPOS GUILLERMO', '10171849-2', '1993-01-01', 78000, 350000, 61, 6101, '1 Y 2 DE OCTUBRE N°366, RGUA GUILLERMO VALLEJOS', 1, '1993-01-01', 'willy-vallejos@hotmail.com', 'GUILLERMO VALLEJOS', 0, 0, 1, '2019-06-05 00:00:00', 1, '555', 'marsot10', 1, 11, 98, NULL),
(78, 'VASQUEZ LABARCA ALEJANDRO', '4862394-8', '1998-01-28', 58483, 14, 61, 6101, 'BAQUEDANO 3039, DEPTO. 14 PAB', 1, '1998-01-28', 'marialorenadelapaz@hotmail.com', 'ALEJANDRO VASQUEZ ', 15, 14, 1, '2019-06-05 00:00:00', 1, '14', 'marsot10', 14, 14, 100, NULL),
(79, 'ZUÑIGA VICTOR', '12293432-2', '2003-04-24', 0, 0, 61, 6101, 'DIEGO DE ALMAGRO #2519 SALON VICTOR ZUÑIGA', 2, '2003-04-24', 'alejandromaz75@gmail.com', 'VICTOR ZUÑIGA', 0, 0, 1, '2019-06-05 00:00:00', 1, '0', 'fv5257', 0, 0, 151, NULL),
(80, 'RAUL MUÑOZ RIQUELME', '12516881-7', '2007-06-13', 0, 1, 61, 6101, 'CAMPOS 363 PISO 4 OF 46', 1, '2007-06-13', 'rmunozhyr@gmail.com', 'RAUL MUÑOZ', 0, 0, 1, '2019-06-05 00:00:00', 2, '666', '12516881x', 1, 1, NULL, NULL),
(81, 'SIND DE TRABAJ INDEPEN TAXIS COLECTD PORTALES N 2 ', '72793100-7', '2001-01-01', 15391, 1, 61, 6101, 'gamero 367', 8, '2001-01-01', 'rosa.gonzalez155@gmail.com', 'SRA ROSA GONZALEZ ', 0, 0, 1, '2019-06-10 00:00:00', 2, '52599822', 'B', 1, 21, NULL, NULL),
(82, 'JOSE MANUEL CARO GONZALEZ', '9534576-k', '2007-12-07', 26677, 150000, 61, 6101, 'PTA. DE CORTES PC.9 ST.17 100', 5, '2007-12-07', 'NO TIENE@NO TIENE.CL', 'JOSE MANUEL CARO GONZALEZ', 0, 11, 1, '2019-06-11 00:00:00', 2, '11', 'marsot10', 11, 14, NULL, NULL),
(83, 'LUIS HERNAN CERON HERRERA ', '3906249-6', '1993-01-01', 29915, 150000, 61, 6113, 'SAN JOSE DE MARCHIGUE PC. 3', 5, '1993-01-01', 'salasceron420@gmail.com ', 'LUIS HERNAN CERON HERRERA ', 0, 222, 1, '2019-06-11 00:00:00', 2, '22', 'marsot10', 11, 1, NULL, NULL),
(84, 'T N INVERSIONES SOCIEDAD ANONIMA', '77127530-3', '1997-11-24', 0, 365178, 61, 6116, 'ALEDANO CLUB DE CAMPO PC 13', 2, '1998-03-11', 'ebaezat@icfenix.cl', 'Eduardo Baeza Terrazas ', 0, 0, 1, '2019-06-11 00:00:00', 2, '66', 'TN7712', 14, 14, NULL, NULL),
(85, 'MARIO FERNANDO GARCIA DIAZ', '4822720-1', '1993-01-01', 102338, 500000, 61, 6108, 'TARAPACA 275', 1, '1993-01-01', 'anagarciagola@gmail.com', 'MARIO FERNANDO GARCIA DIAZ', 0, 77, 1, '2019-06-11 00:00:00', 2, '77', '4519', 12, 14, NULL, NULL),
(86, 'CONSULTORA HYR LTDA ', '76085804-8', '2009-12-29', 0, 0, 61, 6101, 'CAMPOS 363 PISO 4 OF 46', 1, '2010-01-27', 'rmunoz@hyrconsultora.com', 'RAUL MUÑOZ', 0, 0, 1, '2019-07-12 00:00:00', 2, '11935940x', '76085804sp', 3, 3, NULL, NULL),
(87, 'SENNA INMOBILIARIA SPA ', '76278771-7', '2013-07-08', 205000, 1000000, 61, 6101, 'GERMAN RIESCO #320 OFICINA B', 1, '2013-08-01', 'eanich@gmail.com', 'EDUARDO ANICH ESPOZ', 0, 0, 1, '2019-07-30 00:00:00', 2, 'SENNA512', 'senna7', 222, 33, NULL, NULL),
(88, 'ANICH PROPIEDADES SPA', '76566155-2', '2015-11-18', 0, 0, 61, 6101, 'GERMÁN RIESCO #302 DEPTO. #2', 1, '2017-01-27', 'eanich@gmail.com', 'Eduardo Anich ', 0, 0, 1, '2019-07-30 00:00:00', 2, '0', '76566155sp', 0, 0, NULL, NULL),
(89, 'SOCIEDAD DE TRANSPORTES RAYENCO LIMITADA', '76169581-9', '2011-09-07', 0, 0, 61, 6101, 'SEBASTIAN EL CANO #81 SAN LUIS', 3, '2011-10-18', 'ANTUCO@ANTUCOLTDA.CL', 'Mauricio', 0, 0, 1, '2019-07-30 00:00:00', 2, '0', '0866', 0, 0, NULL, NULL),
(90, 'CORINA DIAZ SILVA', '3382258-8', '2008-05-16', 0, 0, 61, 6108, 'TARAPACA # 275', 4, '2008-05-16', '0', '0', 0, 0, 1, '2019-07-30 00:00:00', 2, '0', 'marsot10', 0, 0, NULL, NULL),
(91, 'PLANTA DE ARIDOS OLIVAR LIMITADA', '76357383-4', '2014-03-11', 0, 0, 61, 6111, 'CAMINO AL RIO S/N', 2, '2014-03-12', 'rodrigo@roo.cl', 'RODRIGO ORELLANA', 0, 0, 1, '2019-07-30 00:00:00', 2, '0', 'hijuelab', 0, 0, NULL, NULL),
(92, 'TRANSPORTES OSCAR ARMANDO CERON NUNEZ E.I.R.L.', '76058194-1', '2009-03-10', 0, 0, 61, 6113, 'PC 3 SN JOSE MARCHIGUE #s/n SN JOSE DE MARCHIGUE', 3, '2009-06-01', 'o.ceron2011@hotmail.com', 'OSCAR CERON', 0, 0, 1, '2019-07-30 00:00:00', 2, '0', 'marsot10', 0, 0, NULL, NULL),
(93, 'OSCAR ARMANDO CERON NUNEZ AGRICOLA E.I.R.L.', '76360995-2', '2013-12-26', 0, 0, 61, 6113, 'SAN J.MARCHIGUE PARC. #66 P.PARC.ALMAHUE', 1, '2014-02-12', 'o.ceron2011@hotmail.com', 'OSCAR CERON', 0, 0, 1, '2019-07-30 00:00:00', 2, '0', 'marsot10', 0, 0, NULL, NULL),
(94, 'FRANCO RAVERA ZUNINO Y COMPANIA LIMITADA', '77222740-K', '1998-09-10', 0, 0, 61, 6111, 'JOSE HIPOLITO SALAS IN 5 #131', 1, '1988-12-24', 'fraveraz@yahoo.com', 'Franco Ravera', 0, 0, 1, '2019-07-30 00:00:00', 2, '0', 'marsot10', 0, 0, NULL, NULL),
(95, 'LIGA ALEMANA DE RANCAGUA', '65103609-7', '2014-11-27', 0, 0, 61, 6101, 'OSMAN PEREZ FREIRE #182 EL PORTAL', 8, '2014-11-27', 'JMMULLERR@GMAIL.COM; info@clubalemanrancagua.cl', 'JOSE MIGUEL MULLER RIQUELME ', 0, 0, 1, '2019-07-30 00:00:00', 2, '0', '313231', 0, 0, NULL, NULL),
(96, 'RAVERA & PENA Y CIA. LTDA.', '76042101-4', '2008-10-07', 0, 0, 61, 6111, 'JOSE SALAS INT. #LT 5 Block # DEPTO. #', 1, '2008-12-17', 'fraveraz@yahoo.com', 'Franco Ravera', 0, 0, 1, '2019-07-30 00:00:00', 2, '0', 'marsot10', 0, 0, NULL, NULL),
(97, 'PUNTOCOM SPA', '76551231-K', '2015-10-06', 0, 0, 61, 6101, 'ASTORGA #360 DEPTO. #4', 1, '2015-10-20', 'madrid.cla@gmail.com', 'claudia madrid ', 0, 0, 1, '2019-07-30 00:00:00', 2, '0', 'marsot10', 0, 0, NULL, NULL),
(98, 'PABLA MARILA VALENZUELA MARCHANT', '3768895-9', '2003-01-01', 0, 0, 61, 6101, 'ABATE MOLINA #1431 MAGISTERIO', 1, '2003-01-01', 'VURIBEA@HOTMAIL.COM', '0', 0, 0, 1, '2019-07-30 00:00:00', 2, '0', '1105', 0, 0, NULL, NULL);

-- --------------------------------------------------------

--
-- Estructura de tabla para la tabla `f29`
--

DROP TABLE IF EXISTS `f29`;
CREATE TABLE IF NOT EXISTS `f29` (
  `id_f29` int(11) NOT NULL AUTO_INCREMENT,
  `usu_reg_doc` int(11) DEFAULT NULL,
  `id_emp` int(11) DEFAULT NULL,
  `c585` int(11) DEFAULT NULL,
  `c20` int(11) DEFAULT NULL,
  `c586` int(11) DEFAULT NULL,
  `c142` int(11) DEFAULT NULL,
  `c731` int(11) DEFAULT NULL,
  `c732` int(11) DEFAULT NULL,
  `c714` int(11) DEFAULT NULL,
  `c715` int(11) DEFAULT NULL,
  `c515` int(11) DEFAULT NULL,
  `c587` int(11) DEFAULT NULL,
  `c720` int(11) DEFAULT NULL,
  `c503` int(11) DEFAULT NULL,
  `c502` int(11) DEFAULT NULL,
  `c763` int(11) DEFAULT NULL,
  `c764` int(11) DEFAULT NULL,
  `c716` int(11) DEFAULT NULL,
  `c717` int(11) DEFAULT NULL,
  `c110` int(11) DEFAULT NULL,
  `c111` int(11) DEFAULT NULL,
  `c758` int(11) DEFAULT NULL,
  `c759` int(11) DEFAULT NULL,
  `c512` int(11) DEFAULT NULL,
  `c513` int(11) DEFAULT NULL,
  `c509` int(11) DEFAULT NULL,
  `c510` int(11) DEFAULT NULL,
  `c708` int(11) DEFAULT NULL,
  `c709` int(11) DEFAULT NULL,
  `c733` int(11) DEFAULT NULL,
  `c734` int(11) DEFAULT NULL,
  `c516` int(11) DEFAULT NULL,
  `c517` int(11) DEFAULT NULL,
  `c500` int(11) DEFAULT NULL,
  `c501` int(11) DEFAULT NULL,
  `c154` int(11) DEFAULT NULL,
  `c518` int(11) DEFAULT NULL,
  `c713` int(11) DEFAULT NULL,
  `c738` int(11) DEFAULT NULL,
  `c739` int(11) DEFAULT NULL,
  `c740` int(11) DEFAULT NULL,
  `c741` int(11) DEFAULT NULL,
  `c538` int(11) DEFAULT NULL,
  `c511` int(11) DEFAULT NULL,
  `c514` int(11) DEFAULT NULL,
  `c564` int(11) DEFAULT NULL,
  `c521` int(11) DEFAULT NULL,
  `c566` int(11) DEFAULT NULL,
  `c560` int(11) DEFAULT NULL,
  `c584` int(11) DEFAULT NULL,
  `c562` int(11) DEFAULT NULL,
  `c519` int(11) DEFAULT NULL,
  `c520` int(11) DEFAULT NULL,
  `c761` int(11) DEFAULT NULL,
  `c762` int(11) DEFAULT NULL,
  `c765` int(11) DEFAULT NULL,
  `c766` int(11) DEFAULT NULL,
  `c524` int(11) DEFAULT NULL,
  `c525` int(11) DEFAULT NULL,
  `c527` int(11) DEFAULT NULL,
  `c528` int(11) DEFAULT NULL,
  `c531` int(11) DEFAULT NULL,
  `c532` int(11) DEFAULT NULL,
  `c534` int(11) DEFAULT NULL,
  `c535` int(11) DEFAULT NULL,
  `c536` int(11) DEFAULT NULL,
  `c553` int(11) DEFAULT NULL,
  `c504` int(11) DEFAULT NULL,
  `c593` int(11) DEFAULT NULL,
  `c594` int(11) DEFAULT NULL,
  `c592` int(11) DEFAULT NULL,
  `c539` int(11) DEFAULT NULL,
  `c718` int(11) DEFAULT NULL,
  `c164` int(11) DEFAULT NULL,
  `c730` int(11) DEFAULT NULL,
  `c742` int(11) DEFAULT NULL,
  `c743` int(11) DEFAULT NULL,
  `c127` int(11) DEFAULT NULL,
  `c729` float DEFAULT NULL,
  `c744` int(11) DEFAULT NULL,
  `c745` int(11) DEFAULT NULL,
  `c544` int(11) DEFAULT NULL,
  `c523` int(11) DEFAULT NULL,
  `c712` int(11) DEFAULT NULL,
  `c757` int(11) DEFAULT NULL,
  `c537` int(11) DEFAULT NULL,
  `c77` int(11) DEFAULT NULL,
  `c89` int(11) DEFAULT NULL,
  `c760` int(11) DEFAULT NULL,
  `c50` int(11) DEFAULT NULL,
  `c751` int(11) DEFAULT NULL,
  `c735` int(11) DEFAULT NULL,
  `c48` int(11) DEFAULT NULL,
  `c151` int(11) DEFAULT NULL,
  `c153` int(11) DEFAULT NULL,
  `c54` int(11) DEFAULT NULL,
  `c56` int(11) DEFAULT NULL,
  `c588` int(11) DEFAULT NULL,
  `c589` int(11) DEFAULT NULL,
  `c30` int(11) DEFAULT NULL,
  `c563` int(11) DEFAULT NULL,
  `c115` float DEFAULT NULL,
  `c68` int(11) DEFAULT NULL,
  `c62` varchar(50) COLLATE utf8_spanish_ci DEFAULT NULL,
  `c565` int(11) DEFAULT NULL,
  `c120` int(11) DEFAULT NULL,
  `c542` float DEFAULT NULL,
  `c122` int(11) DEFAULT NULL,
  `c123` varchar(50) COLLATE utf8_spanish_ci DEFAULT NULL,
  `c700` int(11) DEFAULT NULL,
  `c701` int(11) DEFAULT NULL,
  `c702` float DEFAULT NULL,
  `c711` int(11) DEFAULT NULL,
  `c703` varchar(50) COLLATE utf8_spanish_ci DEFAULT NULL,
  `c66` int(11) DEFAULT NULL,
  `c152` int(11) DEFAULT NULL,
  `c595` int(11) DEFAULT NULL,
  `c1` varchar(50) COLLATE utf8_spanish_ci DEFAULT NULL,
  `c2` varchar(50) COLLATE utf8_spanish_ci DEFAULT NULL,
  `c5` varchar(50) COLLATE utf8_spanish_ci DEFAULT NULL,
  `c583` varchar(50) COLLATE utf8_spanish_ci DEFAULT NULL,
  `c91` int(11) DEFAULT NULL,
  `c92` int(11) DEFAULT NULL,
  `c93` int(11) DEFAULT NULL,
  `c94` int(11) DEFAULT NULL,
  `c529` int(11) DEFAULT NULL,
  `c530` int(11) DEFAULT NULL,
  `c409` int(11) DEFAULT NULL,
  `c522` int(11) DEFAULT NULL,
  `c526` int(11) DEFAULT NULL,
  `c113` int(11) DEFAULT NULL,
  `c28` int(11) DEFAULT NULL,
  `c548` int(11) DEFAULT NULL,
  `c540` int(11) DEFAULT NULL,
  `c541` int(11) DEFAULT NULL,
  `c549` int(11) DEFAULT NULL,
  `c550` int(11) DEFAULT NULL,
  `c577` int(11) DEFAULT NULL,
  `c32` int(11) DEFAULT NULL,
  `c150` int(11) DEFAULT NULL,
  `c146` int(11) DEFAULT NULL,
  `c752` int(11) DEFAULT NULL,
  `c545` int(11) DEFAULT NULL,
  `c546` int(11) DEFAULT NULL,
  `c710` int(11) DEFAULT NULL,
  `c602` int(11) DEFAULT NULL,
  `c575` int(11) DEFAULT NULL,
  `c576` int(11) DEFAULT NULL,
  `c574` int(11) DEFAULT NULL,
  `c33` int(11) DEFAULT NULL,
  `c580` int(11) DEFAULT NULL,
  `c149` int(11) DEFAULT NULL,
  `c582` int(11) DEFAULT NULL,
  `c85` int(11) DEFAULT NULL,
  `c753` int(11) DEFAULT NULL,
  `c754` int(11) DEFAULT NULL,
  `c551` int(11) DEFAULT NULL,
  `c508` int(11) DEFAULT NULL,
  `c533` int(11) DEFAULT NULL,
  `c603` int(11) DEFAULT NULL,
  `c507` int(11) DEFAULT NULL,
  `c506` int(11) DEFAULT NULL,
  `c556` int(11) DEFAULT NULL,
  `c557` int(11) DEFAULT NULL,
  `c558` int(11) DEFAULT NULL,
  `c543` int(11) DEFAULT NULL,
  `c573` int(11) DEFAULT NULL,
  `c598` int(11) DEFAULT NULL,
  `c39` int(11) DEFAULT NULL,
  `c554` int(11) DEFAULT NULL,
  `c736` int(11) DEFAULT NULL,
  `c597` int(11) DEFAULT NULL,
  `c555` int(11) DEFAULT NULL,
  `c596` int(11) DEFAULT NULL,
  `c725` int(11) DEFAULT NULL,
  `c737` int(11) DEFAULT NULL,
  `c727` int(11) DEFAULT NULL,
  `c704` int(11) DEFAULT NULL,
  `c705` int(11) DEFAULT NULL,
  `c706` int(11) DEFAULT NULL,
  `c160` int(11) DEFAULT NULL,
  `c161` int(11) DEFAULT NULL,
  `c570` int(11) DEFAULT NULL,
  `c126` int(11) DEFAULT NULL,
  `c128` int(11) DEFAULT NULL,
  `c571` int(11) DEFAULT NULL,
  `c572` int(11) DEFAULT NULL,
  `c568` int(11) DEFAULT NULL,
  `c590` int(11) DEFAULT NULL,
  `c547` int(11) DEFAULT NULL,
  `c728` int(11) DEFAULT NULL,
  `c707` int(11) DEFAULT NULL,
  `c73` int(11) DEFAULT NULL,
  `c130` int(11) DEFAULT NULL,
  `c591` int(11) DEFAULT NULL,
  `c6` varchar(50) COLLATE utf8_spanish_ci DEFAULT NULL,
  `c610` varchar(50) COLLATE utf8_spanish_ci DEFAULT NULL,
  `c611` varchar(50) COLLATE utf8_spanish_ci DEFAULT NULL,
  `c612` varchar(50) COLLATE utf8_spanish_ci DEFAULT NULL,
  `c8` varchar(50) COLLATE utf8_spanish_ci DEFAULT NULL,
  `c53` varchar(50) COLLATE utf8_spanish_ci DEFAULT NULL,
  `c613` varchar(50) COLLATE utf8_spanish_ci DEFAULT NULL,
  `c9` varchar(50) COLLATE utf8_spanish_ci DEFAULT NULL,
  `c601` varchar(50) COLLATE utf8_spanish_ci DEFAULT NULL,
  `c604` varchar(50) COLLATE utf8_spanish_ci DEFAULT NULL,
  `c44` varchar(50) COLLATE utf8_spanish_ci DEFAULT NULL,
  `c726` varchar(50) COLLATE utf8_spanish_ci DEFAULT NULL,
  `c313` varchar(50) COLLATE utf8_spanish_ci DEFAULT NULL,
  `c314` varchar(50) COLLATE utf8_spanish_ci DEFAULT NULL,
  `c55` varchar(50) COLLATE utf8_spanish_ci DEFAULT NULL,
  `c552` int(11) DEFAULT NULL,
  `c559` int(11) DEFAULT NULL,
  `c70` int(11) DEFAULT NULL,
  `fecha_form` date DEFAULT NULL,
  `ivapost` int(11) DEFAULT '0',
  `ivanop` int(11) DEFAULT '0',
  PRIMARY KEY (`id_f29`),
  KEY `usu_f29_idx` (`usu_reg_doc`),
  KEY `emp_f29_idx` (`id_emp`)
) ENGINE=InnoDB AUTO_INCREMENT=71 DEFAULT CHARSET=utf8 COLLATE=utf8_spanish_ci;

--
-- Volcado de datos para la tabla `f29`
--

INSERT INTO `f29` (`id_f29`, `usu_reg_doc`, `id_emp`, `c585`, `c20`, `c586`, `c142`, `c731`, `c732`, `c714`, `c715`, `c515`, `c587`, `c720`, `c503`, `c502`, `c763`, `c764`, `c716`, `c717`, `c110`, `c111`, `c758`, `c759`, `c512`, `c513`, `c509`, `c510`, `c708`, `c709`, `c733`, `c734`, `c516`, `c517`, `c500`, `c501`, `c154`, `c518`, `c713`, `c738`, `c739`, `c740`, `c741`, `c538`, `c511`, `c514`, `c564`, `c521`, `c566`, `c560`, `c584`, `c562`, `c519`, `c520`, `c761`, `c762`, `c765`, `c766`, `c524`, `c525`, `c527`, `c528`, `c531`, `c532`, `c534`, `c535`, `c536`, `c553`, `c504`, `c593`, `c594`, `c592`, `c539`, `c718`, `c164`, `c730`, `c742`, `c743`, `c127`, `c729`, `c744`, `c745`, `c544`, `c523`, `c712`, `c757`, `c537`, `c77`, `c89`, `c760`, `c50`, `c751`, `c735`, `c48`, `c151`, `c153`, `c54`, `c56`, `c588`, `c589`, `c30`, `c563`, `c115`, `c68`, `c62`, `c565`, `c120`, `c542`, `c122`, `c123`, `c700`, `c701`, `c702`, `c711`, `c703`, `c66`, `c152`, `c595`, `c1`, `c2`, `c5`, `c583`, `c91`, `c92`, `c93`, `c94`, `c529`, `c530`, `c409`, `c522`, `c526`, `c113`, `c28`, `c548`, `c540`, `c541`, `c549`, `c550`, `c577`, `c32`, `c150`, `c146`, `c752`, `c545`, `c546`, `c710`, `c602`, `c575`, `c576`, `c574`, `c33`, `c580`, `c149`, `c582`, `c85`, `c753`, `c754`, `c551`, `c508`, `c533`, `c603`, `c507`, `c506`, `c556`, `c557`, `c558`, `c543`, `c573`, `c598`, `c39`, `c554`, `c736`, `c597`, `c555`, `c596`, `c725`, `c737`, `c727`, `c704`, `c705`, `c706`, `c160`, `c161`, `c570`, `c126`, `c128`, `c571`, `c572`, `c568`, `c590`, `c547`, `c728`, `c707`, `c73`, `c130`, `c591`, `c6`, `c610`, `c611`, `c612`, `c8`, `c53`, `c613`, `c9`, `c601`, `c604`, `c44`, `c726`, `c313`, `c314`, `c55`, `c552`, `c559`, `c70`, `fecha_form`, `ivapost`, `ivanop`) VALUES
(1, 2, 51, 0, 0, 0, 0, 0, 0, 0, 0, 0, 0, 0, 9, 600366, 0, 0, 0, 0, 28, 2428487, 1, 6387, 0, 0, 1, 42767, 0, 0, 0, 0, 0, 0, 0, 0, 0, 0, 0, 0, 0, 0, 0, 2992473, 1106450, 0, 0, 0, 0, 0, 5, 2283628, 39, 1106450, 0, 0, 0, 0, 0, 0, 0, 0, 0, 0, 0, 0, 0, 0, 0, 0, 0, 0, 0, 0, 0, 0, 0, 0, 0, 0, 0, 0, 0, 0, 0, 0, 1106450, 0, 1886023, 0, 0, 0, 0, 147900, 0, 0, 0, 0, 0, 0, 0, 15749858, 0.5, 0, '78749', 0, 0, 0, 0, '0', 0, 0, 0, 0, '0', 0, 0, 2112672, '', '', '', '', 2112672, 0, 0, 0, 0, 0, 0, 0, 0, 0, 0, 0, 0, 0, 0, 0, 0, 0, 0, 0, 0, 0, 0, 0, 0, 0, 0, 0, 0, 0, 0, 0, 0, 0, 0, 0, 0, 0, 0, 0, 0, 0, 0, 0, 0, 0, 0, 0, 0, 0, 0, 0, 0, 0, 0, 0, 0, 0, 0, 0, 0, 0, 0, 0, 0, 0, 0, 0, 0, 0, 0, 0, 0, 0, '', '', '', '', '', '', '', '', '', '', '', '', '', '', '', 0, 0, 0, '2019-01-01', 0, 0),
(2, 2, 51, 0, 0, 15, 5500001, 0, 0, 0, 0, 0, 0, 0, 14, 993593, 0, 0, 0, 0, 14, 1232606, 0, 0, 0, 0, 0, 0, 0, 0, 0, 0, 0, 0, 0, 0, 0, 0, 0, 0, 0, 0, 0, 2226199, 905987, 0, 0, 0, 0, 0, 9, 15217129, 40, 985819, 0, 0, 0, 0, 0, 0, 1, 79832, 0, 0, 0, 0, 0, 0, 0, 0, 0, 0, 0, 0, 0, 0, 0, 0, 0, 0, 0, 0, 0, 0, 0, 0, 905987, 0, 1320212, 0, 0, 0, 0, 135733, 0, 0, 0, 0, 0, 0, 0, 17216841, 0.5, 0, '86084', 0, 0, 0, 0, '0', 0, 0, 0, 0, '0', 0, 0, 1542029, '', '', '', '', 1542029, 0, 0, 0, 0, 0, 0, 0, 0, 0, 0, 0, 0, 0, 0, 0, 0, 0, 0, 0, 0, 0, 0, 0, 0, 0, 0, 0, 0, 0, 0, 0, 0, 0, 0, 0, 0, 0, 0, 0, 0, 0, 0, 0, 0, 0, 0, 0, 0, 0, 0, 0, 0, 0, 0, 0, 0, 0, 0, 0, 0, 0, 0, 0, 0, 0, 0, 0, 1542029, 0, 0, 0, 0, 0, '', '', '', '', '', '', '', '', '', '', '', '', '', '', '', 0, 0, 0, '2019-02-02', 0, 0),
(3, 2, 51, 0, 0, 2, 14570000, 0, 0, 0, 0, 0, 0, 0, 12, 1356385, 0, 0, 0, 0, 22, 2910671, 1, 12039, 1, 376015, 2, 429768, 0, 0, 0, 0, 0, 0, 0, 0, 0, 0, 0, 0, 0, 0, 0, 4225342, 1134990, 0, 0, 0, 0, 0, 10, 2189152, 40, 1137780, 0, 0, 0, 0, 0, 0, 2, 2790, 0, 0, 0, 0, 0, 0, 0, 0, 0, 0, 0, 0, 0, 0, 0, 0, 0, 0, 0, 0, 0, 0, 0, 0, 1134990, 0, 3090352, 0, 0, 0, 0, 143462, 0, 0, 0, 0, 0, 0, 0, 36808643, 0.5, 0, '184043', 0, 0, 0, 0, '0', 0, 0, 0, 0, '0', 0, 0, 3417857, '', '', '', '', 3417857, 0, 0, 0, 0, 0, 0, 0, 0, 0, 0, 0, 0, 0, 0, 0, 0, 0, 0, 0, 0, 0, 0, 0, 0, 0, 0, 0, 0, 0, 0, 0, 0, 0, 0, 0, 0, 0, 0, 0, 0, 0, 0, 0, 0, 0, 0, 0, 0, 0, 0, 0, 0, 0, 0, 0, 0, 0, 0, 0, 0, 0, 0, 0, 0, 0, 0, 0, 0, 0, 0, 0, 0, 0, '', '', '', '', '', '', '', '', '', '', '', '', '', '', '', 0, 0, 0, '2019-03-01', 0, 0),
(4, 2, 51, 0, 0, 0, 0, 0, 0, 0, 0, 0, 0, 0, 17, 967130, 0, 0, 0, 0, 14, 1588655, 2, 23151, 0, 0, 0, 0, 0, 0, 0, 0, 0, 0, 0, 0, 0, 0, 0, 0, 0, 0, 0, 2578936, 3164240, 0, 0, 0, 0, 0, 4, 30045217, 44, 3164240, 0, 0, 0, 0, 0, 0, 0, 0, 0, 0, 0, 0, 0, 0, 0, 0, 0, 0, 0, 0, 0, 0, 0, 0, 0, 0, 0, 0, 0, 0, 0, 0, 3164240, 585304, 0, 0, 0, 0, 0, 185592, 0, 0, 0, 0, 0, 0, 0, 13573361, 1, 0, '135734', 0, 0, 0, 0, '0', 0, 0, 0, 0, '0', 0, 0, 321326, '', '', '', '', 321326, 0, 0, 0, 0, 0, 0, 0, 0, 0, 0, 0, 0, 0, 0, 0, 0, 0, 0, 0, 0, 0, 0, 0, 0, 0, 0, 0, 0, 0, 0, 0, 0, 0, 0, 0, 0, 0, 0, 0, 0, 0, 0, 0, 0, 0, 0, 0, 0, 0, 0, 0, 0, 0, 0, 0, 0, 0, 0, 0, 0, 0, 0, 0, 0, 0, 0, 0, 0, 0, 0, 0, 0, 0, '', '', '', '', '', '', '', '', '', '', '', '', '', '', '', 0, 0, 0, '2019-04-01', 0, 0),
(5, 2, 51, 0, 0, 0, 0, 0, 0, 0, 0, 0, 0, 0, 5, 439093, 0, 0, 0, 0, 29, 3277101, 1, 15966, 0, 0, 0, 0, 0, 0, 0, 0, 0, 0, 0, 0, 0, 0, 0, 0, 0, 0, 0, 3732160, 4419642, 0, 0, 0, 0, 0, 10, 27817106, 50, 4419642, 0, 0, 0, 0, 0, 0, 0, 0, 0, 0, 0, 0, 0, 0, 586842, 0, 0, 0, 0, 0, 0, 0, 0, 0, 0, 0, 0, 0, 0, 0, 0, 0, 5006484, 1274324, 0, 0, 0, 0, 0, 189623, 133000, 0, 0, 0, 0, 0, 0, 19642949, 1, 0, '196429', 0, 0, 0, 0, '0', 0, 0, 0, 0, '0', 0, 0, 519052, '', '', '', '', 519052, 0, 0, 0, 0, 0, 0, 0, 0, 0, 0, 0, 0, 0, 0, 0, 0, 0, 0, 0, 0, 0, 0, 0, 0, 0, 0, 0, 0, 0, 0, 0, 0, 0, 0, 0, 0, 0, 0, 0, 0, 0, 0, 0, 0, 0, 0, 0, 0, 0, 0, 0, 0, 0, 0, 0, 0, 0, 0, 0, 0, 0, 0, 0, 0, 0, 0, 0, 0, 0, 0, 0, 0, 0, '', '', '', '', '', '', '', '', '', '', '', '', '', '', '', 0, 0, 0, '2019-05-01', 0, 0),
(6, 2, 51, 0, 0, 2, 15440000, 0, 0, 0, 0, 0, 0, 0, 7, 998192, 0, 0, 0, 0, 37, 3681050, 0, 0, 0, 0, 0, 0, 0, 0, 0, 0, 0, 0, 0, 0, 0, 0, 0, 0, 0, 0, 0, 4679242, 1296258, 0, 0, 0, 0, 0, 6, 11914330, 47, 1299414, 0, 0, 0, 0, 0, 0, 1, 3156, 0, 0, 0, 0, 0, 0, 1281723, 0, 0, 0, 0, 0, 0, 0, 0, 0, 0, 0, 0, 0, 0, 0, 0, 0, 2577981, 0, 2101261, 0, 0, 0, 0, 186019, 0, 0, 0, 0, 0, 0, 0, 40067591, 1, 0, '400676', 0, 0, 0, 0, '0', 0, 0, 0, 0, '0', 0, 0, 2687956, '', '', '', '', 2687956, 0, 0, 0, 0, 0, 0, 0, 0, 0, 0, 0, 0, 0, 0, 0, 0, 0, 0, 0, 0, 0, 0, 0, 0, 0, 0, 0, 0, 0, 0, 0, 0, 0, 0, 0, 0, 0, 0, 0, 0, 0, 0, 0, 0, 0, 0, 0, 0, 0, 0, 0, 0, 0, 0, 0, 0, 0, 0, 0, 0, 0, 0, 0, 0, 0, 0, 0, 0, 0, 0, 0, 0, 0, '', '', '', '', '', '', '', '', '', '', '', '', '', '', '', 0, 0, 0, '2019-06-01', 0, 0),
(7, 2, 51, 0, 0, 2, 40689000, 0, 0, 0, 0, 0, 0, 0, 5, 3003911, 0, 0, 0, 0, 42, 4302145, 1, 15871, 0, 0, 0, 0, 0, 0, 0, 0, 0, 0, 0, 0, 0, 0, 0, 0, 0, 0, 0, 7321927, 2412559, 0, 0, 0, 0, 0, 8, 20357960, 50, 3325836, 0, 0, 0, 0, 0, 0, 2, 913277, 0, 0, 0, 0, 0, 0, 0, 0, 0, 0, 0, 0, 0, 0, 0, 0, 0, 0, 0, 0, 0, 0, 0, 0, 2412559, 0, 4909368, 0, 0, 0, 0, 186602, 0, 0, 0, 0, 0, 0, 0, 79220624, 1, 0, '792206', 0, 0, 0, 0, '0', 0, 0, 0, 0, '0', 0, 0, 5888176, '', '', '', '', 5888176, 0, 0, 0, 0, 0, 0, 0, 0, 0, 0, 0, 0, 0, 0, 0, 0, 0, 0, 0, 0, 0, 0, 0, 0, 0, 0, 0, 0, 0, 0, 0, 0, 0, 0, 0, 0, 0, 0, 0, 0, 0, 0, 0, 0, 0, 0, 0, 0, 0, 0, 0, 0, 0, 0, 0, 0, 0, 0, 0, 0, 0, 0, 0, 0, 0, 0, 0, 0, 0, 0, 0, 0, 0, '', '', '', '', '', '', '', '', '', '', '', '', '', '', '', 0, 0, 0, '2019-07-01', 0, 0),
(8, 2, 51, 0, 0, 4, 32755000, 0, 0, 0, 0, 0, 0, 0, 6, 519948, 0, 0, 0, 0, 18, 1717984, 0, 0, 0, 0, 0, 0, 0, 0, 0, 0, 0, 0, 0, 0, 0, 0, 0, 0, 0, 0, 0, 2237932, 1789705, 0, 0, 0, 0, 0, 6, 18105018, 57, 1789705, 0, 0, 0, 0, 0, 0, 0, 0, 0, 0, 0, 0, 0, 0, 0, 0, 0, 0, 0, 0, 0, 0, 0, 0, 0, 0, 0, 0, 0, 0, 0, 0, 1789705, 0, 448227, 0, 0, 0, 0, 178963, 0, 0, 0, 0, 0, 0, 0, 44533584, 1, 0, '445336', 0, 0, 0, 0, '0', 0, 0, 0, 0, '0', 0, 0, 1072526, '', '', '', '', 1072526, 0, 0, 0, 0, 0, 0, 0, 0, 0, 0, 0, 0, 0, 0, 0, 0, 0, 0, 0, 0, 0, 0, 0, 0, 0, 0, 0, 0, 0, 0, 0, 0, 0, 0, 0, 0, 0, 0, 0, 0, 0, 0, 0, 0, 0, 0, 0, 0, 0, 0, 0, 0, 0, 0, 0, 0, 0, 0, 0, 0, 0, 0, 0, 0, 0, 0, 0, 0, 0, 0, 0, 0, 0, '', '', '', '', '', '', '', '', '', '', '', '', '', '', '', 0, 0, 0, '2019-08-01', 0, 0),
(9, 2, 51, 0, 0, 1, 6170000, 0, 0, 0, 0, 0, 0, 0, 8, 1121392, 0, 0, 0, 0, 13, 718487, 0, 0, 0, 0, 0, 0, 0, 0, 0, 0, 0, 0, 0, 0, 0, 0, 0, 0, 0, 0, 0, 1839879, 1049172, 0, 0, 0, 0, 0, 6, 23843763, 39, 1847491, 0, 0, 0, 0, 0, 0, 1, 798319, 0, 0, 0, 0, 0, 0, 0, 0, 0, 0, 0, 0, 0, 0, 0, 0, 0, 0, 0, 0, 0, 0, 0, 0, 1049172, 0, 790707, 0, 0, 0, 0, 106437, 0, 0, 0, 0, 0, 0, 0, 15853572, 1, 0, '158536', 0, 0, 0, 0, '0', 0, 0, 0, 0, '0', 0, 0, 1055680, '', '', '', '', 1055680, 0, 0, 0, 0, 0, 0, 0, 0, 0, 0, 0, 0, 0, 0, 0, 0, 0, 0, 0, 0, 0, 0, 0, 0, 0, 0, 0, 0, 0, 0, 0, 0, 0, 0, 0, 0, 0, 0, 0, 0, 0, 0, 0, 0, 0, 0, 0, 0, 0, 0, 0, 0, 0, 0, 0, 0, 0, 0, 0, 0, 0, 0, 0, 0, 0, 0, 0, 0, 0, 0, 0, 0, 0, '', '', '', '', '', '', '', '', '', '', '', '', '', '', '', 0, 0, 0, '2019-09-01', 0, 0),
(10, 2, 10, 0, 0, 25, 2724911, 0, 0, 0, 0, 0, 0, 0, 0, 0, 0, 0, 0, 0, 0, 0, 0, 0, 0, 0, 0, 0, 0, 0, 0, 0, 0, 0, 0, 0, 0, 0, 0, 0, 0, 0, 0, 0, 0, 53350, 6, 280793, 0, 0, 3, 243354, 0, 0, 0, 0, 0, 0, 0, 0, 0, 0, 0, 0, 0, 0, 0, 0, 0, 0, 0, 0, 0, 0, 0, 0, 0, 0, 0, 0, 0, 0, 0, 0, 0, 0, 0, 0, 0, 0, 0, 0, 0, 35564, 0, 0, 0, 0, 0, 0, 0, 2724911, 1.4, 0, '38149', 0, 0, 0, 0, '0', 0, 0, 0, 0, '0', 0, 0, 73713, '', '', '', '', 73713, 0, 0, 0, 0, 0, 0, 0, 0, 0, 0, 0, 0, 0, 0, 0, 0, 0, 0, 0, 0, 0, 0, 0, 0, 0, 0, 0, 0, 0, 0, 0, 0, 0, 0, 0, 0, 0, 0, 0, 0, 0, 0, 0, 0, 0, 0, 0, 0, 0, 0, 0, 0, 0, 0, 0, 0, 0, 0, 0, 0, 0, 0, 0, 0, 0, 0, 0, 0, 0, 0, 0, 0, 0, '', '', '', '', '', '', '', '', '', '', '', '', '', '', '', 0, 0, 0, '2019-01-01', 0, 0),
(11, 2, 10, 0, 0, 20, 4675331, 0, 0, 0, 0, 0, 0, 0, 0, 0, 0, 0, 0, 0, 0, 0, 0, 0, 0, 0, 0, 0, 0, 0, 0, 0, 0, 0, 0, 0, 0, 0, 0, 0, 0, 0, 0, 0, 0, 58179, 8, 305200, 0, 0, 1, 98720, 0, 0, 0, 0, 0, 0, 0, 0, 0, 0, 0, 0, 0, 0, 0, 0, 0, 0, 0, 0, 0, 0, 0, 0, 0, 0, 0, 0, 0, 0, 0, 0, 0, 0, 0, 0, 0, 0, 0, 0, 0, 35614, 0, 0, 0, 0, 0, 0, 0, 4675331, 1.4, 0, '65455', 0, 0, 0, 0, '0', 0, 0, 0, 0, '0', 0, 0, 101069, '', '', '', '', 101069, 0, 0, 0, 0, 0, 0, 0, 0, 0, 0, 0, 0, 0, 0, 0, 0, 0, 0, 0, 0, 0, 0, 0, 0, 0, 0, 0, 0, 0, 0, 0, 0, 0, 0, 0, 0, 0, 0, 0, 0, 0, 0, 0, 0, 0, 0, 0, 0, 0, 0, 0, 0, 0, 0, 0, 0, 0, 0, 0, 0, 0, 0, 0, 0, 0, 0, 0, 101069, 0, 0, 0, 0, 0, '', '', '', '', '', '', '', '', '', '', '', '', '', '', '', 0, 0, 0, '2019-02-01', 0, 0),
(12, 2, 10, 0, 0, 31, 4471526, 0, 0, 0, 0, 0, 0, 0, 0, 0, 0, 0, 0, 0, 0, 0, 0, 0, 0, 0, 0, 0, 0, 0, 0, 0, 0, 0, 0, 0, 0, 0, 0, 0, 0, 0, 0, 0, 0, 74048, 9, 389724, 0, 0, 2, 114624, 0, 0, 0, 0, 0, 0, 0, 0, 0, 0, 0, 0, 0, 0, 0, 0, 0, 0, 0, 0, 0, 0, 0, 0, 0, 0, 0, 0, 0, 0, 0, 0, 0, 0, 0, 0, 0, 0, 0, 0, 0, 35560, 19609, 0, 0, 0, 0, 0, 0, 4471526, 1.4, 0, '62601', 0, 0, 0, 0, '0', 0, 0, 0, 0, '0', 0, 0, 117770, '', '', '', '', 117770, 0, 0, 0, 0, 0, 0, 0, 0, 0, 0, 0, 0, 0, 0, 0, 0, 0, 0, 0, 0, 0, 0, 0, 0, 0, 0, 0, 0, 0, 0, 0, 0, 0, 0, 0, 0, 0, 0, 0, 0, 0, 0, 0, 0, 0, 0, 0, 0, 0, 0, 0, 0, 0, 0, 0, 0, 0, 0, 0, 0, 0, 0, 0, 0, 0, 0, 0, 117766, 0, 0, 0, 0, 0, '', '', '', '', '', '', '', '', '', '', '', '', '', '', '', 0, 0, 0, '2019-03-01', 0, 0),
(13, 2, 10, 0, 0, 42, 9001905, 0, 0, 0, 0, 0, 0, 0, 0, 0, 0, 0, 0, 0, 0, 0, 0, 0, 0, 0, 0, 0, 0, 0, 0, 0, 0, 0, 0, 0, 0, 0, 0, 0, 0, 0, 0, 0, 0, 72226, 9, 380141, 0, 0, 1, 72522, 0, 0, 0, 0, 0, 0, 0, 0, 0, 0, 0, 0, 0, 0, 0, 0, 0, 0, 0, 0, 0, 0, 0, 0, 0, 0, 0, 0, 0, 0, 0, 0, 0, 0, 0, 0, 0, 0, 0, 0, 0, 35540, 13767, 0, 0, 0, 0, 0, 0, 9001905, 1, 0, '90019', 0, 0, 0, 0, '0', 0, 0, 0, 0, '0', 0, 0, 139326, '', '', '', '', 139326, 0, 0, 0, 0, 0, 0, 0, 0, 0, 0, 0, 0, 0, 0, 0, 0, 0, 0, 0, 0, 0, 0, 0, 0, 0, 0, 0, 0, 0, 0, 0, 0, 0, 0, 0, 0, 0, 0, 0, 0, 0, 0, 0, 0, 0, 0, 0, 0, 0, 0, 0, 0, 0, 0, 0, 0, 0, 0, 0, 0, 0, 0, 0, 0, 0, 0, 0, 139326, 0, 0, 0, 0, 0, '', '', '', '', '', '', '', '', '', '', '', '', '', '', '', 0, 0, 0, '2019-04-01', 0, 0),
(14, 2, 10, 0, 0, 46, 5801350, 0, 0, 0, 0, 0, 0, 0, 0, 0, 0, 0, 0, 0, 0, 0, 0, 0, 0, 0, 0, 0, 0, 0, 0, 0, 0, 0, 0, 0, 0, 0, 0, 0, 0, 0, 0, 0, 0, 32767, 6, 172462, 0, 0, 4, 642709, 0, 0, 0, 0, 0, 0, 0, 0, 0, 0, 0, 0, 0, 0, 0, 0, 0, 0, 0, 0, 0, 0, 0, 0, 0, 0, 0, 0, 0, 0, 0, 0, 0, 0, 0, 0, 0, 0, 0, 0, 0, 35257, 30057, 0, 0, 0, 0, 0, 0, 5801350, 1, 0, '58014', 0, 0, 0, 0, '0', 0, 0, 0, 0, '0', 0, 0, 123328, '', '', '', '', 123328, 0, 0, 0, 0, 0, 0, 0, 0, 0, 0, 0, 0, 0, 0, 0, 0, 0, 0, 0, 0, 0, 0, 0, 0, 0, 0, 0, 0, 0, 0, 0, 0, 0, 0, 0, 0, 0, 0, 0, 0, 0, 0, 0, 0, 0, 0, 0, 0, 0, 0, 0, 0, 0, 0, 0, 0, 0, 0, 0, 0, 0, 0, 0, 0, 0, 0, 0, 123328, 0, 0, 0, 0, 0, '', '', '', '', '', '', '', '', '', '', '', '', '', '', '', 0, 0, 0, '2019-05-01', 0, 0),
(15, 2, 10, 0, 0, 44, 7747055, 0, 0, 0, 0, 0, 0, 0, 0, 0, 0, 0, 0, 0, 0, 0, 0, 0, 0, 0, 0, 0, 0, 0, 0, 0, 0, 0, 0, 0, 0, 0, 0, 0, 0, 0, 0, 0, 0, 139520, 16, 734312, 0, 0, 2, 190152, 0, 0, 0, 0, 0, 0, 0, 0, 0, 0, 0, 0, 0, 0, 0, 0, 0, 0, 0, 0, 0, 0, 0, 0, 0, 0, 0, 0, 0, 0, 0, 0, 0, 0, 0, 0, 0, 0, 0, 0, 0, 35069, 30703, 0, 0, 0, 0, 0, 0, 7747055, 1, 0, '77471', 0, 0, 0, 0, '0', 0, 0, 0, 0, '0', 0, 0, 143243, '', '', '', '', 143243, 0, 0, 0, 0, 0, 0, 0, 0, 0, 0, 0, 0, 0, 0, 0, 0, 0, 0, 0, 0, 0, 0, 0, 0, 0, 0, 0, 0, 0, 0, 0, 0, 0, 0, 0, 0, 0, 0, 0, 0, 0, 0, 0, 0, 0, 0, 0, 0, 0, 0, 0, 0, 0, 0, 0, 0, 0, 0, 0, 0, 0, 0, 0, 0, 0, 0, 0, 143243, 0, 0, 0, 0, 0, '', '', '', '', '', '', '', '', '', '', '', '', '', '', '', 0, 0, 0, '2019-06-01', 0, 0),
(16, 2, 10, 0, 0, 37, 2591316, 0, 0, 0, 0, 0, 0, 0, 0, 0, 0, 0, 0, 0, 0, 0, 0, 0, 0, 0, 0, 0, 0, 0, 0, 0, 0, 0, 0, 0, 0, 0, 0, 0, 0, 0, 0, 0, 0, 134878, 18, 709886, 0, 0, 4, 305380, 0, 0, 0, 0, 0, 0, 0, 0, 0, 0, 0, 0, 0, 0, 0, 0, 0, 0, 0, 0, 0, 0, 0, 0, 0, 0, 0, 0, 0, 0, 0, 0, 0, 0, 0, 0, 0, 0, 0, 0, 0, 34744, 34807, 0, 0, 0, 0, 0, 0, 2591316, 1, 0, '25913', 0, 0, 0, 0, '0', 0, 0, 0, 0, '0', 0, 0, 95464, '', '', '', '', 95464, 0, 0, 0, 0, 0, 0, 0, 0, 0, 0, 0, 0, 0, 0, 0, 0, 0, 0, 0, 0, 0, 0, 0, 0, 0, 0, 0, 0, 0, 0, 0, 0, 0, 0, 0, 0, 0, 0, 0, 0, 0, 0, 0, 0, 0, 0, 0, 0, 0, 0, 0, 0, 0, 0, 0, 0, 0, 0, 0, 0, 0, 0, 0, 0, 0, 0, 0, 95464, 0, 0, 0, 0, 0, '', '', '', '', '', '', '', '', '', '', '', '', '', '', '', 0, 0, 0, '2019-07-01', 0, 0),
(17, 2, 10, 0, 0, 41, 6678508, 0, 0, 0, 0, 0, 0, 0, 0, 0, 0, 0, 0, 0, 0, 0, 0, 0, 0, 0, 0, 0, 0, 0, 0, 0, 0, 0, 0, 0, 0, 0, 0, 0, 0, 0, 0, 0, 0, 181092, 17, 952119, 0, 0, 1, 145000, 0, 0, 0, 0, 0, 0, 0, 0, 0, 0, 0, 0, 0, 0, 0, 0, 0, 0, 0, 0, 0, 0, 0, 0, 0, 0, 0, 0, 0, 0, 0, 0, 0, 0, 0, 0, 0, 0, 0, 0, 0, 34735, 155106, 0, 0, 0, 0, 0, 0, 6678508, 1, 0, '66785', 0, 0, 0, 0, '0', 0, 0, 0, 0, '0', 0, 0, 256626, '', '', '', '', 256626, 0, 0, 0, 0, 0, 0, 0, 0, 0, 0, 0, 0, 0, 0, 0, 0, 0, 0, 0, 0, 0, 0, 0, 0, 0, 0, 0, 0, 0, 0, 0, 0, 0, 0, 0, 0, 0, 0, 0, 0, 0, 0, 0, 0, 0, 0, 0, 0, 0, 0, 0, 0, 0, 0, 0, 0, 0, 0, 0, 0, 0, 0, 0, 0, 0, 0, 0, 256626, 0, 0, 0, 0, 0, '', '', '', '', '', '', '', '', '', '', '', '', '', '', '', 0, 0, 0, '2019-08-01', 0, 0),
(18, 2, 10, 0, 0, 25, 3654282, 0, 0, 0, 0, 0, 0, 0, 0, 0, 0, 0, 0, 0, 0, 0, 0, 0, 0, 0, 0, 0, 0, 0, 0, 0, 0, 0, 0, 0, 0, 0, 0, 0, 0, 0, 0, 0, 0, 56748, 7, 298671, 0, 0, 2, 157440, 0, 0, 0, 0, 0, 0, 0, 0, 0, 0, 0, 0, 0, 0, 0, 0, 0, 0, 0, 0, 0, 0, 0, 0, 0, 0, 0, 0, 0, 0, 0, 0, 0, 0, 0, 0, 0, 0, 0, 0, 0, 34362, 74960, 0, 0, 0, 0, 0, 0, 3654282, 1, 0, '36543', 0, 0, 0, 0, '0', 0, 0, 0, 0, '0', 0, 0, 145865, '', '', '', '', 145865, 0, 0, 0, 0, 0, 0, 0, 0, 0, 0, 0, 0, 0, 0, 0, 0, 0, 0, 0, 0, 0, 0, 0, 0, 0, 0, 0, 0, 0, 0, 0, 0, 0, 0, 0, 0, 0, 0, 0, 0, 0, 0, 0, 0, 0, 0, 0, 0, 0, 0, 0, 0, 0, 0, 0, 0, 0, 0, 0, 0, 0, 0, 0, 0, 0, 0, 0, 145865, 0, 0, 0, 0, 0, '', '', '', '', '', '', '', '', '', '', '', '', '', '', '', 0, 0, 0, '2019-09-01', 0, 0),
(19, 2, 53, 0, 0, 0, 0, 0, 0, 0, 0, 0, 0, 0, 23, 2953178, 0, 0, 0, 0, 10104, 8434151, 1699, 2118402, 0, 0, 0, 0, 0, 0, 0, 0, 0, 0, 0, 0, 0, 0, 0, 0, 0, 0, 0, 13505731, 6589674, 0, 0, 0, 0, 0, 2, 2188724, 222, 6809502, 0, 0, 0, 0, 0, 0, 9, 219828, 0, 0, 0, 0, 0, 0, 0, 0, 0, 0, 0, 0, 0, 0, 0, 0, 0, 0, 0, 0, 0, 0, 0, 0, 6589674, 0, 6916057, 0, 0, 0, 0, 75395, 0, 0, 0, 0, 0, 0, 0, 71082825, 0.4, 0, '284331', 0, 0, 0, 0, '0', 0, 0, 0, 0, '0', 0, 0, 7275783, '', '', '', '', 7275783, 0, 0, 0, 0, 0, 0, 0, 0, 0, 0, 0, 0, 0, 0, 0, 0, 0, 0, 0, 0, 0, 0, 0, 0, 0, 0, 0, 0, 0, 0, 0, 0, 0, 0, 0, 0, 0, 0, 0, 0, 0, 0, 0, 0, 0, 0, 0, 0, 0, 0, 0, 0, 0, 0, 0, 0, 0, 0, 0, 0, 0, 0, 0, 0, 0, 0, 0, 7275783, 0, 0, 0, 0, 0, '', '', '', '', '', '', '', '', '', '', '', '', '', '', '', 0, 0, 0, '2019-01-01', 0, 0),
(20, 2, 53, 0, 0, 0, 0, 0, 0, 0, 0, 0, 0, 0, 17, 1160425, 0, 0, 0, 0, 9486, 7568110, 1386, 1852450, 0, 0, 1, 35720, 1, 6227, 0, 0, 0, 0, 0, 0, 0, 0, 0, 0, 0, 0, 0, 10539038, 7315964, 0, 0, 0, 0, 0, 1, 2187100, 274, 7769159, 0, 0, 0, 0, 0, 0, 4, 453195, 0, 0, 0, 0, 0, 0, 0, 0, 0, 0, 0, 0, 0, 0, 0, 0, 0, 0, 0, 0, 0, 0, 0, 0, 7315964, 0, 3223074, 0, 0, 0, 0, 75901, 0, 0, 0, 0, 0, 0, 0, 55468624, 0.4, 0, '221874', 0, 0, 0, 0, '0', 0, 0, 0, 0, '0', 0, 0, 3520849, '', '', '', '', 3520849, 0, 0, 0, 0, 0, 0, 0, 0, 0, 0, 0, 0, 0, 0, 0, 0, 0, 0, 0, 0, 0, 0, 0, 0, 0, 0, 0, 0, 0, 0, 0, 0, 0, 0, 0, 0, 0, 0, 0, 0, 0, 0, 0, 0, 0, 0, 0, 0, 0, 0, 0, 0, 0, 0, 0, 0, 0, 0, 0, 0, 0, 0, 0, 0, 0, 0, 0, 0, 0, 0, 0, 0, 0, '', '', '', '', '', '', '', '', '', '', '', '', '', '', '', 0, 0, 0, '2019-02-01', 0, 0),
(21, 2, 53, 0, 0, 0, 0, 0, 0, 0, 0, 0, 0, 0, 20, 1611417, 0, 0, 0, 0, 12340, 9669467, 1945, 2517299, 0, 0, 1, 29379, 1, 5697, 0, 0, 0, 0, 0, 0, 0, 0, 0, 0, 0, 0, 0, 13763107, 10447509, 0, 0, 0, 0, 0, 4, 2764050, 512, 10760426, 0, 0, 0, 0, 0, 0, 6, 312917, 0, 0, 0, 0, 0, 0, 0, 0, 0, 0, 0, 0, 0, 0, 0, 0, 0, 0, 0, 0, 0, 0, 0, 0, 10447509, 0, 3315598, 0, 0, 0, 0, 77546, 0, 0, 0, 0, 0, 0, 0, 72437436, 0.4, 0, '289750', 0, 0, 0, 0, '0', 0, 0, 0, 0, '0', 0, 0, 3682894, '', '', '', '', 3682894, 0, 0, 0, 0, 0, 0, 0, 0, 0, 0, 0, 0, 0, 0, 0, 0, 0, 0, 0, 0, 0, 0, 0, 0, 0, 0, 0, 0, 0, 0, 0, 0, 0, 0, 0, 0, 0, 0, 0, 0, 0, 0, 0, 0, 0, 0, 0, 0, 0, 0, 0, 0, 0, 0, 0, 0, 0, 0, 0, 0, 0, 0, 0, 0, 0, 0, 0, 3682902, 0, 0, 0, 0, 0, '', '', '', '', '', '', '', '', '', '', '', '', '', '', '', 0, 0, 0, '2019-03-01', 0, 0),
(22, 2, 53, 0, 0, 0, 0, 0, 0, 0, 0, 0, 0, 0, 20, 2110446, 0, 0, 0, 0, 11961, 9477519, 1960, 2742701, 0, 0, 1, 1967, 2, 6560, 0, 0, 0, 0, 0, 0, 0, 0, 0, 0, 0, 0, 0, 14322139, 9594353, 0, 0, 0, 0, 0, 1, 909670, 394, 9713135, 0, 0, 0, 0, 0, 0, 11, 118782, 0, 0, 0, 0, 0, 0, 0, 0, 0, 0, 0, 0, 0, 0, 0, 0, 0, 0, 0, 0, 0, 0, 0, 0, 9594353, 0, 4727786, 0, 0, 0, 0, 76424, 0, 0, 0, 0, 0, 0, 0, 75379681, 2.7, 0, '2035251', 0, 0, 0, 0, '0', 0, 0, 0, 0, '0', 0, 0, 6839461, '', '', '', '', 6839461, 0, 0, 0, 0, 0, 0, 0, 0, 0, 0, 0, 0, 0, 0, 0, 0, 0, 0, 0, 0, 0, 0, 0, 0, 0, 0, 0, 0, 0, 0, 0, 0, 0, 0, 0, 0, 0, 0, 0, 0, 0, 0, 0, 0, 0, 0, 0, 0, 0, 0, 0, 0, 0, 0, 0, 0, 0, 0, 0, 0, 0, 0, 0, 0, 0, 0, 0, 6839461, 0, 0, 0, 0, 0, '', '', '', '', '', '', '', '', '', '', '', '', '', '', '', 0, 0, 0, '2019-04-01', 0, 0),
(23, 2, 53, 0, 0, 0, 0, 0, 0, 0, 0, 0, 0, 0, 18, 2872253, 0, 0, 0, 0, 12869, 10296137, 2129, 2873452, 0, 0, 0, 0, 1, 573, 0, 0, 0, 0, 0, 0, 0, 0, 0, 0, 0, 0, 0, 16041269, 10497684, 0, 0, 0, 0, 0, 3, 3475792, 596, 10573244, 0, 0, 0, 0, 0, 0, 7, 75560, 0, 0, 0, 0, 0, 0, 0, 0, 0, 0, 0, 0, 0, 0, 0, 0, 0, 0, 0, 0, 0, 0, 0, 0, 10497684, 0, 5543585, 0, 0, 0, 0, 76008, 0, 0, 0, 0, 0, 0, 0, 84427776, 2.7, 0, '2279550', 0, 0, 0, 0, '0', 0, 0, 0, 0, '0', 0, 0, 7899143, '', '', '', '', 7899143, 0, 0, 0, 0, 0, 0, 0, 0, 0, 0, 0, 0, 0, 0, 0, 0, 0, 0, 0, 0, 0, 0, 0, 0, 0, 0, 0, 0, 0, 0, 0, 0, 0, 0, 0, 0, 0, 0, 0, 0, 0, 0, 0, 0, 0, 0, 0, 0, 0, 0, 0, 0, 0, 0, 0, 0, 0, 0, 0, 0, 0, 0, 0, 0, 0, 0, 0, 7899143, 0, 0, 0, 0, 0, '', '', '', '', '', '', '', '', '', '', '', '', '', '', '', 0, 0, 0, '2019-05-01', 0, 0),
(24, 2, 53, 0, 0, 0, 0, 0, 0, 0, 0, 0, 0, 0, 16, 2044542, 0, 0, 0, 0, 12799, 10578924, 2216, 3243840, 0, 0, 0, 0, 2, 4627, 0, 0, 0, 0, 0, 0, 0, 0, 0, 0, 0, 0, 0, 15862679, 10053033, 0, 0, 0, 0, 0, 2, 2204560, 365, 10350835, 0, 0, 0, 0, 0, 0, 2, 297802, 0, 0, 0, 0, 0, 0, 0, 0, 0, 0, 0, 0, 0, 0, 0, 0, 0, 0, 0, 0, 0, 0, 0, 0, 10053033, 0, 5809646, 0, 0, 0, 0, 77569, 0, 0, 0, 0, 0, 0, 0, 83487775, 2.7, 0, '2254170', 0, 0, 0, 0, '0', 0, 0, 0, 0, '0', 0, 0, 8141385, '', '', '', '', 8141385, 0, 0, 0, 0, 0, 0, 0, 0, 0, 0, 0, 0, 0, 0, 0, 0, 0, 0, 0, 0, 0, 0, 0, 0, 0, 0, 0, 0, 0, 0, 0, 0, 0, 0, 0, 0, 0, 0, 0, 0, 0, 0, 0, 0, 0, 0, 0, 0, 0, 0, 0, 0, 0, 0, 0, 0, 0, 0, 0, 0, 0, 0, 0, 0, 0, 0, 0, 8141385, 0, 0, 0, 0, 0, '', '', '', '', '', '', '', '', '', '', '', '', '', '', '', 0, 0, 0, '2019-06-01', 0, 0),
(25, 2, 50, 0, 0, 0, 0, 0, 0, 0, 0, 0, 0, 0, 40, 3856357, 0, 0, 0, 0, 5092, 1516437, 0, 0, 0, 0, 0, 0, 0, 0, 0, 0, 0, 0, 0, 0, 0, 0, 0, 0, 0, 0, 0, 5372794, 2506793, 0, 0, 0, 0, 0, 0, 3756000, 66, 2523383, 0, 0, 0, 0, 0, 0, 4, 16590, 0, 0, 0, 0, 0, 0, 0, 0, 0, 0, 0, 0, 0, 0, 0, 0, 0, 0, 0, 0, 0, 0, 0, 0, 2506793, 0, 2866001, 0, 0, 0, 0, 0, 0, 0, 0, 0, 0, 0, 0, 28277856, 3.7, 0, '1046281', 0, 0, 0, 0, '0', 0, 0, 0, 0, '0', 0, 0, 3912282, '', '', '', '', 2682282, 0, 0, 0, 0, 0, 0, 0, 0, 0, 0, 0, 0, 0, 0, 0, 0, 0, 0, 0, 0, 0, 0, 0, 0, 0, 0, 0, 0, 0, 0, 0, 0, 0, 0, 0, 0, 0, 0, 0, 0, 1230000, 0, 0, 1230000, 0, 1230000, 0, 0, 0, 0, 0, 0, 0, 0, 0, 0, 0, 0, 0, 0, 0, 0, 0, 0, 0, 0, 0, 2682282, 0, 0, 0, 0, 0, '', '', '', '', '', '', '', '', '', '', '', '', '', '', '', 0, 0, 0, '2019-01-01', 0, 0),
(26, 2, 53, 0, 0, 0, 0, 0, 0, 0, 0, 0, 0, 0, 18, 2782547, 0, 0, 0, 0, 12153, 9893682, 2159, 2903744, 0, 0, 1, 11534, 1, 2155, 0, 0, 0, 0, 0, 0, 0, 0, 0, 0, 0, 0, 0, 15566284, 13032244, 0, 0, 0, 0, 0, 2, 2215963, 637, 13629862, 0, 0, 0, 0, 0, 0, 9, 597618, 0, 0, 0, 0, 0, 0, 0, 0, 0, 0, 0, 0, 0, 0, 0, 0, 0, 0, 0, 0, 0, 0, 0, 0, 13032244, 0, 2534040, 0, 0, 0, 0, 76187, 0, 0, 0, 0, 0, 0, 0, 81927833, 2.7, 0, '2212051', 0, 0, 0, 0, '0', 0, 0, 0, 0, '0', 0, 0, 4822278, '', '', '', '', 4822278, 0, 0, 0, 0, 0, 0, 0, 0, 0, 0, 0, 0, 0, 0, 0, 0, 0, 0, 0, 0, 0, 0, 0, 0, 0, 0, 0, 0, 0, 0, 0, 0, 0, 0, 0, 0, 0, 0, 0, 0, 0, 0, 0, 0, 0, 0, 0, 0, 0, 0, 0, 0, 0, 0, 0, 0, 0, 0, 0, 0, 0, 0, 0, 0, 0, 0, 0, 4822275, 0, 0, 0, 0, 0, '', '', '', '', '', '', '', '', '', '', '', '', '', '', '', 0, 0, 0, '2019-07-01', 0, 0),
(27, 2, 53, 0, 0, 0, 0, 0, 0, 0, 0, 0, 0, 0, 16, 862379, 0, 0, 0, 0, 11790, 9808924, 2213, 3111635, 0, 0, 2, 13665, 1, 2232, 0, 0, 0, 0, 0, 0, 0, 0, 0, 0, 0, 0, 0, 13767041, 10114729, 0, 0, 0, 0, 0, 2, 2219502, 750, 10190643, 0, 0, 0, 0, 0, 0, 12, 75914, 0, 0, 0, 0, 0, 0, 0, 0, 0, 0, 0, 0, 0, 0, 0, 0, 0, 0, 0, 0, 0, 0, 0, 0, 10114729, 0, 3652312, 0, 0, 0, 0, 61016, 27778, 0, 0, 0, 0, 0, 0, 72458089, 2.7, 0, '1956368', 0, 0, 0, 0, '0', 0, 0, 0, 0, '0', 0, 0, 5697474, '', '', '', '', 5697474, 0, 0, 0, 0, 0, 0, 0, 0, 0, 0, 0, 0, 0, 0, 0, 0, 0, 0, 0, 0, 0, 0, 0, 0, 0, 0, 0, 0, 0, 0, 0, 0, 0, 0, 0, 0, 0, 0, 0, 0, 0, 0, 0, 0, 0, 0, 0, 0, 0, 0, 0, 0, 0, 0, 0, 0, 0, 0, 0, 0, 0, 0, 0, 0, 0, 0, 0, 5697474, 0, 0, 0, 0, 0, '', '', '', '', '', '', '', '', '', '', '', '', '', '', '', 0, 0, 0, '2019-08-01', 0, 0),
(28, 2, 53, 0, 0, 0, 0, 0, 0, 0, 0, 0, 0, 0, 15, 558772, 0, 0, 0, 0, 9945, 8670862, 2513, 2932920, 0, 0, 3, 12658, 0, 0, 0, 0, 0, 0, 0, 0, 0, 0, 0, 0, 0, 0, 0, 12149896, 5916361, 0, 0, 0, 0, 0, 2, 2222794, 379, 6044315, 0, 0, 0, 0, 0, 0, 11, 127954, 0, 0, 0, 0, 0, 0, 0, 0, 0, 0, 0, 0, 0, 0, 0, 0, 0, 0, 0, 0, 0, 0, 0, 0, 5916361, 0, 6233535, 0, 0, 0, 0, 53209, 33333, 0, 0, 0, 0, 0, 0, 63946865, 2.7, 0, '1726565', 0, 0, 0, 0, '0', 0, 0, 0, 0, '0', 0, 0, 8046642, '', '', '', '', 8046642, 0, 0, 0, 0, 0, 0, 0, 0, 0, 0, 0, 0, 0, 0, 0, 0, 0, 0, 0, 0, 0, 0, 0, 0, 0, 0, 0, 0, 0, 0, 0, 0, 0, 0, 0, 0, 0, 0, 0, 0, 0, 0, 0, 0, 0, 0, 0, 0, 0, 0, 0, 0, 0, 0, 0, 0, 0, 0, 0, 0, 0, 0, 0, 0, 0, 0, 0, 8046642, 0, 0, 0, 0, 0, '', '', '', '', '', '', '', '', '', '', '', '', '', '', '', 0, 0, 0, '2019-09-01', 0, 0),
(29, 2, 50, 0, 0, 0, 0, 0, 0, 0, 0, 0, 0, 0, 40, 3777695, 0, 0, 0, 0, 4587, 1315177, 0, 0, 0, 0, 0, 0, 0, 0, 0, 0, 0, 0, 0, 0, 0, 0, 0, 0, 0, 0, 0, 5092872, 2259940, 0, 0, 0, 0, 0, 1, 244000, 60, 2269832, 0, 0, 0, 0, 0, 0, 3, 9892, 0, 0, 0, 0, 0, 0, 0, 0, 0, 0, 0, 0, 0, 0, 0, 0, 0, 0, 0, 0, 0, 0, 0, 0, 2259940, 0, 2832932, 0, 0, 0, 0, 0, 0, 0, 0, 0, 0, 0, 0, 26804598, 3.7, 0, '991770', 0, 0, 0, 0, '0', 0, 0, 0, 0, '0', 0, 0, 3824702, '', '', '', '', 2926106, 0, 0, 0, 0, 0, 0, 0, 0, 0, 0, 0, 0, 0, 0, 0, 0, 0, 0, 0, 0, 0, 0, 0, 0, 0, 0, 0, 0, 0, 0, 0, 0, 0, 0, 0, 0, 0, 0, 0, 0, 0, 0, 0, 0, 0, 0, 0, 0, 0, 0, 0, 0, 0, 0, 0, 0, 0, 0, 0, 0, 0, 0, 0, 0, 0, 0, 0, 0, 0, 0, 0, 0, 0, '', '', '', '', '', '', '', '', '', '', '', '', '', '', '', 0, 0, 0, '2019-02-01', 0, 0),
(30, 2, 50, 0, 0, 0, 0, 0, 0, 0, 0, 0, 0, 0, 45, 4172445, 0, 0, 0, 0, 4994, 1509393, 0, 0, 0, 0, 1, 16094, 0, 0, 0, 0, 0, 0, 0, 0, 0, 0, 0, 0, 0, 0, 0, 5665744, 3802225, 0, 0, 0, 0, 0, 2, 3748000, 84, 3807248, 0, 0, 0, 0, 0, 0, 2, 5023, 0, 0, 0, 0, 0, 0, 0, 0, 0, 0, 0, 0, 0, 0, 0, 0, 0, 0, 0, 0, 0, 0, 0, 0, 3802225, 0, 1863519, 0, 0, 0, 0, 0, 0, 0, 0, 0, 0, 0, 0, 29819707, 3.7, 0, '1103329', 0, 0, 0, 0, '0', 0, 0, 0, 0, '0', 0, 0, 2966848, '', '', '', '', 1298848, 0, 0, 0, 0, 0, 0, 0, 0, 0, 0, 0, 0, 0, 0, 0, 0, 0, 0, 0, 0, 0, 0, 0, 0, 0, 0, 0, 0, 0, 0, 0, 0, 0, 0, 0, 0, 0, 0, 0, 0, 1668000, 0, 0, 1668000, 0, 1668000, 0, 0, 0, 0, 0, 0, 0, 0, 0, 0, 0, 0, 0, 0, 0, 0, 0, 0, 0, 0, 0, 1298848, 0, 0, 0, 0, 0, '', '', '', '', '', '', '', '', '', '', '', '', '', '', '', 0, 0, 0, '2019-03-01', 0, 0),
(31, 2, 50, 0, 0, 0, 0, 0, 0, 0, 0, 0, 0, 0, 47, 4004888, 0, 0, 0, 0, 4975, 1440555, 0, 0, 0, 0, 0, 0, 0, 0, 0, 0, 0, 0, 0, 0, 0, 0, 0, 0, 0, 0, 0, 5445443, 4087173, 0, 0, 0, 0, 0, 4, 1248000, 98, 4099479, 0, 0, 0, 0, 0, 0, 6, 12306, 0, 0, 0, 0, 0, 0, 0, 0, 0, 0, 0, 0, 0, 0, 0, 0, 0, 0, 0, 0, 0, 0, 0, 0, 4087173, 0, 1358270, 0, 0, 0, 0, 0, 0, 0, 0, 0, 0, 0, 0, 28660226, 4.1, 0, '1175069', 0, 0, 0, 0, '0', 0, 0, 0, 0, '0', 0, 0, 2533339, '', '', '', '', 1175069, 0, 0, 0, 0, 0, 0, 0, 0, 0, 0, 0, 0, 0, 0, 0, 0, 0, 0, 0, 0, 0, 0, 0, 0, 0, 0, 0, 0, 0, 0, 0, 0, 0, 0, 0, 0, 0, 0, 0, 0, 1663728, 0, 0, 1663728, 0, 1358270, 0, 0, 0, 0, 0, 0, 0, 0, 0, 0, 0, 0, 0, 0, 0, 0, 0, 0, 0, 0, 0, 1175069, 0, 0, 0, 0, 0, '', '', '', '', '', '', '', '', '', '', '', '', '', '', '', 0, 0, 0, '2019-04-01', 0, 0),
(32, 2, 50, 0, 0, 0, 0, 0, 0, 0, 0, 0, 0, 0, 46, 4520594, 0, 0, 0, 0, 4348, 1511353, 0, 0, 0, 0, 0, 0, 0, 0, 0, 0, 0, 0, 0, 0, 0, 0, 0, 0, 0, 0, 0, 6031947, 4041867, 0, 0, 0, 0, 0, 3, 248000, 110, 4054434, 0, 0, 0, 0, 0, 0, 5, 12567, 0, 0, 0, 0, 0, 0, 0, 0, 0, 0, 0, 0, 0, 0, 0, 0, 0, 0, 0, 0, 0, 0, 0, 0, 4041867, 0, 1990080, 0, 0, 0, 0, 0, 0, 0, 0, 0, 0, 0, 0, 31747093, 4.1, 0, '1.301.631', 0, 0, 0, 0, '0', 0, 0, 0, 0, '0', 0, 0, 3291711, '', '', '', '', 1301631, 0, 0, 0, 0, 0, 0, 0, 0, 0, 0, 0, 0, 0, 0, 0, 0, 0, 0, 0, 0, 0, 0, 0, 0, 0, 0, 0, 0, 0, 0, 0, 0, 0, 0, 0, 0, 0, 0, 0, 0, 1735476, 306581, 0, 2042057, 0, 1990080, 0, 0, 0, 0, 0, 0, 0, 0, 0, 0, 0, 0, 0, 0, 0, 0, 0, 0, 0, 0, 0, 1301631, 0, 0, 0, 0, 0, '', '', '', '', '', '', '', '', '', '', '', '', '', '', '', 0, 0, 0, '2019-05-01', 0, 0),
(33, 2, 50, 0, 0, 0, 0, 0, 0, 0, 0, 0, 0, 0, 44, 4042742, 0, 0, 0, 0, 4593, 1572124, 0, 0, 0, 0, 0, 0, 0, 0, 0, 0, 0, 0, 0, 0, 0, 0, 0, 0, 0, 0, 0, 5614866, 2289507, 0, 0, 0, 0, 0, 1, 244000, 98, 2315398, 0, 0, 0, 0, 0, 0, 5, 25891, 0, 0, 0, 0, 0, 0, 0, 0, 0, 0, 0, 0, 0, 0, 0, 0, 0, 0, 0, 0, 0, 0, 0, 0, 2289507, 0, 3325359, 0, 0, 0, 0, 0, 0, 0, 0, 0, 0, 0, 0, 29551924, 4.1, 0, '1211629', 0, 0, 0, 0, '0', 0, 0, 0, 0, '0', 0, 0, 4536988, '', '', '', '', 3406876, 0, 0, 0, 0, 0, 0, 0, 0, 0, 0, 0, 0, 0, 0, 0, 0, 0, 0, 0, 0, 0, 0, 0, 0, 0, 0, 0, 0, 0, 0, 0, 0, 0, 0, 0, 0, 0, 0, 0, 0, 1077647, 52465, 0, 1130112, 0, 1130112, 0, 0, 0, 0, 0, 0, 0, 0, 0, 0, 0, 0, 0, 0, 0, 0, 0, 0, 0, 0, 0, 3406876, 0, 0, 0, 0, 0, '', '', '', '', '', '', '', '', '', '', '', '', '', '', '', 0, 0, 0, '2019-06-01', 0, 0),
(34, 2, 50, 0, 0, 0, 0, 0, 0, 0, 0, 0, 0, 0, 41, 4082068, 0, 0, 0, 0, 4704, 1645756, 0, 0, 0, 0, 0, 0, 0, 0, 0, 0, 0, 0, 0, 0, 0, 0, 0, 0, 0, 0, 0, 5727824, 5449243, 0, 0, 0, 0, 0, 3, 2608000, 150, 5470229, 0, 0, 0, 0, 0, 0, 7, 20986, 0, 0, 0, 0, 0, 0, 0, 0, 0, 0, 0, 0, 0, 0, 0, 0, 0, 0, 0, 0, 0, 0, 0, 0, 5449243, 0, 278581, 0, 0, 0, 0, 0, 0, 0, 0, 0, 0, 0, 0, 30146436, 4.1, 0, '1236004', 0, 0, 0, 0, '0', 0, 0, 0, 0, '0', 0, 0, 1514585, '', '', '', '', 1236004, 0, 0, 0, 0, 0, 0, 0, 0, 0, 0, 0, 0, 0, 0, 0, 0, 0, 0, 0, 0, 0, 0, 0, 0, 0, 0, 0, 0, 0, 0, 0, 0, 0, 0, 0, 0, 0, 0, 0, 0, 2234520, 0, 0, 2234520, 0, 278581, 0, 0, 0, 0, 0, 0, 0, 0, 0, 0, 0, 0, 0, 0, 0, 0, 0, 0, 0, 0, 0, 1236004, 0, 0, 0, 0, 0, '', '', '', '', '', '', '', '', '', '', '', '', '', '', '', 0, 0, 0, '2019-07-01', 0, 0),
(35, 2, 50, 0, 0, 0, 0, 0, 0, 0, 0, 0, 0, 0, 42, 4599745, 0, 0, 0, 0, 5294, 1614316, 0, 0, 0, 0, 0, 0, 0, 0, 0, 0, 0, 0, 0, 0, 0, 0, 0, 0, 0, 0, 0, 6214061, 4087604, 0, 0, 0, 0, 0, 0, 0, 134, 4088364, 0, 0, 0, 0, 0, 0, 1, 760, 0, 0, 0, 0, 0, 0, 0, 0, 0, 0, 0, 0, 0, 0, 0, 0, 0, 0, 0, 0, 0, 0, 0, 0, 4087604, 0, 2126457, 0, 0, 0, 0, 0, 0, 0, 0, 0, 0, 0, 0, 32705579, 4.1, 0, '1.340.929', 0, 0, 0, 0, '0', 0, 0, 0, 0, '0', 0, 0, 3467386, '', '', '', '', 1340929, 0, 0, 0, 0, 0, 0, 0, 0, 0, 0, 0, 0, 0, 0, 0, 0, 0, 0, 0, 0, 0, 0, 0, 0, 0, 0, 0, 0, 0, 0, 0, 0, 0, 0, 0, 0, 0, 0, 0, 0, 1502820, 1959836, 0, 3462656, 0, 2126457, 0, 0, 0, 0, 0, 0, 0, 0, 0, 0, 0, 0, 0, 0, 0, 0, 0, 0, 0, 0, 0, 1340929, 0, 0, 0, 0, 0, '', '', '', '', '', '', '', '', '', '', '', '', '', '', '', 0, 0, 0, '2019-08-01', 0, 0),
(36, 2, 50, 0, 0, 0, 0, 0, 0, 0, 0, 0, 0, 0, 42, 3954396, 0, 0, 0, 0, 5638, 1616185, 0, 0, 0, 0, 0, 0, 0, 0, 0, 0, 0, 0, 0, 0, 0, 0, 0, 0, 0, 0, 0, 5570581, 2932319, 0, 0, 0, 0, 0, 1, 244000, 117, 2937867, 0, 0, 0, 0, 0, 0, 4, 5548, 0, 0, 0, 0, 0, 0, 0, 0, 0, 0, 0, 0, 0, 0, 0, 0, 0, 0, 0, 0, 0, 0, 0, 0, 2932319, 0, 2638262, 0, 0, 0, 0, 0, 0, 0, 0, 0, 0, 0, 0, 29318839, 4.1, 0, '1202072', 0, 0, 0, 0, '0', 0, 0, 0, 0, '0', 0, 0, 3840334, '', '', '', '', 1677794, 0, 0, 0, 0, 0, 0, 0, 0, 0, 0, 0, 0, 0, 0, 0, 0, 0, 0, 0, 0, 0, 0, 0, 0, 0, 0, 0, 0, 0, 0, 0, 0, 0, 0, 0, 0, 0, 0, 0, 0, 823511, 1339029, 0, 2162540, 0, 2162540, 0, 0, 0, 0, 0, 0, 0, 0, 0, 0, 0, 0, 0, 0, 0, 0, 0, 0, 0, 0, 0, 1677794, 0, 0, 0, 0, 0, '', '', '', '', '', '', '', '', '', '', '', '', '', '', '', 0, 0, 0, '2019-09-01', 0, 0),
(37, 2, 23, 0, 0, 0, 0, 0, 0, 0, 0, 0, 0, 0, 4, 5549099, 0, 0, 0, 0, 0, 0, 0, 0, 0, 0, 0, 0, 0, 0, 0, 0, 0, 0, 0, 0, 0, 0, 0, 0, 0, 0, 0, 5549099, 4734658, 0, 0, 0, 0, 0, 0, 552213, 69, 3333757, 0, 0, 0, 0, 2, 1400901, 0, 0, 0, 0, 0, 0, 0, 0, 0, 0, 0, 0, 0, 0, 0, 0, 0, 0, 0, 0, 0, 0, 0, 0, 0, 0, 4734658, 0, 814441, 0, 0, 0, 0, 149137, 0, 0, 0, 0, 0, 0, 0, 29205790, 1, 0, '292058', 0, 0, 0, 0, '0', 0, 0, 0, 0, '0', 0, 0, 441195, '', '', '', '', 441195, 0, 0, 0, 0, 0, 0, 0, 0, 0, 0, 0, 0, 0, 0, 0, 0, 0, 0, 0, 0, 0, 0, 0, 0, 0, 0, 0, 0, 0, 0, 0, 0, 0, 0, 0, 0, 0, 0, 0, 0, 0, 0, 0, 0, 0, 0, 0, 0, 0, 0, 0, 0, 0, 0, 0, 0, 0, 0, 0, 0, 0, 0, 0, 0, 0, 0, 0, 0, 0, 0, 0, 0, 0, '', '', '', '', '', '', '', '', '', '', '', '', '', '', '', 0, 0, 0, '2019-01-01', 1, 0),
(38, 2, 23, 0, 0, 0, 0, 0, 0, 0, 0, 0, 0, 0, 9, 9012004, 0, 0, 0, 0, 0, 0, 0, 0, 0, 0, 1, 1279080, 0, 0, 0, 0, 0, 0, 0, 0, 0, 0, 0, 0, 0, 0, 0, 7732924, 5417698, 0, 0, 0, 0, 0, 6, 1418614, 91, 5429102, 0, 0, 0, 0, 0, 0, 1, 15960, 1, 4556, 1, 980556, 0, 0, 0, 0, 0, 0, 0, 0, 0, 0, 0, 0, 0, 0, 0, 0, 0, 0, 0, 0, 6398254, 0, 1334670, 0, 0, 0, 0, 148268, 0, 0, 0, 0, 0, 0, 0, 40699600, 1, 0, '406996', 0, 0, 0, 0, '0', 0, 0, 0, 0, '0', 0, 0, 555264, '', '', '', '', 555264, 0, 0, 0, 0, 0, 0, 0, 0, 0, 0, 0, 0, 0, 0, 0, 0, 0, 0, 0, 0, 0, 0, 0, 0, 0, 0, 0, 0, 0, 0, 0, 0, 0, 0, 0, 0, 0, 0, 0, 0, 0, 0, 0, 0, 0, 0, 0, 0, 0, 0, 0, 0, 0, 0, 0, 0, 0, 0, 0, 0, 0, 0, 0, 0, 0, 0, 0, 0, 0, 0, 0, 0, 0, '', '', '', '', '', '', '', '', '', '', '', '', '', '', '', 0, 0, 0, '2019-02-01', 1, 0),
(39, 2, 23, 0, 0, 0, 0, 0, 0, 0, 0, 0, 0, 0, 21, 16356656, 0, 0, 0, 0, 0, 0, 0, 0, 0, 0, 2, 1682618, 0, 0, 0, 0, 0, 0, 0, 0, 0, 0, 0, 0, 0, 0, 0, 14674038, 14731124, 0, 0, 0, 0, 0, 7, 375973, 108, 14893742, 0, 0, 0, 0, 0, 0, 5, 162618, 0, 0, 0, 0, 0, 0, 0, 0, 0, 0, 0, 0, 0, 0, 0, 0, 0, 0, 0, 0, 0, 0, 0, 0, 14731124, 57086, 0, 0, 0, 0, 0, 158427, 278200, 0, 0, 0, 0, 0, 0, 77231782, 1, 0, '772318', 0, 0, 0, 0, '0', 0, 0, 0, 0, '0', 0, 0, 1208945, '', '', '', '', 1208945, 0, 0, 0, 0, 0, 0, 0, 0, 0, 0, 0, 0, 0, 0, 0, 0, 0, 0, 0, 0, 0, 0, 0, 0, 0, 0, 0, 0, 0, 0, 0, 0, 0, 0, 0, 0, 0, 0, 0, 0, 0, 0, 0, 0, 0, 0, 0, 0, 0, 0, 0, 0, 0, 0, 0, 0, 0, 0, 0, 0, 0, 0, 0, 0, 0, 0, 0, 0, 0, 0, 0, 0, 0, '', '', '', '', '', '', '', '', '', '', '', '', '', '', '', 0, 0, 0, '2019-03-01', 0, 0),
(40, 2, 23, 0, 0, 0, 0, 0, 0, 0, 0, 0, 0, 0, 23, 19194267, 0, 0, 0, 0, 0, 0, 0, 0, 1, 25394, 4, 1836545, 0, 0, 0, 0, 0, 0, 0, 0, 0, 0, 0, 0, 0, 0, 0, 17383116, 15992362, 0, 0, 0, 0, 0, 4, 235118, 110, 16128316, 0, 0, 0, 0, 0, 0, 3, 135954, 0, 0, 0, 0, 0, 0, 57342, 0, 0, 0, 0, 0, 0, 0, 0, 0, 0, 0, 0, 0, 0, 0, 0, 0, 16049704, 0, 1333412, 0, 0, 0, 0, 155990, 163400, 0, 0, 0, 0, 0, 0, 91490084, 1.4, 0, '1280861', 0, 0, 0, 0, '0', 0, 0, 0, 0, '0', 0, 0, 1600251, '', '', '', '', 1600251, 0, 0, 0, 0, 0, 0, 0, 0, 0, 0, 0, 0, 0, 0, 0, 0, 0, 0, 0, 0, 0, 0, 0, 0, 0, 0, 0, 0, 0, 0, 0, 0, 0, 0, 0, 0, 0, 0, 0, 0, 0, 0, 0, 0, 0, 0, 0, 0, 0, 0, 0, 0, 0, 0, 0, 0, 0, 0, 0, 0, 0, 0, 0, 0, 0, 0, 0, 0, 0, 0, 0, 0, 0, '', '', '', '', '', '', '', '', '', '', '', '', '', '', '', 0, 0, 0, '2019-04-01', 1, 0),
(41, 2, 23, 0, 0, 0, 0, 0, 0, 0, 0, 0, 0, 0, 26, 26121411, 0, 0, 0, 0, 0, 0, 0, 0, 0, 0, 4, 4938691, 0, 0, 0, 0, 0, 0, 0, 0, 0, 0, 0, 0, 0, 0, 0, 21182720, 13176765, 0, 0, 0, 0, 0, 11, 1095178, 112, 13339644, 0, 0, 0, 0, 0, 0, 4, 162879, 0, 0, 1, 4238040, 0, 0, 0, 0, 0, 0, 0, 0, 0, 0, 0, 0, 0, 0, 0, 0, 0, 0, 0, 0, 17414805, 0, 3767915, 0, 0, 0, 0, 153409, 153000, 0, 0, 0, 0, 0, 0, 111487987, 1.4, 0, '1560832', 0, 0, 0, 0, '0', 0, 0, 0, 0, '0', 0, 0, 5635156, '', '', '', '', 5635156, 0, 0, 0, 0, 0, 0, 0, 0, 0, 0, 0, 0, 0, 0, 0, 0, 0, 0, 0, 0, 0, 0, 0, 0, 0, 0, 0, 0, 0, 0, 0, 0, 0, 0, 0, 0, 0, 0, 0, 0, 0, 0, 0, 0, 0, 0, 0, 0, 0, 0, 0, 0, 0, 0, 0, 0, 0, 0, 0, 0, 0, 0, 0, 0, 0, 0, 0, 0, 0, 0, 0, 0, 0, '', '', '', '', '', '', '', '', '', '', '', '', '', '', '', 0, 0, 0, '2019-05-01', 0, 0),
(42, 2, 23, 0, 0, 0, 0, 0, 0, 0, 0, 0, 0, 0, 29, 23581546, 0, 0, 0, 0, 0, 0, 0, 0, 0, 0, 2, 516571, 0, 0, 0, 0, 0, 0, 0, 0, 0, 0, 0, 0, 0, 0, 0, 23064975, 23667637, 0, 0, 0, 0, 0, 2, 420497, 134, 24034879, 0, 0, 0, 0, 0, 0, 4, 368952, 1, 1710, 0, 0, 0, 0, 0, 0, 0, 0, 0, 0, 0, 0, 0, 0, 0, 0, 0, 0, 0, 0, 0, 0, 23667637, 602662, 0, 0, 0, 0, 0, 158369, 86389, 0, 0, 0, 0, 0, 0, 121394603, 1.4, 0, '1699524', 0, 0, 0, 0, '0', 0, 0, 0, 0, '0', 0, 0, 1944282, '', '', '', '', 1944282, 0, 0, 0, 0, 0, 0, 0, 0, 0, 0, 0, 0, 0, 0, 0, 0, 0, 0, 0, 0, 0, 0, 0, 0, 0, 0, 0, 0, 0, 0, 0, 0, 0, 0, 0, 0, 0, 0, 0, 0, 0, 0, 0, 0, 0, 0, 0, 0, 0, 0, 0, 0, 0, 0, 0, 0, 0, 0, 0, 0, 0, 0, 0, 0, 0, 0, 0, 0, 0, 0, 0, 0, 0, '', '', '', '', '', '', '', '', '', '', '', '', '', '', '', 0, 0, 0, '2019-06-01', 0, 0),
(43, 2, 23, 0, 0, 0, 0, 0, 0, 0, 0, 0, 0, 0, 31, 20152171, 0, 0, 0, 0, 0, 0, 0, 0, 1, 23701, 2, 361476, 0, 0, 0, 0, 0, 0, 0, 0, 0, 0, 0, 0, 0, 0, 0, 19814396, 18647833, 0, 0, 0, 0, 0, 7, 654295, 152, 18679886, 0, 0, 0, 0, 0, 0, 3, 32053, 0, 0, 0, 0, 0, 0, 602616, 0, 0, 0, 0, 0, 0, 0, 0, 0, 0, 0, 0, 0, 0, 0, 0, 0, 19250449, 0, 563947, 0, 0, 0, 0, 158138, 36111, 0, 0, 0, 0, 0, 0, 104286295, 1.4, 0, '1460008', 0, 0, 0, 0, '0', 0, 0, 0, 0, '0', 0, 0, 2218204, '', '', '', '', 2218204, 0, 0, 0, 0, 0, 0, 0, 0, 0, 0, 0, 0, 0, 0, 0, 0, 0, 0, 0, 0, 0, 0, 0, 0, 0, 0, 0, 0, 0, 0, 0, 0, 0, 0, 0, 0, 0, 0, 0, 0, 0, 0, 0, 0, 0, 0, 0, 0, 0, 0, 0, 0, 0, 0, 0, 0, 0, 0, 0, 0, 0, 0, 0, 0, 0, 0, 0, 0, 0, 0, 0, 0, 0, '', '', '', '', '', '', '', '', '', '', '', '', '', '', '', 0, 0, 0, '2019-07-01', 0, 0),
(44, 2, 23, 0, 0, 0, 0, 0, 0, 0, 0, 0, 0, 0, 45, 23435575, 0, 0, 0, 0, 0, 0, 0, 0, 0, 0, 2, 410078, 0, 0, 0, 0, 0, 0, 0, 0, 0, 0, 0, 0, 0, 0, 0, 23025497, 19487494, 0, 0, 0, 0, 0, 6, 452494, 130, 19612886, 0, 0, 0, 0, 0, 0, 3, 125392, 0, 0, 0, 0, 0, 0, 0, 0, 0, 0, 0, 0, 0, 0, 0, 0, 0, 0, 0, 0, 0, 0, 0, 0, 19487494, 0, 3538003, 0, 0, 0, 0, 158669, 288889, 0, 0, 0, 0, 0, 0, 121186824, 1.4, 0, '1696616', 0, 0, 0, 0, '0', 0, 0, 0, 0, '0', 0, 0, 2144174, '', '', '', '', 2144174, 0, 0, 0, 0, 0, 0, 0, 0, 0, 0, 0, 0, 0, 0, 0, 0, 0, 0, 0, 0, 0, 0, 0, 0, 0, 0, 0, 0, 0, 0, 0, 0, 0, 0, 0, 0, 0, 0, 0, 0, 0, 0, 0, 0, 0, 0, 0, 0, 0, 0, 0, 0, 0, 0, 0, 0, 0, 0, 0, 0, 0, 0, 0, 0, 0, 0, 0, 0, 0, 0, 0, 0, 0, '', '', '', '', '', '', '', '', '', '', '', '', '', '', '', 0, 0, 0, '2019-08-01', 1, 0),
(45, 2, 23, 0, 0, 0, 0, 0, 0, 0, 0, 0, 0, 0, 38, 25237856, 0, 0, 0, 0, 0, 0, 0, 0, 0, 0, 2, 1949172, 0, 0, 0, 0, 0, 0, 0, 0, 0, 0, 0, 0, 0, 0, 0, 23288684, 18694962, 0, 0, 0, 0, 0, 7, 493614, 91, 19400743, 0, 0, 0, 0, 0, 0, 4, 708765, 0, 0, 0, 0, 0, 0, 0, 0, 0, 0, 0, 0, 0, 0, 0, 0, 0, 0, 0, 0, 0, 0, 0, 0, 18691978, 0, 4596706, 0, 0, 0, 0, 147335, 38889, 0, 0, 0, 0, 0, 0, 122572003, 1.4, 0, '1716008', 0, 0, 0, 0, '0', 0, 0, 0, 0, '0', 0, 0, 1902232, '', '', '', '', 1902232, 0, 0, 0, 0, 0, 0, 0, 0, 0, 0, 0, 0, 0, 0, 0, 0, 0, 0, 0, 0, 0, 0, 0, 0, 0, 0, 0, 0, 0, 0, 0, 0, 0, 0, 0, 0, 0, 0, 0, 0, 0, 0, 0, 0, 0, 0, 0, 0, 0, 0, 0, 0, 0, 0, 0, 0, 0, 0, 0, 0, 0, 0, 0, 0, 0, 0, 0, 0, 0, 0, 0, 0, 0, '', '', '', '', '', '', '', '', '', '', '', '', '', '', '', 0, 0, 0, '2019-09-01', 1, 0),
(46, 2, 33, 0, 0, 0, 0, 0, 0, 0, 0, 0, 0, 0, 23, 100260, 0, 0, 0, 0, 6961, 4127571, 357, 431400, 0, 0, 0, 0, 0, 0, 0, 0, 0, 0, 0, 0, 0, 0, 0, 0, 0, 0, 0, 4659231, 3491808, 12323, 1, 64858, 0, 0, 2, 1163501, 34, 3491808, 0, 0, 0, 0, 0, 0, 0, 0, 0, 0, 0, 0, 0, 0, 0, 0, 0, 0, 0, 0, 0, 0, 0, 0, 0, 0, 0, 0, 0, 0, 0, 0, 3491808, 0, 1167423, 0, 0, 0, 0, 0, 15000, 0, 0, 0, 0, 0, 0, 24522290, 4.2, 0, '1029936', 0, 0, 0, 0, '0', 0, 0, 0, 0, '0', 0, 0, 2212359, '', '', '', '', 2212359, 0, 0, 0, 0, 0, 0, 0, 0, 0, 0, 0, 0, 0, 0, 0, 0, 0, 0, 0, 0, 0, 0, 0, 0, 0, 0, 0, 0, 0, 0, 0, 0, 0, 0, 0, 0, 0, 0, 0, 0, 0, 0, 0, 0, 0, 0, 0, 0, 0, 0, 0, 0, 0, 0, 0, 0, 0, 0, 0, 0, 0, 0, 0, 0, 0, 0, 0, 2212359, 0, 0, 0, 0, 0, '', '', '', '', '', '', '', '', '', '', '', '', '', '', '', 0, 0, 0, '2019-01-01', 0, 0),
(47, 2, 33, 0, 0, 0, 0, 0, 0, 0, 0, 0, 0, 0, 25, 173585, 0, 0, 0, 0, 7776, 4895437, 368, 491567, 0, 0, 0, 0, 0, 0, 0, 0, 0, 0, 0, 0, 0, 0, 0, 0, 0, 0, 0, 5560589, 4145377, 63787, 8, 335721, 0, 0, 7, 644297, 34, 4145377, 0, 0, 0, 0, 0, 0, 0, 0, 0, 0, 0, 0, 0, 0, 0, 0, 0, 0, 0, 0, 0, 0, 0, 0, 0, 0, 0, 0, 0, 0, 0, 0, 4145377, 0, 1415212, 0, 0, 0, 0, 0, 15000, 0, 0, 0, 0, 0, 0, 29266242, 4.2, 0, '1229182', 0, 0, 0, 0, '0', 0, 0, 0, 0, '0', 0, 0, 2659394, '', '', '', '', 2659394, 0, 0, 0, 0, 0, 0, 0, 0, 0, 0, 0, 0, 0, 0, 0, 0, 0, 0, 0, 0, 0, 0, 0, 0, 0, 0, 0, 0, 0, 0, 0, 0, 0, 0, 0, 0, 0, 0, 0, 0, 0, 0, 0, 0, 0, 0, 0, 0, 0, 0, 0, 0, 0, 0, 0, 0, 0, 0, 0, 0, 0, 0, 0, 0, 0, 0, 0, 2659394, 0, 0, 0, 0, 0, '', '', '', '', '', '', '', '', '', '', '', '', '', '', '', 0, 0, 0, '2019-02-01', 0, 0),
(48, 2, 33, 0, 0, 0, 0, 0, 0, 0, 0, 0, 0, 0, 15, 93748, 0, 0, 0, 0, 9463, 5165217, 459, 507777, 0, 0, 0, 0, 0, 0, 0, 0, 0, 0, 0, 0, 0, 0, 0, 0, 0, 0, 0, 5766742, 3505408, 0, 0, 0, 0, 0, 2, 592168, 47, 3505408, 0, 0, 0, 0, 0, 0, 0, 0, 0, 0, 0, 0, 0, 0, 0, 0, 0, 0, 0, 0, 0, 0, 0, 0, 0, 0, 0, 0, 0, 0, 0, 0, 3505408, 0, 2261334, 0, 0, 0, 0, 0, 15000, 0, 0, 0, 0, 0, 0, 30351270, 4.2, 0, '1274753', 0, 0, 0, 0, '0', 0, 0, 0, 0, '0', 0, 0, 3551087, '', '', '', '', 3551087, 0, 0, 0, 0, 0, 0, 0, 0, 0, 0, 0, 0, 0, 0, 0, 0, 0, 0, 0, 0, 0, 0, 0, 0, 0, 0, 0, 0, 0, 0, 0, 0, 0, 0, 0, 0, 0, 0, 0, 0, 0, 0, 0, 0, 0, 0, 0, 0, 0, 0, 0, 0, 0, 0, 0, 0, 0, 0, 0, 0, 0, 0, 0, 0, 0, 0, 0, 3551087, 0, 0, 0, 0, 0, '', '', '', '', '', '', '', '', '', '', '', '', '', '', '', 0, 0, 0, '2019-03-01', 0, 0),
(49, 2, 33, 0, 0, 0, 0, 0, 0, 0, 0, 0, 0, 0, 23, 872471, 0, 0, 0, 0, 7509, 3662174, 385, 408661, 0, 0, 1, 15647, 0, 0, 0, 0, 0, 0, 0, 0, 0, 0, 0, 0, 0, 0, 0, 4927659, 5083107, 0, 0, 0, 0, 0, 1, 8838, 46, 5083107, 0, 0, 0, 0, 0, 0, 0, 0, 0, 0, 0, 0, 0, 0, 0, 0, 0, 0, 0, 0, 0, 0, 0, 0, 0, 0, 0, 0, 0, 0, 0, 0, 5083107, 155448, 0, 0, 0, 0, 0, 0, 15000, 0, 0, 0, 0, 0, 0, 25935040, 8.9, 0, '2308219', 0, 0, 0, 0, '0', 0, 0, 0, 0, '0', 0, 0, 2323219, '', '', '', '', 2323219, 0, 0, 0, 0, 0, 0, 0, 0, 0, 0, 0, 0, 0, 0, 0, 0, 0, 0, 0, 0, 0, 0, 0, 0, 0, 0, 0, 0, 0, 0, 0, 0, 0, 0, 0, 0, 0, 0, 0, 0, 0, 0, 0, 0, 0, 0, 0, 0, 0, 0, 0, 0, 0, 0, 0, 0, 0, 0, 0, 0, 0, 0, 0, 0, 0, 0, 0, 0, 0, 0, 0, 0, 0, '', '', '', '', '', '', '', '', '', '', '', '', '', '', '', 0, 0, 0, '2019-04-01', 0, 0),
(50, 2, 33, 0, 0, 0, 0, 0, 0, 0, 0, 0, 0, 0, 33, 161072, 0, 0, 0, 0, 7740, 4008134, 417, 436601, 0, 0, 2, 3082, 0, 0, 0, 0, 0, 0, 0, 0, 0, 0, 0, 0, 0, 0, 0, 4602725, 3114990, 0, 0, 0, 0, 0, 4, 5887083, 36, 3794488, 0, 0, 0, 0, 0, 0, 3, 679498, 0, 0, 0, 0, 0, 0, 155971, 0, 0, 0, 0, 0, 0, 0, 0, 0, 0, 0, 0, 0, 0, 0, 0, 0, 3270961, 0, 1331764, 0, 0, 0, 0, 0, 15000, 0, 0, 0, 0, 0, 0, 24224846, 8.9, 0, '2156011', 0, 0, 0, 0, '0', 0, 0, 0, 0, '0', 0, 0, 3502775, '', '', '', '', 3502775, 0, 0, 0, 0, 0, 0, 0, 0, 0, 0, 0, 0, 0, 0, 0, 0, 0, 0, 0, 0, 0, 0, 0, 0, 0, 0, 0, 0, 0, 0, 0, 0, 0, 0, 0, 0, 0, 0, 0, 0, 0, 0, 0, 0, 0, 0, 0, 0, 0, 0, 0, 0, 0, 0, 0, 0, 0, 0, 0, 0, 0, 0, 0, 0, 0, 0, 0, 3502775, 0, 0, 0, 0, 0, '', '', '', '', '', '', '', '', '', '', '', '', '', '', '', 0, 0, 0, '2019-05-01', 0, 0),
(51, 2, 33, 0, 0, 0, 0, 0, 0, 0, 0, 0, 0, 0, 23, 872471, 0, 0, 0, 0, 7509, 3662174, 385, 408661, 0, 0, 1, 15647, 0, 0, 0, 0, 0, 0, 0, 0, 0, 0, 0, 0, 0, 0, 0, 4927659, 5083107, 0, 0, 0, 0, 0, 1, 8838, 46, 5083107, 0, 0, 0, 0, 0, 0, 0, 0, 0, 0, 0, 0, 0, 0, 0, 0, 0, 0, 0, 0, 0, 0, 0, 0, 0, 0, 0, 0, 0, 0, 0, 0, 5083107, 155448, 0, 0, 0, 0, 0, 0, 15000, 0, 0, 0, 0, 0, 0, 25935040, 8.9, 0, '2308219', 0, 0, 0, 0, '0', 0, 0, 0, 0, '0', 0, 0, 2323219, '', '', '', '', 2323219, 0, 0, 0, 0, 0, 0, 0, 0, 0, 0, 0, 0, 0, 0, 0, 0, 0, 0, 0, 0, 0, 0, 0, 0, 0, 0, 0, 0, 0, 0, 0, 0, 0, 0, 0, 0, 0, 0, 0, 0, 0, 0, 0, 0, 0, 0, 0, 0, 0, 0, 0, 0, 0, 0, 0, 0, 0, 0, 0, 0, 0, 0, 0, 0, 0, 0, 0, 0, 0, 0, 0, 0, 0, '', '', '', '', '', '', '', '', '', '', '', '', '', '', '', 0, 0, 0, '2019-06-01', 0, 0),
(52, 2, 33, 0, 0, 0, 0, 0, 0, 0, 0, 0, 0, 0, 27, 370768, 0, 0, 0, 0, 6858, 3547533, 378, 417441, 0, 0, 3, 31006, 0, 0, 0, 0, 0, 0, 0, 0, 0, 0, 0, 0, 0, 0, 0, 4304736, 6513451, 0, 0, 0, 0, 0, 4, 1176062, 62, 6517902, 0, 0, 0, 0, 0, 0, 1, 4451, 0, 0, 0, 0, 0, 0, 0, 0, 0, 0, 0, 0, 0, 0, 0, 0, 0, 0, 0, 0, 0, 0, 0, 0, 6513451, 2208715, 0, 0, 0, 0, 0, 0, 15000, 0, 0, 0, 0, 0, 0, 22656492, 8.9, 0, '2016428', 0, 0, 0, 0, '0', 0, 0, 0, 0, '0', 0, 0, 2031428, '', '', '', '', 2031428, 0, 0, 0, 0, 0, 0, 0, 0, 0, 0, 0, 0, 0, 0, 0, 0, 0, 0, 0, 0, 0, 0, 0, 0, 0, 0, 0, 0, 0, 0, 0, 0, 0, 0, 0, 0, 0, 0, 0, 0, 0, 0, 0, 0, 0, 0, 0, 0, 0, 0, 0, 0, 0, 0, 0, 0, 0, 0, 0, 0, 0, 0, 0, 0, 0, 0, 0, 2031428, 0, 0, 0, 0, 0, '', '', '', '', '', '', '', '', '', '', '', '', '', '', '', 0, 0, 0, '2019-07-01', 0, 0),
(53, 2, 33, 0, 0, 0, 0, 0, 0, 0, 0, 0, 0, 0, 29, 329256, 0, 0, 0, 0, 7744, 4833105, 533, 638613, 0, 0, 2, 1934, 2, 18, 0, 0, 0, 0, 0, 0, 0, 0, 0, 0, 0, 0, 0, 5799022, 4826903, 0, 0, 0, 0, 0, 1, 8962, 56, 5663925, 0, 0, 0, 0, 0, 0, 3, 837022, 0, 0, 0, 0, 0, 0, 2213352, 0, 0, 0, 0, 0, 0, 0, 0, 0, 0, 0, 0, 0, 0, 0, 0, 0, 7040255, 1241233, 0, 0, 0, 0, 0, 0, 15000, 0, 0, 0, 0, 0, 0, 30521174, 8.9, 0, '2716384', 0, 0, 0, 0, '0', 0, 0, 0, 0, '0', 0, 0, 3703503, '', '', '', '', 3703503, 0, 0, 0, 0, 0, 0, 0, 0, 0, 0, 0, 0, 0, 0, 0, 0, 0, 0, 0, 0, 0, 0, 0, 0, 0, 0, 0, 0, 0, 0, 0, 0, 0, 0, 0, 0, 0, 0, 0, 0, 0, 0, 0, 0, 0, 0, 0, 0, 0, 0, 0, 0, 0, 0, 0, 0, 0, 0, 0, 0, 0, 0, 0, 0, 0, 0, 0, 0, 0, 0, 0, 0, 0, '', '', '', '', '', '', '', '', '', '', '', '', '', '', '', 0, 0, 0, '2019-08-01', 0, 0),
(54, 2, 33, 0, 0, 0, 0, 0, 0, 0, 0, 0, 0, 0, 26, 586102, 0, 0, 0, 0, 8375, 9965138, 0, 0, 0, 0, 1, 23485, 6, 5190593, 0, 0, 0, 0, 0, 0, 0, 0, 0, 0, 0, 0, 0, 5337162, 4678019, 0, 0, 0, 0, 0, 2, 592306, 55, 4678019, 0, 0, 0, 0, 0, 0, 0, 0, 0, 0, 0, 0, 0, 0, 1243525, 0, 0, 0, 0, 0, 0, 0, 0, 0, 0, 0, 0, 0, 0, 0, 0, 0, 5921544, 584382, 0, 0, 0, 0, 0, 0, 15000, 0, 0, 0, 0, 0, 0, 28090256, 8.9, 0, '2500033', 0, 0, 0, 0, '0', 0, 0, 0, 0, '0', 0, 0, 2515033, '', '', '', '', 2515033, 0, 0, 0, 0, 0, 0, 0, 0, 0, 0, 0, 0, 0, 0, 0, 0, 0, 0, 0, 0, 0, 0, 0, 0, 0, 0, 0, 0, 0, 0, 0, 0, 0, 0, 0, 0, 0, 0, 0, 0, 0, 0, 0, 0, 0, 0, 0, 0, 0, 0, 0, 0, 0, 0, 0, 0, 0, 0, 0, 0, 0, 0, 0, 0, 0, 0, 0, 2515033, 0, 0, 0, 0, 0, '', '', '', '', '', '', '', '', '', '', '', '', '', '', '', 0, 0, 0, '2019-09-01', 0, 0),
(55, 2, 17, 0, 0, 0, 0, 0, 0, 0, 0, 0, 0, 0, 44, 1678805, 0, 0, 0, 0, 21146, 21427767, 0, 0, 0, 0, 5, 15095, 26, 55757, 0, 0, 0, 0, 0, 0, 0, 0, 0, 0, 0, 0, 0, 23035720, 10166492, 0, 0, 0, 0, 0, 584, 610316, 277, 10353638, 0, 0, 0, 0, 0, 0, 3, 187146, 0, 0, 0, 0, 0, 0, 0, 0, 0, 0, 0, 0, 0, 0, 0, 0, 0, 0, 0, 0, 0, 0, 0, 0, 10166492, 0, 12869228, 0, 0, 0, 0, 228322, 0, 0, 0, 0, 0, 0, 0, 121240629, 3.9, 0, '4728385', 0, 0, 0, 0, '0', 0, 0, 0, 0, '0', 0, 0, 17825935, '', '', '', '', 17825935, 0, 0, 0, 0, 0, 0, 0, 0, 0, 0, 0, 0, 0, 0, 0, 0, 0, 0, 0, 0, 0, 0, 0, 0, 0, 0, 0, 0, 0, 0, 0, 0, 0, 0, 0, 0, 0, 0, 0, 0, 0, 0, 0, 0, 0, 0, 0, 0, 0, 0, 0, 0, 0, 0, 0, 0, 0, 0, 0, 0, 0, 0, 0, 0, 0, 0, 0, 17825935, 0, 0, 0, 0, 0, '', '', '', '', '', '', '', '', '', '', '', '', '', '', '', 0, 0, 0, '2019-01-01', 0, 0),
(56, 2, 17, 0, 0, 0, 0, 0, 0, 0, 0, 0, 0, 0, 42, 700704, 0, 0, 0, 0, 18782, 18593026, 0, 0, 0, 0, 2, 72380, 14, 39070, 0, 0, 0, 0, 0, 0, 0, 0, 0, 0, 0, 0, 0, 19182280, 12740317, 0, 0, 0, 0, 0, 2, 625775, 393, 13734625, 0, 0, 0, 0, 0, 0, 6, 994308, 0, 0, 0, 0, 0, 0, 0, 0, 0, 0, 0, 0, 0, 0, 0, 0, 0, 0, 0, 0, 0, 0, 0, 0, 12740317, 0, 6441963, 0, 0, 0, 0, 225718, 0, 0, 0, 0, 0, 0, 0, 100959368, 3.9, 0, '3.937.415', 0, 0, 0, 0, '0', 0, 0, 0, 0, '0', 0, 0, 10605096, '', '', '', '', 10605096, 0, 0, 0, 0, 0, 0, 0, 0, 0, 0, 0, 0, 0, 0, 0, 0, 0, 0, 0, 0, 0, 0, 0, 0, 0, 0, 0, 0, 0, 0, 0, 0, 0, 0, 0, 0, 0, 0, 0, 0, 0, 0, 0, 0, 0, 0, 0, 0, 0, 0, 0, 0, 0, 0, 0, 0, 0, 0, 0, 0, 0, 0, 0, 0, 0, 0, 0, 10605096, 0, 0, 0, 0, 0, '', '', '', '', '', '', '', '', '', '', '', '', '', '', '', 0, 0, 0, '2019-02-01', 0, 0),
(57, 2, 17, 0, 0, 0, 0, 0, 0, 0, 0, 0, 0, 0, 24, 294184, 0, 0, 0, 0, 23000, 22874190, 0, 0, 0, 0, 2, 14689, 15, 32237, 0, 0, 0, 0, 0, 0, 0, 0, 0, 0, 0, 0, 0, 23121448, 18350006, 0, 0, 0, 0, 0, 3, 660274, 570, 18977854, 0, 0, 0, 0, 0, 0, 9, 627848, 0, 0, 0, 0, 0, 0, 0, 0, 0, 0, 0, 0, 0, 0, 0, 0, 0, 0, 0, 0, 0, 0, 0, 0, 18350006, 0, 4771442, 0, 0, 0, 0, 230122, 0, 0, 0, 0, 0, 0, 0, 121691831, 3.9, 0, '4745981', 0, 0, 0, 0, '0', 0, 0, 0, 0, '0', 0, 0, 9747545, '', '', '', '', 9746607, 0, 0, 0, 0, 0, 0, 0, 0, 0, 0, 0, 0, 0, 0, 0, 0, 0, 0, 0, 0, 0, 0, 0, 0, 0, 0, 0, 0, 0, 0, 0, 0, 0, 0, 0, 0, 0, 0, 0, 0, 938, 0, 0, 938, 0, 938, 0, 0, 0, 0, 0, 0, 0, 0, 0, 0, 0, 0, 0, 0, 0, 0, 0, 0, 0, 0, 0, 9746607, 0, 0, 0, 0, 0, '', '', '', '', '', '', '', '', '', '', '', '', '', '', '', 0, 0, 0, '2019-03-01', 0, 0),
(58, 2, 23, 0, 0, 0, 0, 0, 0, 0, 0, 0, 0, 0, 36, 21210994, 0, 0, 0, 0, 0, 0, 0, 0, 0, 0, 4, 662983, 0, 0, 0, 0, 0, 0, 0, 0, 0, 0, 0, 0, 0, 0, 0, 20548011, 10590483, 0, 0, 0, 0, 0, 5, 398550, 83, 10599373, 0, 0, 0, 0, 0, 0, 1, 8890, 0, 0, 0, 0, 0, 0, 0, 0, 0, 0, 0, 0, 0, 0, 0, 0, 0, 0, 0, 0, 0, 0, 0, 0, 10590483, 0, 9957528, 0, 0, 0, 0, 149654, 47223, 0, 0, 0, 0, 0, 0, 108147429, 1.4, 0, '1514064', 0, 0, 0, 0, '0', 0, 0, 0, 0, '0', 0, 0, 1710941, '', '', '', '', 1710941, 0, 0, 0, 0, 0, 0, 0, 0, 0, 0, 0, 0, 0, 0, 0, 0, 0, 0, 0, 0, 0, 0, 0, 0, 0, 0, 0, 0, 0, 0, 0, 0, 0, 0, 0, 0, 0, 0, 0, 0, 0, 0, 0, 0, 0, 0, 0, 0, 0, 0, 0, 0, 0, 0, 0, 0, 0, 0, 0, 0, 0, 0, 0, 0, 0, 0, 0, 0, 0, 0, 0, 0, 0, '', '', '', '', '', '', '', '', '', '', '', '', '', '', '', 0, 0, 0, '2019-10-01', 1, 0),
(59, 2, 73, 0, 0, 0, 0, 0, 0, 0, 0, 0, 0, 0, 0, 0, 0, 0, 0, 0, 0, 0, 0, 0, 0, 0, 0, 0, 0, 0, 0, 0, 0, 0, 0, 0, 0, 0, 0, 0, 0, 0, 0, 0, 0, 0, 1, 0, 0, 0, 0, 60000, 0, 0, 0, 0, 0, 0, 0, 0, 0, 0, 0, 0, 0, 0, 0, 0, 11065226, 0, 0, 0, 0, 0, 0, 0, 0, 0, 0, 0, 0, 0, 0, 0, 0, 0, 11065226, 11065226, 0, 0, 0, 0, 0, 0, 12000, 0, 0, 0, 0, 0, 0, 0, 0, 0, '0', 0, 0, 0, 0, '0', 0, 0, 0, 0, '0', 173950, 0, 185950, '', '', '', '', 185950, 0, 0, 0, 0, 0, 0, 0, 0, 0, 0, 0, 0, 0, 0, 0, 0, 0, 0, 0, 0, 0, 0, 0, 0, 0, 0, 0, 0, 0, 0, 0, 0, 0, 0, 0, 0, 0, 0, 0, 0, 0, 0, 0, 0, 0, 0, 0, 0, 0, 0, 0, 0, 0, 0, 0, 0, 0, 0, 0, 0, 0, 0, 0, 0, 0, 0, 0, 185950, 0, 0, 0, 0, 0, '', '', '', '', '', '', '', '', '', '', '', '', '', '', '', 0, 0, 0, '2019-01-01', 0, 0),
(60, 2, 73, 0, 0, 1, 4800000, 0, 0, 0, 0, 0, 0, 0, 0, 0, 0, 0, 0, 0, 0, 0, 0, 0, 0, 0, 0, 0, 0, 0, 0, 0, 0, 0, 0, 0, 0, 0, 0, 0, 0, 0, 0, 0, 0, 321, 1, 1689, 0, 0, 0, 0, 0, 0, 0, 0, 0, 0, 0, 0, 0, 0, 0, 0, 0, 0, 0, 0, 0, 0, 0, 0, 0, 0, 0, 0, 0, 0, 0, 0, 0, 0, 0, 0, 0, 0, 0, 0, 0, 0, 0, 0, 0, 0, 12000, 0, 0, 0, 0, 0, 0, 0, 0, 0, '0', 0, 0, 0, 0, '0', 0, 0, 0, 0, '0', 173950, 0, 185950, '', '', '', '', 185950, 0, 0, 0, 0, 0, 0, 0, 0, 0, 0, 0, 0, 0, 0, 0, 0, 0, 0, 0, 0, 0, 0, 0, 0, 0, 0, 0, 0, 0, 0, 0, 0, 0, 0, 0, 0, 0, 0, 0, 0, 0, 0, 0, 0, 0, 0, 0, 0, 0, 0, 0, 0, 0, 0, 0, 0, 0, 0, 0, 0, 0, 0, 0, 0, 0, 0, 0, 185950, 0, 0, 0, 0, 0, '', '', '', '', '', '', '', '', '', '', '', '', '', '', '', 0, 0, 0, '2019-02-01', 0, 0),
(61, 2, 73, 0, 0, 0, 4800000, 0, 0, 0, 0, 0, 0, 0, 0, 0, 0, 0, 0, 0, 0, 0, 0, 0, 0, 0, 0, 0, 0, 0, 0, 0, 0, 0, 0, 0, 0, 0, 0, 0, 0, 0, 0, 0, 0, 0, 0, 0, 0, 0, 0, 0, 0, 0, 0, 0, 0, 0, 0, 0, 0, 0, 0, 0, 0, 0, 0, 0, 0, 0, 0, 0, 0, 0, 0, 0, 0, 0, 0, 0, 0, 0, 0, 0, 0, 0, 0, 0, 0, 0, 0, 0, 0, 0, 12000, 0, 0, 0, 0, 0, 0, 0, 0, 0, '0', 0, 0, 0, 0, '0', 0, 0, 0, 0, '0', 173950, 0, 185950, '', '', '', '', 185950, 0, 0, 0, 0, 0, 0, 0, 0, 0, 0, 0, 0, 0, 0, 0, 0, 0, 0, 0, 0, 0, 0, 0, 0, 0, 0, 0, 0, 0, 0, 0, 0, 0, 0, 0, 0, 0, 0, 0, 0, 0, 0, 0, 0, 0, 0, 0, 0, 0, 0, 0, 0, 0, 0, 0, 0, 0, 0, 0, 0, 0, 0, 0, 0, 0, 0, 0, 185950, 0, 0, 0, 0, 0, '', '', '', '', '', '', '', '', '', '', '', '', '', '', '', 0, 0, 0, '2019-03-01', 0, 0);
INSERT INTO `f29` (`id_f29`, `usu_reg_doc`, `id_emp`, `c585`, `c20`, `c586`, `c142`, `c731`, `c732`, `c714`, `c715`, `c515`, `c587`, `c720`, `c503`, `c502`, `c763`, `c764`, `c716`, `c717`, `c110`, `c111`, `c758`, `c759`, `c512`, `c513`, `c509`, `c510`, `c708`, `c709`, `c733`, `c734`, `c516`, `c517`, `c500`, `c501`, `c154`, `c518`, `c713`, `c738`, `c739`, `c740`, `c741`, `c538`, `c511`, `c514`, `c564`, `c521`, `c566`, `c560`, `c584`, `c562`, `c519`, `c520`, `c761`, `c762`, `c765`, `c766`, `c524`, `c525`, `c527`, `c528`, `c531`, `c532`, `c534`, `c535`, `c536`, `c553`, `c504`, `c593`, `c594`, `c592`, `c539`, `c718`, `c164`, `c730`, `c742`, `c743`, `c127`, `c729`, `c744`, `c745`, `c544`, `c523`, `c712`, `c757`, `c537`, `c77`, `c89`, `c760`, `c50`, `c751`, `c735`, `c48`, `c151`, `c153`, `c54`, `c56`, `c588`, `c589`, `c30`, `c563`, `c115`, `c68`, `c62`, `c565`, `c120`, `c542`, `c122`, `c123`, `c700`, `c701`, `c702`, `c711`, `c703`, `c66`, `c152`, `c595`, `c1`, `c2`, `c5`, `c583`, `c91`, `c92`, `c93`, `c94`, `c529`, `c530`, `c409`, `c522`, `c526`, `c113`, `c28`, `c548`, `c540`, `c541`, `c549`, `c550`, `c577`, `c32`, `c150`, `c146`, `c752`, `c545`, `c546`, `c710`, `c602`, `c575`, `c576`, `c574`, `c33`, `c580`, `c149`, `c582`, `c85`, `c753`, `c754`, `c551`, `c508`, `c533`, `c603`, `c507`, `c506`, `c556`, `c557`, `c558`, `c543`, `c573`, `c598`, `c39`, `c554`, `c736`, `c597`, `c555`, `c596`, `c725`, `c737`, `c727`, `c704`, `c705`, `c706`, `c160`, `c161`, `c570`, `c126`, `c128`, `c571`, `c572`, `c568`, `c590`, `c547`, `c728`, `c707`, `c73`, `c130`, `c591`, `c6`, `c610`, `c611`, `c612`, `c8`, `c53`, `c613`, `c9`, `c601`, `c604`, `c44`, `c726`, `c313`, `c314`, `c55`, `c552`, `c559`, `c70`, `fecha_form`, `ivapost`, `ivanop`) VALUES
(62, 2, 73, 0, 0, 1, 2000000, 0, 0, 0, 0, 0, 0, 0, 0, 0, 0, 0, 0, 0, 0, 0, 0, 0, 0, 0, 0, 0, 0, 0, 0, 0, 0, 0, 0, 0, 0, 0, 0, 0, 0, 0, 0, 0, 0, 164, 1, 862, 0, 0, 0, 0, 0, 0, 0, 0, 0, 0, 0, 0, 0, 0, 0, 0, 0, 0, 0, 0, 0, 0, 0, 0, 0, 0, 0, 0, 0, 0, 0, 0, 0, 0, 0, 0, 0, 0, 0, 0, 0, 0, 0, 0, 0, 0, 72000, 0, 0, 0, 0, 0, 0, 0, 0, 0, '0', 0, 0, 0, 0, '0', 0, 0, 0, 0, '0', 173950, 0, 245950, '', '', '', '', 245950, 0, 0, 0, 0, 0, 0, 0, 0, 0, 0, 0, 0, 0, 0, 0, 0, 0, 0, 0, 0, 0, 0, 0, 0, 0, 0, 0, 0, 0, 0, 0, 0, 0, 0, 0, 0, 0, 0, 0, 0, 0, 0, 0, 0, 0, 0, 0, 0, 0, 0, 0, 0, 0, 0, 0, 0, 0, 0, 0, 0, 0, 0, 0, 0, 0, 0, 0, 245950, 0, 0, 0, 0, 0, '', '', '', '', '', '', '', '', '', '', '', '', '', '', '', 0, 0, 0, '2019-04-01', 0, 0),
(63, 2, 73, 0, 0, 1, 2000000, 0, 0, 0, 0, 0, 0, 0, 0, 0, 0, 0, 0, 0, 0, 0, 0, 0, 0, 0, 0, 0, 0, 0, 0, 0, 0, 0, 0, 0, 0, 0, 0, 0, 0, 0, 0, 0, 0, 0, 0, 0, 0, 0, 1, 180, 0, 0, 0, 0, 0, 0, 0, 0, 0, 0, 0, 0, 0, 0, 0, 0, 0, 0, 0, 0, 0, 0, 0, 0, 0, 0, 0, 0, 0, 0, 0, 0, 0, 0, 0, 0, 0, 0, 0, 0, 0, 0, 12000, 0, 0, 0, 0, 0, 0, 0, 0, 0, '0', 0, 0, 0, 0, '0', 0, 0, 0, 0, '0', 173950, 0, 185950, '', '', '', '', 185950, 0, 0, 0, 0, 0, 0, 0, 0, 0, 0, 0, 0, 0, 0, 0, 0, 0, 0, 0, 0, 0, 0, 0, 0, 0, 0, 0, 0, 0, 0, 0, 0, 0, 0, 0, 0, 0, 0, 0, 0, 0, 0, 0, 0, 0, 0, 0, 0, 0, 0, 0, 0, 0, 0, 0, 0, 0, 0, 0, 0, 0, 0, 0, 0, 0, 0, 0, 185950, 0, 0, 0, 0, 0, '', '', '', '', '', '', '', '', '', '', '', '', '', '', '', 0, 0, 0, '2019-05-01', 0, 0),
(64, 2, 73, 0, 0, 1, 2000000, 0, 0, 0, 0, 0, 0, 0, 0, 0, 0, 0, 0, 0, 0, 0, 0, 0, 0, 0, 0, 0, 0, 0, 0, 0, 0, 0, 0, 0, 0, 0, 0, 0, 0, 0, 0, 0, 0, 0, 0, 0, 0, 0, 0, 0, 0, 0, 0, 0, 0, 0, 0, 0, 0, 0, 0, 0, 0, 0, 0, 0, 0, 0, 0, 0, 0, 0, 0, 0, 0, 0, 0, 0, 0, 0, 0, 0, 0, 0, 0, 0, 0, 0, 0, 0, 0, 0, 12000, 0, 0, 0, 0, 0, 0, 0, 0, 0, '0', 0, 0, 0, 0, '0', 0, 0, 0, 0, '0', 173950, 0, 185950, '', '', '', '', 185950, 0, 0, 0, 0, 0, 0, 0, 0, 0, 0, 0, 0, 0, 0, 0, 0, 0, 0, 0, 0, 0, 0, 0, 0, 0, 0, 0, 0, 0, 0, 0, 0, 0, 0, 0, 0, 0, 0, 0, 0, 0, 0, 0, 0, 0, 0, 0, 0, 0, 0, 0, 0, 0, 0, 0, 0, 0, 0, 0, 0, 0, 0, 0, 0, 0, 0, 0, 185950, 0, 0, 0, 0, 0, '', '', '', '', '', '', '', '', '', '', '', '', '', '', '', 0, 0, 0, '2019-06-01', 0, 0),
(65, 2, 73, 0, 0, 0, 0, 0, 0, 0, 0, 0, 0, 0, 0, 0, 0, 0, 0, 0, 0, 0, 0, 0, 0, 0, 0, 0, 0, 0, 0, 0, 0, 0, 0, 0, 0, 0, 0, 0, 0, 0, 0, 0, 0, 246, 1, 1293, 0, 0, 0, 0, 0, 0, 0, 0, 0, 0, 0, 0, 0, 0, 0, 0, 0, 0, 0, 0, 0, 0, 0, 0, 0, 0, 0, 0, 0, 0, 0, 0, 0, 0, 0, 0, 0, 0, 0, 0, 0, 0, 0, 0, 0, 0, 12000, 0, 0, 0, 0, 0, 0, 0, 0, 0, '0', 0, 0, 0, 0, '0', 0, 0, 0, 0, '0', 173950, 0, 185950, '', '', '', '', 185950, 0, 0, 0, 0, 0, 0, 0, 0, 0, 0, 0, 0, 0, 0, 0, 0, 0, 0, 0, 0, 0, 0, 0, 0, 0, 0, 0, 0, 0, 0, 0, 0, 0, 0, 0, 0, 0, 0, 0, 0, 0, 0, 0, 0, 0, 0, 0, 0, 0, 0, 0, 0, 0, 0, 0, 0, 0, 0, 0, 0, 0, 0, 0, 0, 0, 0, 0, 185950, 0, 0, 0, 0, 0, '', '', '', '', '', '', '', '', '', '', '', '', '', '', '', 0, 0, 0, '2019-07-01', 0, 0),
(66, 2, 73, 0, 0, 1, 4000000, 0, 0, 0, 0, 0, 0, 0, 0, 0, 0, 0, 0, 0, 0, 0, 0, 0, 0, 0, 0, 0, 0, 0, 0, 0, 0, 0, 0, 0, 0, 0, 0, 0, 0, 0, 0, 0, 0, 82, 1, 431, 0, 0, 0, 0, 0, 0, 0, 0, 0, 0, 0, 0, 0, 0, 0, 0, 0, 0, 0, 0, 0, 0, 0, 0, 0, 0, 0, 0, 0, 0, 0, 0, 0, 0, 0, 0, 0, 0, 0, 0, 0, 0, 0, 0, 0, 0, 12000, 0, 0, 0, 0, 0, 0, 0, 0, 0, '0', 0, 0, 0, 0, '0', 0, 0, 0, 0, '0', 173950, 0, 185950, '', '', '', '', 185950, 0, 0, 0, 0, 0, 0, 0, 0, 0, 0, 0, 0, 0, 0, 0, 0, 0, 0, 0, 0, 0, 0, 0, 0, 0, 0, 0, 0, 0, 0, 0, 0, 0, 0, 0, 0, 0, 0, 0, 0, 0, 0, 0, 0, 0, 0, 0, 0, 0, 0, 0, 0, 0, 0, 0, 0, 0, 0, 0, 0, 0, 0, 0, 0, 0, 0, 0, 185950, 0, 0, 0, 0, 0, '', '', '', '', '', '', '', '', '', '', '', '', '', '', '', 0, 0, 0, '2019-08-01', 0, 0),
(67, 2, 73, 0, 0, 1, 2000000, 0, 0, 0, 0, 0, 0, 0, 0, 0, 0, 0, 0, 0, 0, 0, 0, 0, 0, 0, 0, 0, 0, 0, 0, 0, 0, 0, 0, 0, 0, 0, 0, 0, 0, 0, 0, 0, 0, 0, 0, 0, 0, 0, 0, 0, 0, 0, 0, 0, 0, 0, 0, 0, 0, 0, 0, 0, 0, 0, 0, 0, 0, 0, 0, 0, 0, 0, 0, 0, 0, 0, 0, 0, 0, 0, 0, 0, 0, 0, 0, 0, 0, 0, 0, 0, 0, 0, 12000, 0, 0, 0, 0, 0, 0, 0, 0, 0, '0', 0, 0, 0, 0, '0', 0, 0, 0, 0, '0', 173950, 0, 185950, '', '', '', '', 185950, 0, 0, 0, 0, 0, 0, 0, 0, 0, 0, 0, 0, 0, 0, 0, 0, 0, 0, 0, 0, 0, 0, 0, 0, 0, 0, 0, 0, 0, 0, 0, 0, 0, 0, 0, 0, 0, 0, 0, 0, 0, 0, 0, 0, 0, 0, 0, 0, 0, 0, 0, 0, 0, 0, 0, 0, 0, 0, 0, 0, 0, 0, 0, 0, 0, 0, 0, 185950, 0, 0, 0, 0, 0, '', '', '', '', '', '', '', '', '', '', '', '', '', '', '', 0, 0, 0, '2019-09-01', 0, 0),
(68, 2, 73, 0, 0, 1, 2000000, 0, 0, 0, 0, 0, 0, 0, 0, 0, 0, 0, 0, 0, 0, 0, 0, 0, 0, 0, 0, 0, 0, 0, 0, 0, 0, 0, 0, 0, 0, 0, 0, 0, 0, 0, 0, 0, 0, 164, 0, 862, 0, 0, 0, 0, 0, 0, 0, 0, 0, 0, 0, 0, 0, 0, 0, 0, 0, 0, 0, 0, 0, 0, 0, 0, 0, 0, 0, 0, 0, 0, 0, 0, 0, 0, 0, 0, 0, 0, 0, 0, 0, 0, 0, 0, 0, 0, 12000, 0, 0, 0, 0, 0, 0, 0, 0, 0, '0', 0, 0, 0, 0, '0', 0, 0, 0, 0, '0', 173950, 0, 185950, '', '', '', '', 185950, 0, 0, 0, 0, 0, 0, 0, 0, 0, 0, 0, 0, 0, 0, 0, 0, 0, 0, 0, 0, 0, 0, 0, 0, 0, 0, 0, 0, 0, 0, 0, 0, 0, 0, 0, 0, 0, 0, 0, 0, 0, 0, 0, 0, 0, 0, 0, 0, 0, 0, 0, 0, 0, 0, 0, 0, 0, 0, 0, 0, 0, 0, 0, 0, 0, 0, 0, 185950, 0, 0, 0, 0, 0, '', '', '', '', '', '', '', '', '', '', '', '', '', '', '', 0, 0, 0, '2019-10-01', 0, 0),
(69, 2, 92, 0, 0, 0, 0, 0, 0, 0, 0, 0, 0, 0, 2, 921310, 0, 0, 0, 0, 0, 0, 0, 0, 0, 0, 0, 0, 0, 0, 0, 0, 0, 0, 0, 0, 0, 0, 0, 0, 0, 0, 0, 921310, 155482, 0, 0, 0, 0, 0, 6, 199587, 9, 155482, 0, 0, 0, 0, 0, 0, 0, 0, 0, 0, 0, 0, 0, 0, 185974, 0, 0, 0, 0, 0, 0, 0, 0, 0, 0, 5.3, 171495, 0, 171495, 0, 0, 0, 512951, 0, 408359, 0, 0, 0, 0, 0, 0, 0, 0, 0, 0, 0, 0, 0, 0, 0, '0', 0, 0, 0, 0, '0', 0, 0, 0, 0, '0', 138630, 0, 546989, '', '', '', '', 546989, 0, 0, 0, 0, 0, 0, 0, 0, 0, 0, 0, 0, 0, 0, 0, 0, 0, 0, 0, 0, 0, 0, 0, 0, 0, 0, 0, 0, 0, 0, 0, 0, 0, 0, 0, 0, 0, 0, 0, 0, 0, 0, 0, 0, 0, 0, 0, 0, 0, 0, 0, 0, 0, 0, 0, 0, 0, 0, 0, 0, 0, 0, 0, 0, 0, 0, 0, 546989, 0, 0, 0, 0, 0, '', '', '', '', '', '', '', '', '', '', '', '', '', '', '', 0, 0, 0, '2019-01-01', 0, 0),
(70, 2, 92, 0, 0, 0, 0, 0, 0, 0, 0, 0, 0, 0, 2, 856900, 0, 0, 0, 0, 0, 0, 0, 0, 0, 0, 0, 0, 0, 0, 0, 0, 0, 0, 0, 0, 0, 0, 0, 0, 0, 0, 0, 856900, 234144, 0, 0, 0, 0, 0, 3, 10924, 11, 234144, 0, 0, 0, 0, 0, 0, 0, 0, 0, 0, 0, 0, 0, 0, 0, 0, 0, 0, 0, 0, 0, 0, 0, 0, 0, 5.3, 166487, 0, 166487, 0, 0, 0, 400631, 0, 456269, 0, 0, 0, 0, 0, 0, 0, 0, 0, 0, 0, 0, 0, 0, 0, '0', 0, 0, 0, 0, '0', 0, 0, 0, 0, '0', 138630, 0, 594899, '', '', '', '', 594899, 0, 0, 0, 0, 0, 0, 0, 0, 0, 0, 0, 0, 0, 0, 0, 0, 0, 0, 0, 0, 0, 0, 0, 0, 0, 0, 0, 0, 0, 0, 0, 0, 0, 0, 0, 0, 0, 0, 0, 0, 0, 0, 0, 0, 0, 0, 0, 0, 0, 0, 0, 0, 0, 0, 0, 0, 0, 0, 0, 0, 0, 0, 0, 0, 0, 0, 0, 594899, 0, 0, 0, 0, 0, '', '', '', '', '', '', '', '', '', '', '', '', '', '', '', 0, 0, 0, '2019-02-01', 0, 0);

-- --------------------------------------------------------

--
-- Estructura de tabla para la tabla `forma_pago`
--

DROP TABLE IF EXISTS `forma_pago`;
CREATE TABLE IF NOT EXISTS `forma_pago` (
  `id_formapago` int(11) NOT NULL AUTO_INCREMENT,
  `desc_formapago` varchar(50) NOT NULL,
  `vig_formapago` int(11) NOT NULL,
  PRIMARY KEY (`id_formapago`)
) ENGINE=InnoDB AUTO_INCREMENT=6 DEFAULT CHARSET=latin1;

--
-- Volcado de datos para la tabla `forma_pago`
--

INSERT INTO `forma_pago` (`id_formapago`, `desc_formapago`, `vig_formapago`) VALUES
(1, 'EFECTIVO', 1),
(2, 'TRNASFERENCIA BANCARIA', 2),
(3, 'TRANSFERENCIA BANCARIA', 1),
(4, '', 1),
(5, 'CHEQUE', 1);

-- --------------------------------------------------------

--
-- Estructura de tabla para la tabla `giro`
--

DROP TABLE IF EXISTS `giro`;
CREATE TABLE IF NOT EXISTS `giro` (
  `id_giro` int(11) NOT NULL AUTO_INCREMENT,
  `desc_giro` varchar(150) DEFAULT NULL,
  `id_emp_giro` int(11) DEFAULT NULL,
  `vig_giro` int(11) DEFAULT NULL,
  `fec_cre_giro` datetime DEFAULT NULL,
  `usu_cre_giro` int(11) DEFAULT NULL,
  PRIMARY KEY (`id_giro`),
  KEY `fk_emp_giro_idx` (`id_emp_giro`),
  KEY `fk_usu_giro_idx` (`usu_cre_giro`)
) ENGINE=InnoDB AUTO_INCREMENT=15 DEFAULT CHARSET=latin1;

--
-- Volcado de datos para la tabla `giro`
--

INSERT INTO `giro` (`id_giro`, `desc_giro`, `id_emp_giro`, `vig_giro`, `fec_cre_giro`, `usu_cre_giro`) VALUES
(1, 'SERVICIOS PROFESIONALES ', 86, 1, '2019-07-12 00:00:00', 2),
(2, 'ARRIENDO DE VEHICULOS ', 86, 1, '2019-07-12 00:00:00', 2),
(3, 'COMPRA, VENTA Y ALQUILER (EXCEPTO AMOBLADOS) DE INMUEBLES', 88, 1, '2019-07-30 00:00:00', 2),
(4, 'ACTIVIDADES INMOBILIARIAS REALIZADAS A CAMBIO DE UNA RETRIBUCION O POR CONTRATA', 88, 1, '2019-07-30 00:00:00', 2),
(5, 'TRANSPORTE DE CARGA POR CARRETERA', 89, 1, '2019-07-30 00:00:00', 2),
(6, 'OTRAS ACTIVIDADES DE TRANSPORTE DE PASAJEROS POR VIA TERRESTRE N.C.P.', 90, 1, '2019-07-30 00:00:00', 2),
(7, 'EXTRACCION DE PIEDRA, ARENA Y ARCILLA', 91, 1, '2019-07-30 00:00:00', 2),
(8, 'ALQUILER DE MAQUINARIA Y EQUIPO AGROPECUARIO, FORESTAL, DE CONSTRUCCION E ING. CIVIL, SIN OPERARIOS', 91, 1, '2019-07-30 00:00:00', 2),
(9, 'TRANSPORTE DE CARGA POR CARRETERA', 92, 1, '2019-07-30 00:00:00', 2),
(10, 'CULTIVOS FORRAJEROS EN PRADERAS MEJORADAS O SEMBRADAS; CULTIVOS SUPLEMENTARIOS FORRAJEROS', 93, 1, '2019-07-30 00:00:00', 2),
(11, 'SERVICIOS PRESTADOS DE FORMA INDEPENDIENTE POR OTROS PROFESIONALES DE LA SALUD', 94, 1, '2019-07-30 00:00:00', 2),
(12, 'DIFUSION DE LA CULTURA ALEMANA EN RANCAGUA COMERCIO PRODUCTOS TIPICOS', 95, 1, '2019-07-30 00:00:00', 2),
(13, 'ACTIVIDADES DE CONSULTORIA DE GESTION', 96, 1, '2019-07-30 00:00:00', 2),
(14, 'COMPRA, VENTA Y ALQUILER (EXCEPTO AMOBLADOS) DE INMUEBLES', 98, 1, '2019-07-30 00:00:00', 2);

-- --------------------------------------------------------

--
-- Estructura de tabla para la tabla `log_cambio`
--

DROP TABLE IF EXISTS `log_cambio`;
CREATE TABLE IF NOT EXISTS `log_cambio` (
  `id_cambio` int(11) NOT NULL AUTO_INCREMENT,
  `tabla_cambio` varchar(50) NOT NULL,
  `columna_cambio` varchar(50) NOT NULL,
  `valor_ant` varchar(100) NOT NULL,
  `valor_nuevo` varchar(100) NOT NULL,
  `fec_cambio` datetime NOT NULL,
  `usu_cambio` int(11) NOT NULL,
  PRIMARY KEY (`id_cambio`),
  KEY `fk_usu_cambio_idx` (`usu_cambio`)
) ENGINE=InnoDB DEFAULT CHARSET=latin1;

-- --------------------------------------------------------

--
-- Estructura de tabla para la tabla `mod_lab`
--

DROP TABLE IF EXISTS `mod_lab`;
CREATE TABLE IF NOT EXISTS `mod_lab` (
  `id_mod_lab` int(11) NOT NULL AUTO_INCREMENT,
  `cot_mod_lab` int(11) DEFAULT NULL,
  `ntrab_mod_lab` int(11) DEFAULT NULL,
  `cargas_mod_lab` int(11) DEFAULT NULL,
  `fec_reg_mod_lab` datetime DEFAULT NULL,
  `tasa_acc_mod_lab` float DEFAULT NULL,
  `periodo_mod_lab` varchar(6) DEFAULT NULL,
  `usu_mod_lab` int(11) DEFAULT NULL,
  `emp_mod_lab` int(11) DEFAULT NULL,
  `fec_act_mod_lab` date NOT NULL,
  PRIMARY KEY (`id_mod_lab`),
  KEY `fk_emp_mod_idx` (`emp_mod_lab`),
  KEY `fk_usu_mod_idx` (`usu_mod_lab`)
) ENGINE=InnoDB AUTO_INCREMENT=11 DEFAULT CHARSET=latin1;

--
-- Volcado de datos para la tabla `mod_lab`
--

INSERT INTO `mod_lab` (`id_mod_lab`, `cot_mod_lab`, `ntrab_mod_lab`, `cargas_mod_lab`, `fec_reg_mod_lab`, `tasa_acc_mod_lab`, `periodo_mod_lab`, `usu_mod_lab`, `emp_mod_lab`, `fec_act_mod_lab`) VALUES
(1, 980, 6, 1, '2019-08-19 05:08:18', 0.93, '072019', 4, 86, '2019-07-10'),
(2, 502, 1, 0, '2019-08-19 05:08:58', 0.93, '072019', 4, 9, '2019-07-10'),
(3, 807, 3, 0, '2019-08-19 05:08:01', 0.93, '072019', 4, 10, '2019-07-10'),
(4, 454, 4, 0, '2019-08-19 05:08:24', 0.93, '072019', 4, 65, '2019-07-10'),
(5, 100, 1, 0, '2019-08-19 05:08:16', 3.48, '072019', 4, 12, '2019-07-10'),
(6, 58, 1, 0, '2019-08-19 05:08:47', 0.93, '072019', 4, 27, '2019-07-10'),
(7, 2743, 14, 1, '2019-08-19 05:08:05', 1.61, '072019', 4, 53, '2019-07-10'),
(8, 270, 3, 1, '2019-08-19 05:08:49', 0.93, '072019', 4, 11, '2019-07-10'),
(9, 604, 6, 0, '2019-08-19 05:08:45', 0.93, '072019', 4, 34, '2019-07-10'),
(10, 3430, 25, 0, '2019-08-19 05:08:32', 2.63, '072019', 4, 23, '2019-07-10');

-- --------------------------------------------------------

--
-- Estructura de tabla para la tabla `mov_documento`
--

DROP TABLE IF EXISTS `mov_documento`;
CREATE TABLE IF NOT EXISTS `mov_documento` (
  `id_mov` int(11) NOT NULL AUTO_INCREMENT,
  `monto_mov` int(11) NOT NULL,
  `obs_mov` varchar(200) DEFAULT NULL,
  `fec_reg_mov` datetime NOT NULL,
  `usu_reg_mov` int(11) DEFAULT NULL,
  `id_doc_mov` int(11) DEFAULT NULL,
  `cod_formapago_mov` int(11) DEFAULT NULL,
  `est_doc_mov` int(11) DEFAULT NULL,
  `fec_mov` date DEFAULT NULL,
  PRIMARY KEY (`id_mov`),
  KEY `fk_usu_mov_idx` (`usu_reg_mov`),
  KEY `fk_doc_mov_idx` (`id_doc_mov`),
  KEY `fk_formapago_mov_idx` (`cod_formapago_mov`)
) ENGINE=InnoDB AUTO_INCREMENT=447 DEFAULT CHARSET=latin1;

--
-- Volcado de datos para la tabla `mov_documento`
--

INSERT INTO `mov_documento` (`id_mov`, `monto_mov`, `obs_mov`, `fec_reg_mov`, `usu_reg_mov`, `id_doc_mov`, `cod_formapago_mov`, `est_doc_mov`, `fec_mov`) VALUES
(1, 46171, '', '2019-06-05 09:06:03', 3, 3, 1, 3, '0000-00-00'),
(2, 28829, 'Saldo pendiente $ 1.952 \r\nFecha de Abono 05-06-2019', '2019-06-06 05:06:55', 3, 2, 1, 2, '0000-00-00'),
(3, 111050, 'Pago Total ', '2019-06-07 02:06:15', 3, 9, 5, 3, '0000-00-00'),
(4, 83969, 'Pago Total \r\nFecha 06-06-2019', '2019-06-07 02:06:48', 3, 14, 3, 3, '0000-00-00'),
(5, 111050, 'Pago realizado el día 29-05-2019. \r\n', '2019-06-07 02:06:07', 3, 10, 3, 2, '0000-00-00'),
(6, 138813, 'Pago se realizó el 31 de Mayo de 2019.', '2019-06-07 02:06:05', 3, 11, 5, 3, '0000-00-00'),
(7, 0, 'FALTO INGRESAR EMAIL DEL CLIENTE', '2019-06-09 11:06:23', 2, 26, 4, 4, '0000-00-00'),
(8, 150000, 'GRACIAS POR EL PAGO DE LA BOLETA 175', '2019-06-10 05:06:14', 2, 5, 3, 3, '0000-00-00'),
(9, 0, 'NUMERO DE FACTURA ERRONEO', '2019-06-10 10:06:33', 2, 38, 4, 4, '0000-00-00'),
(10, 4000, 'MONTO FACTURA $ 115.050.-\r\nMONTO PAGO $ 111.050\r\nDIFERENCIA DE $ 4.000.- CORRESPONDE A ERROR EN INGRESO DE MONTO EN SISTEMA DE COBRANZA. RMR\r\nREGULARIZO CON ESTE INGRESO SALDO ERRONEO', '2019-06-11 04:06:00', 2, 10, 1, 3, '0000-00-00'),
(11, 0, 'ERROR EN LA FECHA DE VENCIMIENTO RMR', '2019-06-11 05:06:30', 2, 18, 4, 4, '0000-00-00'),
(12, 0, 'ERROR EN FECHA DE VENCIMIENTO  RMR', '2019-06-11 05:06:54', 2, 22, 4, 4, '0000-00-00'),
(13, 0, 'ERROR EN INGRESO DE FECHA DE VENCIMIENTO RMR', '2019-06-11 05:06:34', 2, 30, 4, 4, '0000-00-00'),
(14, 0, 'PC FALLO Y NO GUARDARON MONTO', '2019-06-11 09:06:14', 2, 44, 4, 4, '0000-00-00'),
(15, 62980, 'OPERACION BCO SANTANDER 20190611160107924990', '2019-06-11 09:06:50', 2, 39, 3, 3, '0000-00-00'),
(16, 244000, 'CHEQUE N°2028433 BANCO ESTADO', '2019-06-11 10:06:05', 2, 25, 5, 3, '0000-00-00'),
(17, 1000000, 'CHEQUE N°2028433 BANCO ESTADO', '2019-06-11 10:06:46', 2, 57, 5, 3, '0000-00-00'),
(18, 61561, 'CHEQUE N°7408300   POR $61.600,.    LO CUANDRE AL MONTO DE LA FACTURA PARA EVITAR DIF  RMR', '2019-06-11 11:06:56', 2, 66, 5, 3, '0000-00-00'),
(19, 78720, 'Pago Total ', '2019-06-12 01:06:40', 3, 37, 3, 3, '0000-00-00'),
(20, 120705, 'Pago Total', '2019-06-12 02:06:22', 3, 40, 3, 3, '0000-00-00'),
(21, 170037, 'Pago Total ', '2019-06-12 02:06:42', 3, 20, 3, 3, '0000-00-00'),
(22, 54584, 'Pago Total ', '2019-06-12 02:06:14', 3, 17, 3, 3, '0000-00-00'),
(23, 225000, 'Pago Total ', '2019-06-12 02:06:33', 3, 65, 3, 3, '0000-00-00'),
(24, 53353, 'Pago Total', '2019-06-12 02:06:39', 3, 63, 3, 3, '0000-00-00'),
(25, 26677, 'Pago Total ', '2019-06-12 02:06:40', 3, 46, 1, 3, '0000-00-00'),
(26, 15391, 'Pago Total ', '2019-06-12 02:06:29', 3, 36, 1, 3, '0000-00-00'),
(27, 25076, 'Pago Total ', '2019-06-12 02:06:22', 3, 61, 1, 3, '0000-00-00'),
(28, 84931, 'Pago Total', '2019-06-12 02:06:57', 3, 58, 1, 3, '0000-00-00'),
(29, 583333, 'Pago Total ', '2019-06-12 02:06:34', 3, 60, 5, 3, '0000-00-00'),
(30, 102338, 'Pago Total', '2019-06-12 02:06:37', 3, 59, 5, 3, '0000-00-00'),
(31, 86247, 'Pago Total', '2019-06-12 02:06:46', 3, 41, 5, 3, '0000-00-00'),
(32, 32351, 'Pago Total', '2019-06-12 02:06:36', 3, 19, 5, 3, '0000-00-00'),
(33, 87468, 'Pago Total', '2019-06-12 02:06:51', 3, 64, 1, 3, '0000-00-00'),
(34, 36937, 'Pago Total ', '2019-06-12 02:06:34', 3, 45, 1, 3, '0000-00-00'),
(35, 140000, 'Pago Total ', '2019-06-12 04:06:16', 3, 29, 3, 3, '0000-00-00'),
(36, 148000, 'pago en efectivo a carolina perez', '2019-06-12 08:06:52', 2, 69, 1, 3, '0000-00-00'),
(37, 70282, 'PAGO MENSUALIDAD MAYO 2019', '2019-06-12 09:06:19', 2, 70, 3, 3, '0000-00-00'),
(38, 61561, 'PAGO TOTAL ', '2019-06-13 01:06:00', 3, 16, 3, 3, '0000-00-00'),
(39, 50000, 'CHEQUE N°5239207 BCO CHILE', '2019-06-12 00:00:00', 2, 71, 5, 3, '2019-06-12'),
(40, 50000, 'CHEQUE N°5239207 BCO CHILE', '2019-06-12 00:00:00', 2, 72, 5, 3, '2019-06-12'),
(41, 50000, 'CHEQUE N°5239207 BCO CHILE', '2019-06-12 00:00:00', 2, 73, 5, 3, '2019-06-12'),
(42, 477792, 'OPERACION RENTA AT 2019', '2019-06-12 00:00:00', 2, 74, 5, 3, '2019-06-12'),
(43, 96000, 'CHEQUE N°5239207 BCO CHILE', '2019-06-12 00:00:00', 2, 75, 5, 3, '2019-06-12'),
(44, 60000, 'CHEQUE N°5239207 BCO CHILE', '2019-06-12 00:00:00', 2, 77, 5, 3, '2019-06-12'),
(45, 60000, 'CHEQUE N°5239207 BCO CHILE', '2019-06-12 00:00:00', 2, 78, 5, 3, '2019-06-12'),
(46, 60000, 'CHEQUE N°5239207 BCO CHILE', '2019-06-12 00:00:00', 2, 79, 5, 3, '2019-06-12'),
(47, 0, 'ERROR EN MES DE LA MENSUALIDAD ES MARZO NO ABRIL 2019', '2019-06-14 06:06:19', 2, 87, 4, 4, NULL),
(48, 0, 'ERROR EN MONTO', '2019-06-14 06:06:22', 2, 88, 4, 4, NULL),
(49, 0, 'ERROR EN MONTO', '2019-06-14 06:06:39', 2, 89, 4, 4, NULL),
(50, 100000, 'PAGO TOTAL', '2019-03-29 00:00:00', 5, 94, 3, 3, '2019-03-29'),
(51, 100000, 'PAGO TOTAL', '2019-06-14 00:00:00', 5, 93, 3, 3, '2019-06-14'),
(52, 153900, 'PAGO TOTAL MENSUALIDAD', '2019-06-14 00:00:00', 5, 21, 5, 3, '2019-06-14'),
(53, 150000, 'Pago parcial en cheque ', '2019-06-17 00:00:00', 3, 95, 5, 2, '2019-06-17'),
(54, 200000, 'Pago Total', '2019-06-17 00:00:00', 3, 95, 1, 3, '2019-06-17'),
(55, 205200, 'Cheque número 8551698 bco Itaú ', '2019-06-17 00:00:00', 2, 24, 5, 3, '2019-06-17'),
(56, 87211, 'Pago Total - Cheque N° 2862', '2019-06-18 00:00:00', 3, 1, 5, 3, '2019-06-18'),
(57, 100000, 'TRANSFERENCIA BANCARIA', '2019-06-14 00:00:00', 2, 96, 3, 3, '2019-06-14'),
(58, 139947, 'Pago Total ', '2019-06-17 00:00:00', 3, 28, 1, 3, '2019-06-17'),
(59, 45145, 'Pago Total', '2019-06-19 00:00:00', 3, 31, 3, 3, '2019-06-19'),
(60, 70282, 'Pago Total ', '2019-06-18 00:00:00', 3, 82, 3, 3, '2019-06-18'),
(61, 502443, 'CHEQUE N°3867055 BCO SANTANDER', '2019-06-20 00:00:00', 2, 98, 5, 3, '2019-06-20'),
(62, 368551, 'CHEQUE N°3867055 BCO SANTANDER', '2019-06-20 00:00:00', 2, 97, 5, 3, '2019-06-20'),
(63, 547348, 'PAGO OP. RTA AT 2019 CON CHEQUE', '2019-06-19 00:00:00', 2, 99, 5, 3, '2019-06-19'),
(64, 147766, 'cliente esta pagando x mensualidad $ 151.721.- desde enero a mayo 2019 desconocemos porque sin embargo   para regularizar mayor ingreso de enero a mayo dif de $ 19.775.- se emitirá una factura con fec', '2019-06-18 00:00:00', 2, 85, 3, 3, '2019-06-18'),
(65, 19775, 'regulariza diferencia de mensualidades enero a mayo 2019 no facturada', '2019-06-18 00:00:00', 2, 100, 3, 3, '2019-06-18'),
(66, 95624, 'Pago Total ', '2019-06-20 00:00:00', 3, 43, 5, 3, '2019-06-20'),
(67, 99728, 'Pago Total ', '2019-06-20 00:00:00', 3, 35, 3, 3, '2019-06-20'),
(68, 734720, 'TRF BANCO SANTANDER DIA SABADO 21/6/2019 ', '2019-06-24 00:00:00', 2, 90, 3, 3, '2019-06-24'),
(69, 297920, 'TRF BANCO SANTANDER DIA 21/6/2019', '2019-06-24 00:00:00', 2, 91, 3, 3, '2019-06-24'),
(70, 35911, 'Pago Total ', '2019-06-13 00:00:00', 3, 83, 5, 3, '2019-06-13'),
(71, 38989, 'Pago Total ', '2019-06-10 00:00:00', 3, 80, 1, 3, '2019-06-10'),
(72, 85501, 'Pago Total ', '2019-06-20 00:00:00', 3, 102, 1, 3, '2019-06-20'),
(73, 100000, 'Monto transferido:	$100.000\r\nTitular de la cuenta de origen:	CLINICA ODONTOLOGICA RIO CLARO SPA\r\nBanco de origen: 	BCI/TBANC/NOVA\r\nComentario para el destinatario: 	pago pendiente\r\nNumero de la operac', '2019-06-25 00:00:00', 2, 27, 3, 3, '2019-06-25'),
(74, 0, 'ERROR EN FECHA DE VENCIMIENTO', '2019-06-26 02:06:10', 2, 105, 4, 4, NULL),
(75, 58483, 'Pago Total ', '2019-06-25 00:00:00', 3, 84, 3, 3, '2019-06-25'),
(76, 134117, 'Pago Total ', '2019-06-25 00:00:00', 3, 34, 3, 3, '2019-06-25'),
(77, 97382, 'Pago Total', '2019-06-25 00:00:00', 3, 33, 3, 3, '2019-06-25'),
(78, 160500, 'Pago Total', '2019-06-22 00:00:00', 3, 12, 3, 3, '2019-06-22'),
(79, 29915, 'Pago Total', '2019-06-27 00:00:00', 3, 48, 3, 3, '2019-06-27'),
(80, 53353, 'Pago Total ', '2019-06-27 00:00:00', 3, 47, 3, 3, '2019-06-27'),
(81, 120705, 'TRF BANCO ESTADO', '2019-06-28 00:00:00', 2, 114, 3, 3, '2019-06-28'),
(82, 0, 'ingreso duplicado', '2019-06-30 09:06:21', 2, 104, 4, 4, NULL),
(83, 108000, 'TFR BANCO ITAU', '2019-06-30 11:06:28', 2, 6, 3, 3, '2019-06-30'),
(84, 108000, 'TFR BANCO ITAU', '2019-06-30 11:06:05', 2, 110, 3, 3, '2019-06-30'),
(85, 46171, 'Pago Total \r\n', '2019-07-01 04:07:56', 3, 111, 1, 3, '2019-07-01'),
(86, 1952, 'Pago diferencia honorarios Mayo ', '2019-07-01 04:07:34', 3, 2, 3, 3, '2019-07-01'),
(87, 30781, 'Pago Total', '2019-07-01 04:07:01', 3, 106, 1, 3, '2019-07-01'),
(88, 509000, 'CHEQUE N°7341315 BANCO BCI', '2019-07-01 08:07:26', 2, 15, 5, 3, '2019-07-01'),
(89, 78720, 'PAGO TOTAL', '2019-07-02 02:07:29', 5, 127, 3, 3, '2019-07-02'),
(90, 205200, 'TRASFERENCIA DE 420.800 PAGO FC.2638-2639 MAS DIFERENCIAS HONORARIOS ENERO-FEBRERO', '2019-07-02 02:07:52', 5, 52, 3, 3, '2019-07-02'),
(91, 205200, 'TRASFERENCIA DE 420.800 PAGO FC.2638-2639 MAS DIFERENCIAS HONORARIOS ENERO-FEBRERO', '2019-07-02 02:07:25', 5, 53, 3, 3, '2019-07-02'),
(92, 58312, 'Pago Total ', '2019-07-02 03:07:36', 3, 62, 3, 3, '2019-07-02'),
(93, 111613, 'PAGO TOTAL', '2019-07-03 06:07:43', 5, 119, 5, 3, '2019-07-03'),
(94, 111610, 'DEPOSITO DOCUMENTO EFECTUADO POR CLIENTE', '2019-07-04 01:07:54', 5, 118, 5, 2, '2019-07-02'),
(95, 139517, 'DEPOSITO EN DOCUMENTO EFECTUADO POR CLIENTE', '2019-07-04 01:07:59', 5, 120, 5, 3, '2019-07-03'),
(96, 274858, 'ABONO DIA 12/4/2019', '2019-07-04 05:07:27', 2, 185, 3, 2, '2019-04-12'),
(97, 83969, 'PAGO HONORARIOS', '2019-07-04 07:07:05', 5, 121, 3, 3, '2019-07-04'),
(98, 102338, 'Pago Total ', '2019-07-08 03:07:42', 3, 141, 5, 3, '2019-07-08'),
(99, 514361, 'Pago Total ', '2019-07-08 03:07:01', 3, 113, 1, 3, '2019-07-08'),
(100, 87468, 'PAGO TOTAL', '2019-07-08 03:07:44', 3, 152, 1, 3, '2019-07-08'),
(101, 111565, 'Pago Total ', '2019-07-08 03:07:36', 3, 170, 1, 3, '2019-07-08'),
(102, 36937, 'Pago Total', '2019-07-08 03:07:11', 3, 135, 1, 3, '2019-07-08'),
(103, 205200, 'CHEQUE 8551706 BANCO ITAU', '2019-07-08 05:07:20', 5, 131, 5, 3, '2019-07-08'),
(104, 140000, 'PAGO HONORARIOS TOTAL', '2019-07-08 08:07:14', 5, 146, 3, 3, '2019-07-08'),
(105, 139947, 'PAGO HONORARIOS TOTAL', '2019-07-08 08:07:59', 5, 145, 3, 3, '2019-07-08'),
(106, 35911, 'Pago Total', '2019-07-09 01:07:07', 3, 159, 5, 3, '2019-07-09'),
(107, 84931, 'Pago Total ', '2019-07-09 03:07:36', 3, 140, 1, 3, '2019-07-09'),
(108, 584000, 'Pago - Cheque N°5274019', '2019-07-10 01:07:00', 3, 142, 5, 3, '2019-07-02'),
(109, 1500000, 'Abono al honorario renta - Cheque N° 5274033', '2019-07-10 01:07:53', 3, 32, 5, 2, '2019-07-09'),
(110, 86247, 'DEPOSITO DOCUMENTO TOTAL HONORARIOS + IMPOSICIONES + IMPTO', '2019-07-10 01:07:08', 5, 122, 5, 3, '2019-07-09'),
(111, 26677, 'Pago Total ', '2019-07-10 01:07:18', 3, 134, 1, 3, '2019-07-10'),
(112, 70282, 'PAGO TOTAL HONORARIOS', '2019-07-10 01:07:51', 5, 167, 3, 3, '2019-07-10'),
(113, 76552, 'Diferencia honorario Renta ', '2019-07-10 01:07:11', 3, 185, 3, 3, '2019-07-09'),
(114, 15391, 'Pago Total ', '2019-07-10 01:07:56', 3, 168, 1, 3, '2019-07-09'),
(115, 38989, 'Pago Total ', '2019-07-10 01:07:13', 3, 164, 1, 3, '2019-07-09'),
(116, 25076, 'Pago Total ', '2019-07-10 03:07:50', 3, 143, 1, 3, '2019-07-10'),
(117, 221828, 'Pago Parcial, debe $ 3.172-.', '2019-07-10 04:07:13', 3, 154, 3, 2, '2019-07-10'),
(118, 3172, 'Pago Diferencia ', '2019-07-10 08:07:37', 3, 154, 3, 3, '2019-07-10'),
(119, 350000, 'PAGO TOTAL MENSUALIDADES ATRASADAS', '2019-07-10 10:07:17', 5, 68, 3, 3, '2019-07-10'),
(120, 350000, '', '2019-07-10 10:07:42', 5, 132, 3, 3, '2019-07-10'),
(121, 350000, '', '2019-07-10 10:07:57', 5, 169, 3, 3, '2019-07-10'),
(122, 45145, 'Pago Total ', '2019-07-11 01:07:11', 3, 150, 3, 3, '2019-07-10'),
(123, 32351, 'DEPOSITO DOCUMENTO CLIENTE', '2019-07-11 01:07:57', 5, 123, 5, 3, '2019-07-11'),
(124, 62980, 'PAGO TOTAL', '2019-07-11 02:07:57', 5, 129, 3, 3, '2019-07-11'),
(125, 61561, 'Pago Total Cheque n° 8951833', '2019-07-11 02:07:58', 3, 155, 5, 3, '2019-07-10'),
(126, 160500, 'PAGO TOTAL', '2019-07-11 09:07:00', 5, 147, 3, 3, '2019-07-11'),
(127, 244000, 'PAGO TOTAL', '2019-07-11 09:07:44', 5, 130, 5, 3, '2019-07-11'),
(128, 151721, 'Pago Total ', '2019-07-12 02:07:13', 3, 101, 3, 3, '2019-07-11'),
(129, 53353, 'Pago Total ', '2019-07-12 03:07:47', 3, 151, 3, 3, '2019-07-12'),
(130, 490188, 'Pago Total ', '2019-07-12 05:07:04', 3, 115, 3, 3, '2019-06-28'),
(131, 1046086, 'DEJA DOCUMENTOS A FECHA\r\n8551709 10/08/19 $ 209217\r\n8551710  10/09/19 $ 209217\r\n8551711   10/10/19 $ 209217\r\n8551712  10/11/19 $ 209217\r\n8551713  10/12/19 $ 209217', '2019-07-12 07:07:08', 5, 116, 5, 3, '2019-07-12'),
(132, 200000, 'PAGO TOTAL', '2019-07-12 08:07:22', 5, 55, 3, 3, '2019-07-12'),
(133, 205200, 'PAGO TOTAL', '2019-07-12 08:07:51', 5, 42, 3, 3, '2019-07-12'),
(134, 205200, 'PAGO TOTAL', '2019-07-12 08:07:32', 5, 54, 3, 3, '2019-07-12'),
(135, 205200, 'PAGO TOTAL', '2019-07-12 08:07:54', 5, 126, 3, 3, '2019-07-12'),
(136, 1026000, 'PAGO TOTAL', '2019-07-12 08:07:32', 5, 51, 3, 3, '2019-07-12'),
(137, 158400, 'PAGO PARCIAL DIF.$46.800', '2019-07-12 08:07:12', 5, 204, 3, 2, '2019-07-12'),
(138, 0, 'ERROR EN NUMERO DE FACTURA', '2019-07-13 03:07:31', 2, 213, 4, 4, NULL),
(139, 281920, 'trf banco santander', '2019-07-16 11:07:26', 2, 92, 3, 3, '2019-07-16'),
(140, 281920, 'tfr banco santander', '2019-07-16 11:07:31', 2, 23, 3, 3, '2019-07-16'),
(141, 54584, 'Pago Total ', '2019-07-17 01:07:40', 3, 162, 3, 3, '2019-07-15'),
(142, 99728, 'Pago Total ', '2019-07-17 01:07:01', 3, 158, 3, 3, '2019-07-15'),
(143, 100000, 'PAGO PARCIAL RENTA', '2019-07-17 08:07:41', 5, 229, 3, 2, '2019-05-13'),
(144, 95624, 'Pago Total - Cheque N°0003318', '2019-07-18 04:07:48', 3, 149, 5, 3, '2019-07-18'),
(145, 0, 'ERROR DE MONTO   SUPERA EL PRECIO ACORDADO', '2019-07-18 05:07:31', 2, 86, 4, 4, NULL),
(146, 0, 'ERROR EN MONTO DE MENSUALIDAD ERA INFERIOR', '2019-07-18 05:07:27', 2, 153, 4, 4, NULL),
(147, 153900, 'PAGO TOTAL DEPOSITO EN DOCUMENTO HECHO POR CLIENTE', '2019-07-18 08:07:44', 5, 125, 5, 3, '2019-07-18'),
(148, 82200, 'Pago Total', '2019-07-18 09:07:18', 3, 171, 3, 3, '2019-07-18'),
(149, 353193, 'Pago Total ', '2019-07-18 09:07:19', 3, 172, 3, 3, '2019-07-18'),
(150, 29915, 'Pago Total ', '2019-07-18 10:07:47', 3, 136, 3, 3, '2019-07-18'),
(151, 53353, 'Pago Total ', '2019-07-18 10:07:24', 3, 137, 3, 3, '2019-07-18'),
(152, 85501, 'Pago Total ', '2019-07-19 02:07:10', 3, 103, 1, 3, '2019-07-19'),
(153, 0, 'INGRESO DE FACTURA DUPLICADO    rmr', '2019-07-19 03:07:40', 2, 117, 4, 4, NULL),
(154, 264905, 'Pago Total ', '2019-07-19 07:07:31', 3, 184, 3, 3, '2019-07-18'),
(155, 25651, 'Él Depositó en efectivo ', '2019-07-22 01:07:49', 3, 81, 1, 3, '2019-07-22'),
(156, 25651, 'Él depositó en efectivo ', '2019-07-22 01:07:11', 3, 165, 1, 3, '2019-07-22'),
(157, 383263, 'Pago Total ', '2019-07-22 03:07:42', 3, 173, 5, 3, '2019-07-22'),
(158, 293568, 'Pago Total ', '2019-07-22 03:07:57', 3, 174, 5, 3, '2019-07-22'),
(159, 474894, 'Pago Total ', '2019-07-22 03:07:50', 3, 175, 5, 3, '2019-07-22'),
(160, 125955, 'Pago Total ', '2019-07-22 03:07:13', 3, 49, 5, 3, '2019-07-22'),
(161, 100000, 'pago con transferencia de factura 2836 el día 22/7/2019   rmr', '2019-07-22 04:07:10', 2, 133, 3, 3, '2019-07-22'),
(162, 150000, 'Abono honorarios renta', '2019-07-22 08:07:24', 3, 177, 3, 2, '2019-07-22'),
(163, 58312, 'Pago Total ', '2019-07-22 08:07:21', 3, 144, 3, 3, '2019-07-22'),
(164, 0, 'ERROR DE DIGITACIÓN   SE INGRESO EXENTA SIENDO AFECTA', '2019-07-22 08:07:14', 2, 255, 4, 4, NULL),
(165, 0, 'ERROR DE DIGITACIÓN   SE INGRESO EXENTA SIENDO AFECTA', '2019-07-22 08:07:24', 2, 256, 4, 4, NULL),
(166, 0, 'ERROR DE DIGITACIÓN   SE INGRESO EXENTA SIENDO AFECTA', '2019-07-22 08:07:33', 2, 257, 4, 4, NULL),
(167, 300000, 'ABONO ', '2019-07-22 08:07:38', 2, 258, 3, 2, '2018-11-30'),
(168, 300000, 'ABONO', '2019-07-22 08:07:16', 2, 258, 3, 2, '2019-01-09'),
(169, 84250, 'PAGO SALDO', '2019-07-22 08:07:15', 2, 258, 1, 3, '2019-03-06'),
(170, 0, 'ERROR DE DIGITACION  COBRO ES DE MARZO NO ABRIL', '2019-07-22 08:07:07', 2, 263, 4, 4, NULL),
(171, 0, 'ERROR DE AÑO EN GLOSA DICE 2019 DEBE DECIR 2018 ', '2019-07-22 08:07:19', 2, 259, 4, 4, NULL),
(172, 595000, 'PAGO CON TRANSFER DIA 22/7/2019', '2019-07-22 09:07:18', 2, 264, 3, 3, '2019-07-22'),
(173, 595000, 'PAGO CON TRANSFERENCIA BCI', '2019-07-22 09:07:47', 2, 260, 3, 3, '2019-07-22'),
(174, 87211, 'Pago Total - Cheque N° 0002905', '2019-07-23 04:07:30', 3, 107, 5, 3, '2019-07-23'),
(175, 35911, 'Transfirió $ 150.000; $35.911 de JMI y la diferencia de $114.089 es de GEOCONSULTORES. ', '2019-07-23 09:07:34', 3, 7, 3, 3, '2019-07-18'),
(176, 114089, 'Transfirió $ 150.000; $35.911 de JMI y la diferencia de $114.089 es de GEOCONSULTORES. ', '2019-07-23 09:07:26', 3, 8, 3, 2, '2019-07-18'),
(177, 76889, 'Pago Total', '2019-07-24 04:07:34', 3, 50, 3, 3, '2019-07-24'),
(178, 76889, 'Pago Total', '2019-07-24 04:07:04', 3, 139, 3, 3, '2019-07-24'),
(179, 413354, 'DEPOSITO DOCUMENTO POR PARTE CLIENTE', '2019-07-25 01:07:00', 5, 270, 5, 3, '2019-07-24'),
(180, 170037, 'PAGO TOTAL', '2019-07-26 01:07:27', 5, 124, 3, 3, '2019-07-05'),
(181, 97382, 'Pago Total ', '2019-07-29 01:07:32', 3, 156, 3, 3, '2019-07-29'),
(182, 134117, 'Pago Total ', '2019-07-29 01:07:31', 3, 157, 3, 3, '2019-07-29'),
(183, 3, 'Ajuste sencillo', '2019-07-29 01:07:29', 3, 118, 3, 3, '2019-07-29'),
(184, 1000000, 'abono con cheque n°5274051 banco santander', '2019-07-29 04:07:54', 2, 32, 5, 2, '2019-07-29'),
(185, 58483, 'Pago Total ', '2019-07-29 05:07:21', 3, 166, 3, 3, '2019-07-29'),
(186, 111814, 'DEPOSITO DOCUMENTO CLIENTE POR UN MONTO DE $ 118.814', '2019-07-29 08:07:30', 5, 197, 5, 3, '2019-07-29'),
(187, 111814, 'PAGO TOTAL', '2019-07-30 02:07:17', 5, 196, 5, 3, '2019-07-29'),
(188, 61561, 'Pago Total', '2019-07-31 04:07:28', 3, 163, 3, 3, '2019-07-31'),
(189, 46171, 'Pago Total ', '2019-08-01 01:08:18', 3, 188, 1, 3, '2019-08-01'),
(190, 30781, 'Pago Total ', '2019-08-01 01:08:54', 3, 189, 1, 3, '2019-08-01'),
(191, 108000, 'PAGO TOTAL', '2019-08-02 01:08:11', 5, 193, 3, 3, '2019-08-02'),
(192, 509000, 'Cheque num 7341334 bco BCI ', '2019-08-02 05:08:26', 2, 128, 5, 3, '2019-08-02'),
(193, 139767, 'PAGO TOTAL', '2019-08-05 01:08:15', 5, 198, 5, 3, '2019-08-02'),
(194, 120705, 'PAGO TOTAL', '2019-08-05 01:08:05', 5, 208, 3, 3, '2019-08-05'),
(195, 78720, 'PAGO TOTAL', '2019-08-05 01:08:05', 5, 206, 3, 3, '2019-08-05'),
(196, 83969, 'PAGO TOTAL', '2019-08-05 01:08:38', 5, 199, 3, 3, '2019-08-05'),
(197, 35911, 'Pago Total ', '2019-08-06 02:08:54', 3, 244, 5, 3, '2019-08-06'),
(198, 87468, 'Pago Total ', '2019-08-06 02:08:16', 3, 234, 5, 3, '2019-08-06'),
(199, 15391, 'Pago Total ', '2019-08-07 01:08:37', 3, 194, 1, 3, '2019-08-07'),
(200, 70282, 'Pago Total ', '2019-08-07 01:08:45', 3, 253, 3, 3, '2019-08-06'),
(201, 140000, 'Pago Total ', '2019-08-07 01:08:53', 3, 227, 3, 3, '2019-08-06'),
(202, 139947, 'Pago Total ', '2019-08-07 01:08:18', 3, 226, 3, 3, '2019-08-06'),
(203, 84931, 'Pago Total', '2019-08-07 03:08:40', 3, 223, 1, 3, '2019-08-07'),
(204, 102338, 'Pago Total ', '2019-08-07 04:08:11', 3, 224, 5, 3, '2019-08-07'),
(205, 53353, 'Pago Total ', '2019-08-07 08:08:44', 3, 233, 3, 3, '2019-08-07'),
(206, 86247, 'DEPOSITO DOCUMENTO POR PARTE DE CLIENTE', '2019-08-08 01:08:03', 5, 200, 5, 3, '2019-08-07'),
(207, 32351, 'DEPOSITO DOCUMENTO POR PARTE DEL CLIENTE', '2019-08-08 01:08:01', 5, 201, 5, 3, '2019-08-07'),
(208, 25076, 'Pago Total ', '2019-08-08 02:08:46', 3, 228, 1, 3, '2019-08-08'),
(209, 26677, 'Pago Total', '2019-08-09 02:08:41', 3, 217, 1, 3, '2019-08-09'),
(210, 38989, 'Pago Total ', '2019-08-09 02:08:25', 3, 250, 1, 3, '2019-08-09'),
(211, 36937, 'Pago Total ', '2019-08-09 04:08:33', 3, 218, 1, 3, '2019-08-09'),
(212, 244000, 'PAGO TOTAL CON DOCUMENTO RECIBIDO DE CLIENTE', '2019-08-12 08:08:34', 5, 212, 5, 3, '2019-08-09'),
(213, 285920, 'PAGO TOTAL TRANSFERENCIA', '2019-08-12 08:08:41', 5, 186, 3, 3, '2019-08-12'),
(214, 225000, 'Pago Total ', '2019-08-12 10:08:43', 3, 238, 3, 3, '2019-08-12'),
(215, 62980, 'PAGO TOTAL', '2019-08-13 03:08:50', 5, 207, 3, 3, '2019-08-13'),
(216, 61561, 'Pago Total - Cheque N°629636', '2019-08-13 04:08:05', 3, 239, 5, 3, '2019-08-12'),
(217, 125955, 'Pago Total', '2019-08-13 08:08:59', 3, 138, 5, 3, '2019-08-12'),
(218, 54584, 'Pago Total ', '2019-08-14 01:08:18', 3, 248, 3, 3, '2019-08-13'),
(219, 45145, 'Pago Total ', '2019-08-14 01:08:40', 3, 232, 3, 3, '2019-08-14'),
(220, 99728, 'Pago Total', '2019-08-19 01:08:35', 3, 243, 3, 3, '2019-08-15'),
(221, 61561, 'Pago Total ', '2019-08-19 01:08:15', 3, 249, 3, 3, '2019-08-15'),
(222, 170037, 'PAGO TOTAL', '2019-08-19 01:08:27', 5, 202, 3, 3, '2019-08-19'),
(223, 151721, 'Pago Total', '2019-08-19 01:08:42', 3, 240, 3, 3, '2019-08-16'),
(224, 95624, 'Pago Total - Cheque N° 0003319', '2019-08-19 03:08:01', 3, 231, 5, 3, '2019-08-19'),
(225, 87211, 'Pago Total - Cheque N° 0002942', '2019-08-19 04:08:03', 3, 190, 5, 3, '2019-08-19'),
(226, 85501, 'Pago Total ', '2019-08-19 05:08:34', 3, 195, 1, 3, '2019-08-19'),
(227, 58312, 'Pago Total ', '2019-08-19 05:08:51', 3, 254, 3, 3, '2019-08-19'),
(228, 153900, 'PAGO TOTAL EN DOCUMENTO', '2019-08-23 01:08:25', 5, 203, 5, 3, '2019-08-21'),
(229, 58483, 'Pago Total ', '2019-08-26 01:08:24', 3, 252, 3, 3, '2019-08-26'),
(230, 29915, 'Pago Total ', '2019-08-26 01:08:02', 3, 219, 3, 3, '2019-08-23'),
(231, 53353, 'Pago Total ', '2019-08-26 01:08:57', 3, 220, 3, 3, '2019-08-23'),
(232, 100000, 'PAGO TOTAL', '2019-08-26 03:08:51', 5, 214, 3, 3, '2019-08-26'),
(233, 205200, 'CHEQUE BANCO ITAU N° 8551717 POR MONTO TOTAL', '2019-08-27 03:08:41', 5, 211, 5, 3, '2019-08-27'),
(234, 97382, 'Pago Total ', '2019-08-28 09:08:46', 3, 241, 3, 3, '2019-08-28'),
(235, 134117, 'Pago Total ', '2019-08-28 09:08:14', 3, 242, 3, 3, '2019-08-28'),
(236, 108000, 'PAGO CON TRANSFERENCIA BANCARIA ITAU', '2019-08-29 04:08:09', 2, 276, 3, 3, '2019-08-29'),
(237, 583333, 'Pago Total ', '2019-09-02 04:09:56', 3, 225, 5, 3, '2019-08-08'),
(238, 598630, 'CHEQUE 7341359 BCI $ 598.630', '2019-09-02 05:09:44', 5, 272, 5, 2, '2019-09-02'),
(239, 120705, 'PAGO TOTAL', '2019-09-02 09:09:45', 5, 277, 3, 3, '2019-09-02'),
(240, 111972, 'PAGO TOTAL DEPOSITADO POR CLIENTE', '2019-09-02 09:09:42', 5, 273, 5, 3, '2019-09-02'),
(241, 111972, 'DEPOSITO DOCUMENTO CLIENTE', '2019-09-03 08:09:58', 5, 281, 5, 3, '2019-08-30'),
(242, 78720, 'PAGO TOTAL', '2019-09-03 08:09:02', 5, 282, 3, 3, '2019-09-03'),
(243, 3, 'REGULARIZACION SALDO DE $3 NO COBRADO. ', '2019-09-03 08:09:57', 2, 272, 1, 3, '2019-09-02'),
(244, 139965, 'PAGO TOTAL CON DOCUMENTO', '2019-09-04 05:09:06', 5, 292, 5, 3, '2019-09-03'),
(245, 83969, 'PAGO TOTAL ', '2019-09-04 05:09:38', 5, 293, 3, 3, '2019-09-04'),
(246, 0, 'ERROR EN CONCEPTO  ES ASESORIA NO MENSUALIDAD', '2019-09-05 03:09:36', 2, 300, 4, 4, NULL),
(247, 654500, 'pagada con transfer', '2019-09-05 09:09:47', 2, 261, 3, 3, '2019-09-05'),
(248, 177012, 'pagada con transfer', '2019-09-05 09:09:17', 2, 262, 3, 3, '2019-09-05'),
(249, 26677, 'Pago Total ', '2019-09-06 03:09:48', 3, 294, 1, 3, '2019-09-05'),
(250, 84931, 'Pago Total ', '2019-09-06 03:09:20', 3, 304, 1, 3, '2019-09-05'),
(251, 31489, 'Pago Total - Cheque 7260403', '2019-09-06 03:09:55', 3, 290, 5, 3, '2019-09-06'),
(252, 70849, 'Pago Total - Cheque 7260403', '2019-09-06 03:09:44', 3, 291, 5, 3, '2019-09-06'),
(253, 583333, 'Pago Total - Cheque 5274079', '2019-09-06 03:09:53', 3, 305, 5, 3, '2019-09-02'),
(254, 87468, 'Pago Total ', '2019-09-09 12:09:14', 3, 316, 1, 3, '2019-09-09'),
(255, 46171, 'Pago Total ', '2019-09-09 12:09:34', 3, 311, 1, 3, '2019-09-02'),
(256, 30781, 'Pago Total ', '2019-09-09 12:09:25', 3, 312, 1, 3, '2019-09-02'),
(257, 70282, 'Pago Total ', '2019-09-09 12:09:12', 3, 331, 3, 3, '2019-09-05'),
(258, 58483, 'Pago Total ', '2019-09-09 12:09:20', 3, 330, 3, 3, '2019-09-06'),
(259, 35911, 'Pago Total ', '2019-09-09 12:09:19', 3, 324, 5, 3, '2019-09-09'),
(260, 36937, 'Pago Total ', '2019-09-09 01:09:53', 3, 295, 1, 3, '2019-09-09'),
(261, 15391, 'Pago Total ', '2019-09-09 03:09:48', 3, 333, 1, 3, '2019-09-09'),
(262, 32351, 'DEPOSITO DOCUMENTO CLIENTE', '2019-09-09 08:09:40', 5, 279, 5, 3, '2019-09-09'),
(263, 53353, 'Pago Total ', '2019-09-10 02:09:54', 3, 315, 3, 3, '2019-09-10'),
(264, 86247, 'DEPOSITO DOCUMENTO CLIENTE', '2019-09-10 02:09:56', 5, 278, 5, 3, '2019-09-09'),
(265, 80000, 'PAGO TOTAL', '2019-09-10 02:09:17', 5, 13, 3, 3, '2019-09-10'),
(266, 90500, 'PAGO TOTAL', '2019-09-10 02:09:41', 5, 148, 3, 3, '2019-09-10'),
(267, 90500, 'PAGO TOTAL', '2019-09-10 02:09:01', 5, 216, 3, 3, '2019-09-10'),
(268, 160500, 'pago total', '2019-09-10 02:09:47', 5, 215, 3, 3, '2019-09-10'),
(269, 38989, 'Pago Total ', '2019-09-11 01:09:26', 3, 328, 1, 3, '2019-09-11'),
(270, 244000, 'PAGO TOTAL CON DOCUMENTO', '2019-09-11 02:09:27', 5, 287, 5, 3, '2019-09-06'),
(271, 99728, 'Pago Total ', '2019-09-11 03:09:12', 3, 323, 3, 3, '2019-09-10'),
(272, 225000, 'Pago Total ', '2019-09-12 02:09:28', 3, 318, 3, 3, '2019-09-11'),
(273, 29915, 'Pago Total ', '2019-09-12 04:09:14', 3, 296, 3, 3, '2019-09-12'),
(274, 53353, 'Pago Total ', '2019-09-12 04:09:01', 3, 297, 3, 3, '2019-09-12'),
(275, 151721, 'Pago Total ', '2019-09-13 12:09:52', 3, 320, 3, 3, '2019-09-12'),
(276, 205200, 'PAGO TOTAL EN DOCUMENTO', '2019-09-13 12:09:00', 5, 285, 5, 3, '2019-09-12'),
(277, 62980, 'PAGO TOTAL', '2019-09-13 12:09:35', 5, 283, 3, 3, '2019-09-13'),
(278, 61561, 'Pago Total ', '2019-09-13 01:09:28', 3, 327, 3, 3, '2019-09-12'),
(279, 54584, 'Pago Total ', '2019-09-13 02:09:47', 3, 326, 3, 3, '2019-09-12'),
(280, 1000000, 'Pago Renta ', '2019-09-13 03:09:06', 3, 32, 5, 3, '2019-09-13'),
(281, 61561, 'Pago Total - Cheque N° 0629646', '2019-09-16 12:09:30', 3, 319, 5, 3, '2019-09-12'),
(282, 25076, 'Pago Total ', '2019-09-16 12:09:51', 3, 306, 1, 3, '2019-09-13'),
(283, 153900, 'PAGO TOTAL DEPOSITO DOCUMENTO', '2019-09-16 12:09:58', 5, 280, 5, 3, '2019-09-13'),
(284, 95624, 'Pago Total - Cheque N° 0003320', '2019-09-16 01:09:10', 3, 309, 5, 3, '2019-09-16'),
(285, 85501, 'Pago Total ', '2019-09-17 01:09:19', 3, 335, 1, 3, '2019-09-17'),
(286, 1146084, 'CON CHEQUE DEJADO PARA PAGAR RTA AT 2017 QUEDO UN SALDO DE $1.146.084.- QUE SE ABONA A  DEUDA SEGUN FACTURA 2936   VB DE NOLASCO TELEFONICO', '2019-09-17 02:09:27', 2, 271, 5, 2, '2019-09-17'),
(287, 139947, 'Pago Total ', '2019-09-17 02:09:15', 3, 298, 3, 3, '2019-09-17'),
(288, 140000, 'Pago Total ', '2019-09-17 02:09:53', 3, 299, 3, 3, '2019-09-17'),
(289, 170037, 'PAGO TOTAL', '2019-09-23 12:09:58', 5, 274, 3, 3, '2019-09-23'),
(290, 45145, 'Pago Total ', '2019-09-23 01:09:50', 3, 314, 3, 3, '2019-09-23'),
(291, 125955, 'Pago Total ', '2019-09-23 04:09:29', 3, 221, 5, 3, '2019-09-23'),
(292, 0, 'Reciliencia del servicio  ', '2019-09-24 01:09:20', 2, 301, 4, 4, NULL),
(293, 134117, 'Pago Total ', '2019-09-24 06:09:46', 3, 322, 3, 3, '2019-09-24'),
(294, 97382, 'Pago Total ', '2019-09-24 06:09:31', 3, 321, 3, 3, '2019-09-24'),
(295, 33000, 'Pago Total - Cheque N° 2658781', '2019-09-27 03:09:55', 3, 76, 5, 3, '2019-09-27'),
(296, 50000, 'Pago Total - Hay una Nota de Crédito asociada a la factura ', '2019-09-27 03:09:48', 3, 160, 5, 2, '2019-09-27'),
(297, 55500, 'Pago Total - Cheque N°2658781', '2019-09-27 03:09:38', 3, 245, 5, 3, '2019-09-27'),
(298, 50000, 'Pago Total - Cheque N°2658781', '2019-09-27 03:09:21', 3, 246, 5, 3, '2019-09-27'),
(299, 11500, 'Pago Parcial - Cheque N° 2658781', '2019-09-27 03:09:59', 3, 332, 5, 2, '2019-09-27'),
(300, 509000, 'PAGO CHEQUE BCI 7341383 POR EL TOTAL', '2019-09-30 06:09:57', 5, 205, 5, 3, '2019-09-30'),
(301, 108000, 'PAGO CON TRANSFERENCIA BANCARIA EL 30/9/2019', '2019-09-30 08:09:59', 2, 336, 3, 3, '2019-09-30'),
(302, 78720, 'PAGO TRANSFER 30/9/2019', '2019-09-30 09:09:06', 2, 340, 3, 3, '2019-09-30'),
(303, 46171, 'Pago Total ', '2019-10-01 12:10:27', 3, 339, 1, 3, '2019-10-01'),
(304, 30781, 'Pago Total ', '2019-10-01 12:10:57', 3, 338, 1, 3, '2019-10-01'),
(305, 205200, 'PAGO TOTAL', '2019-10-01 07:10:03', 5, 204, 3, 3, '2019-10-01'),
(306, 205200, 'PAGO TOTAL', '2019-10-01 07:10:01', 5, 275, 3, 3, '2019-10-01'),
(307, 46800, 'PAGO TOTAL ABONO MES ANTERIOR JULIO', '2019-10-01 08:10:19', 5, 344, 3, 2, '2019-10-01'),
(308, 158400, 'PAGO PARCIAL', '2019-10-01 08:10:56', 5, 56, 3, 2, '2019-10-01'),
(309, 624750, 'PAGO FACTURA CON TRANSFER DESDE CTA CTE DE RAUL DIA 1/10/2019', '2019-10-01 09:10:04', 2, 265, 3, 3, '2019-10-01'),
(310, 140243, 'PAGO TOTAL EN DOCUMENTO', '2019-10-02 01:10:32', 5, 341, 5, 3, '2019-10-01'),
(311, 74779, 'Pago Total ', '2019-10-02 02:10:57', 3, 178, 1, 3, '2019-10-02'),
(312, 120705, 'PAGO CON TRANSFERENCIA BANCARIA EL DIA 2/10/2019', '2019-10-02 05:10:16', 2, 352, 3, 3, '2019-10-02'),
(313, 350000, 'PAGO TOTAL', '2019-10-03 12:10:04', 5, 210, 3, 3, '2019-10-03'),
(314, 350000, 'PAGO TOTAL', '2019-10-03 12:10:23', 5, 286, 3, 3, '2019-10-03'),
(315, 87211, 'Pago Total - Cheque N° 0002989', '2019-10-03 12:10:49', 3, 313, 5, 3, '2019-10-02'),
(316, 112194, 'PAGO TOTAL DEPOSITO CLIENTE EN DOCUMENTO', '2019-10-04 03:10:03', 5, 342, 5, 3, '2019-10-03'),
(317, 36937, 'Pago Total ', '2019-10-07 12:10:08', 3, 363, 1, 3, '2019-10-07'),
(318, 205200, 'PAGO DOCUMENTO 8551731 ITAU', '2019-10-07 04:10:51', 5, 361, 5, 3, '2019-10-07'),
(319, 90000, 'Pago Total - Cheque N°2658781', '2019-10-07 06:10:34', 3, 392, 5, 3, '2019-09-27'),
(320, 35911, 'Pago Total - Cheque N° 1241123', '2019-10-08 12:10:47', 3, 387, 5, 3, '2019-10-08'),
(321, 15391, 'Pago Total ', '2019-10-08 12:10:43', 3, 345, 1, 3, '2019-10-08'),
(322, 100000, 'pago con transferencia bancaria ', '2019-10-08 02:10:43', 2, 288, 3, 3, '2019-10-08'),
(323, 70282, 'Pago Total ', '2019-10-08 03:10:19', 3, 394, 3, 3, '2019-10-08'),
(324, 84931, 'Pago Total ', '2019-10-08 04:10:24', 3, 368, 1, 3, '2019-10-08'),
(325, 70849, 'Pago Total - Cheque N° 7260413 ', '2019-10-08 07:10:35', 3, 370, 5, 3, '2019-10-08'),
(326, 31489, 'Pago Total - Cheque N° 7260413', '2019-10-08 07:10:39', 3, 369, 5, 3, '2019-10-08'),
(327, 25076, 'Pago total ', '2019-10-08 07:10:09', 3, 372, 1, 3, '2019-10-08'),
(328, 583333, 'Pago total ', '2019-10-08 07:10:00', 3, 371, 5, 3, '2019-10-01'),
(329, 112194, 'PAGO TOTAL DEPOSITO EN DOCUMENTO', '2019-10-09 12:10:58', 5, 343, 5, 3, '2019-10-07'),
(330, 26677, 'PAGO TOTAL ', '2019-10-09 12:10:44', 3, 362, 1, 3, '2019-10-09'),
(331, 225000, 'PAGO TOTAL ', '2019-10-09 01:10:52', 3, 381, 3, 3, '2019-10-09'),
(332, 53353, 'Pago Total \r\n', '2019-10-09 09:10:58', 3, 378, 3, 3, '2019-10-09'),
(333, 38989, 'Pago Total \r\n', '2019-10-11 01:10:33', 3, 391, 1, 3, '2019-10-11'),
(334, 153900, 'PAGO TOTAL DEPOSITO DOCUMENTO CLIENTE', '2019-10-11 01:10:21', 5, 350, 5, 3, '2019-10-10'),
(335, 32351, 'PAGO TOTAL DEPOSITO DOCUMENTO', '2019-10-11 01:10:16', 5, 359, 5, 3, '2019-10-11'),
(336, 86247, 'PAGO TOTAL DEPOSITO DOCUMENTO', '2019-10-11 01:10:29', 5, 358, 5, 3, '2019-10-09'),
(337, 29915, 'Pago Total ', '2019-10-11 01:10:57', 3, 364, 3, 3, '2019-10-11'),
(338, 53353, 'Pago Total ', '2019-10-11 01:10:38', 3, 365, 3, 3, '2019-10-11'),
(339, 54584, 'Pago Total ', '2019-10-11 03:10:57', 3, 389, 3, 3, '2019-10-11'),
(340, 61561, 'Pago Total ', '2019-10-11 03:10:32', 3, 390, 3, 3, '2019-10-11'),
(341, 62980, 'PAGO TOTAL', '2019-10-11 04:10:18', 5, 360, 3, 3, '2019-10-11'),
(342, 256000, 'PAGO TOTAL', '2019-10-14 01:10:37', 5, 354, 5, 3, '2019-10-10'),
(343, 876767, 'Nolasco autoriza abonar factura n°2936 la suma de $876.767.- correspondiente a devolución de tesorería por pago de exceso.  FOLIO DE TESORERIA 4115963', '2019-10-14 03:10:45', 2, 271, 3, 2, '2019-10-11'),
(344, 61600, 'Pago Total - Cheque N° 1918443', '2019-10-14 08:10:23', 3, 382, 5, 3, '2019-10-14'),
(345, 125955, 'Pago Total ', '2019-10-15 12:10:02', 3, 302, 5, 3, '2019-10-14'),
(346, 134117, 'Pago Total ', '2019-10-16 06:10:36', 3, 385, 3, 3, '2019-10-16'),
(347, 97382, 'Pago Total ', '2019-10-16 06:10:23', 3, 384, 3, 3, '2019-10-16'),
(348, 99728, 'Pago Total ', '2019-10-17 12:10:33', 3, 386, 3, 3, '2019-10-17'),
(349, 95624, 'Pago Total - Cheque N°0003321', '2019-10-17 02:10:21', 3, 376, 5, 3, '2019-10-17'),
(350, 87211, 'Pago Total ', '2019-10-17 04:10:19', 3, 337, 5, 3, '2019-10-17'),
(351, 151721, 'Pago Total ', '2019-10-17 04:10:32', 3, 383, 1, 3, '2019-10-17'),
(352, 160500, 'PAGO TOTAL', '2019-10-18 12:10:52', 5, 289, 3, 3, '2019-10-07'),
(353, 45145, 'PAGO TOTAL', '2019-10-18 12:10:18', 5, 377, 3, 3, '2019-10-18'),
(354, 58483, 'Pago Total ', '2019-10-18 02:10:02', 3, 393, 3, 3, '2019-09-25'),
(355, 140000, 'Pago Total ', '2019-10-18 07:10:41', 3, 375, 3, 3, '2019-10-18'),
(356, 139947, 'Pago Total ', '2019-10-18 07:10:18', 3, 374, 3, 3, '2019-10-18'),
(357, 170037, 'pago con transferencia bancaria  bco santander', '2019-10-23 05:10:28', 2, 346, 3, 3, '2019-10-23'),
(358, 83969, 'pago con transferencia bancaria ', '2019-10-24 01:10:41', 2, 349, 3, 3, '2019-10-03'),
(359, 160500, 'paga factura con transfer. no corresponde a factura 2897 sino a la 3013 ya lo aclare con hector.', '2019-10-26 04:10:36', 2, 356, 3, 3, '2019-10-26'),
(360, 76889, 'Pago Total ', '2019-10-28 12:10:21', 3, 222, 3, 3, '2019-10-23'),
(361, 76889, 'Pago Total ', '2019-10-28 12:10:48', 3, 303, 3, 3, '2019-10-23'),
(362, 76889, 'Pago Total ', '2019-10-28 12:10:18', 3, 367, 3, 3, '2019-10-23'),
(363, 25651, 'Pago Total ', '2019-10-29 12:10:38', 3, 251, 3, 3, '2019-10-14'),
(364, 24349, 'Pago Parcial ', '2019-10-29 12:10:17', 3, 329, 3, 2, '2019-10-14'),
(365, 1302, 'Pago Total ', '2019-10-29 12:10:57', 3, 329, 1, 3, '2019-10-29'),
(366, 113728, 'Pago Total ', '2019-10-29 12:10:46', 3, 181, 1, 3, '2019-10-29'),
(367, 108000, 'pago con transfer banco itau', '2019-10-29 01:10:25', 2, 399, 3, 3, '2019-10-28'),
(368, 624750, 'PAGO CON TRANSFERENCIA BANCARIA ', '2019-10-29 02:10:21', 2, 266, 3, 3, '2019-10-29'),
(369, 158400, 'ABONO FACTURA 3002', '2019-10-29 10:10:42', 2, 344, 3, 3, '2019-10-29'),
(370, 206778, 'LIQUIDA SALDO FACTURA N°2640 CON TRANSFERENCIA BCO BCI', '2019-10-29 10:10:23', 2, 56, 3, 3, '2019-10-29'),
(371, 46171, 'Pago Total ', '2019-11-04 12:11:21', 3, 396, 1, 3, '2019-11-04'),
(372, 30781, 'Pago Total ', '2019-11-04 12:11:51', 3, 397, 1, 3, '2019-11-04'),
(373, 289920, 'PAGO TOTAL', '2019-11-04 02:11:44', 5, 395, 3, 3, '2019-11-03'),
(374, 273920, 'PAGO TOTAL', '2019-11-04 02:11:17', 5, 284, 3, 3, '2019-11-03'),
(375, 285920, 'PAGO TOTAL', '2019-11-04 02:11:49', 5, 209, 3, 3, '2019-11-03'),
(376, 83969, 'pago total', '2019-11-04 02:11:28', 5, 411, 3, 3, '2019-11-04'),
(377, 78720, 'PAGO CON TRANSFERENCIA DESDE BANCO BCI ', '2019-11-04 11:11:56', 2, 413, 3, 3, '2019-11-04'),
(378, 112261, 'DEPOSITO DOCUMENTO PAGO TOTAL', '2019-11-05 12:11:24', 5, 401, 5, 3, '2019-11-05'),
(379, 140327, 'DEPOSITO DOCUMENTO PAGO TOTAL', '2019-11-05 12:11:24', 5, 403, 5, 3, '2019-11-05'),
(380, 280000, 'PAGO CON TRANSFERENCIA BANCO SANTANDER ', '2019-11-05 01:11:43', 2, 424, 3, 3, '2019-11-05'),
(381, 300000, 'ABONO CON TRANSFERENCIA BANCARIA BANCO BCI', '2019-11-05 01:11:03', 2, 425, 3, 2, '2019-11-05'),
(382, 583333, 'Pago Total - Cheque N° 5274150', '2019-11-05 08:11:48', 3, 408, 5, 3, '2019-11-05'),
(383, 85501, 'Pago Total ', '2019-11-06 02:11:41', 3, 347, 1, 3, '2019-11-06'),
(384, 45145, 'PAGO TOTAL', '2019-11-07 12:11:41', 5, 445, 3, 3, '2019-11-07'),
(385, 7282, 'PAGO PARCIAL', '2019-11-07 01:11:16', 5, 439, 3, 2, '2019-11-07'),
(386, 87468, 'Pago Total ', '2019-11-07 08:11:33', 3, 379, 5, 3, '2019-10-17'),
(387, 70282, 'Pago Total ', '2019-11-08 12:11:47', 3, 439, 3, 3, '2019-11-07'),
(388, 35911, 'Pago Total ', '2019-11-08 12:11:25', 3, 426, 5, 3, '2019-11-06'),
(389, 84931, 'Pago Total ', '2019-11-08 12:11:17', 3, 452, 1, 3, '2019-11-07'),
(390, 26677, 'Pago Total ', '2019-11-08 12:11:26', 3, 422, 1, 3, '2019-11-08'),
(391, 70849, 'Pago Total - Cheque N° 7260419', '2019-11-08 12:11:52', 3, 454, 5, 3, '2019-11-07'),
(392, 31489, 'Pago Total ', '2019-11-08 12:11:57', 3, 453, 5, 3, '2019-11-07'),
(393, 38989, 'Pago Total ', '2019-11-08 01:11:40', 3, 437, 1, 3, '2019-11-08'),
(394, 99728, 'Pago Total ', '2019-11-08 01:11:18', 3, 427, 3, 3, '2019-11-08'),
(395, 256000, 'DEJA CHEQUE', '2019-11-08 02:11:09', 5, 419, 5, 3, '2019-11-08'),
(396, 112261, 'PAGO TOTAL', '2019-11-08 04:11:34', 6, 402, 5, 3, '2019-11-08'),
(397, 25076, 'Pago Total ', '2019-11-11 01:11:59', 3, 455, 1, 3, '2019-11-11'),
(398, 15391, 'Pago Total ', '2019-11-11 01:11:05', 3, 400, 1, 3, '2019-11-11'),
(399, 53353, 'Pago Total ', '2019-11-11 01:11:50', 3, 444, 3, 3, '2019-11-09'),
(400, 295000, 'Pago Total ', '2019-11-11 02:11:43', 3, 177, 3, 3, '2019-11-11'),
(401, 58312, 'Pago Total ', '2019-11-11 02:11:11', 3, 307, 3, 3, '2019-11-11'),
(402, 58312, 'Pago Total ', '2019-11-11 02:11:32', 3, 373, 3, 3, '2019-11-11'),
(403, 225000, 'Pago Total ', '2019-11-11 02:11:40', 3, 441, 3, 3, '2019-11-11'),
(404, 86247, 'PAGO TOTAL EN DOCUMENTO', '2019-11-11 02:11:41', 5, 412, 5, 3, '2019-11-11'),
(405, 32351, 'PAGO TOTAL DOCUMENTO', '2019-11-11 02:11:09', 5, 457, 5, 3, '2019-11-11'),
(406, 1225000, 'PAGO RENTA TRANSFERENCIA BANCO SANTANDER ', '2019-11-11 07:11:27', 2, 67, 3, 3, '2019-11-11'),
(407, 33000, 'Nota de Crédito N° 109, por rebaja de doble cobro ', '2019-11-11 09:11:26', 3, 160, 1, 3, '2019-09-11'),
(408, 157000, 'PAGO TRANSFERENCIA BANCO BCI ', '2019-11-12 08:11:25', 2, 420, 3, 3, '2019-11-12'),
(409, 108000, 'PAGO CON TRANSFERENCIA BANCARIA ', '2019-11-12 08:11:14', 2, 334, 3, 3, '2019-11-12'),
(410, 108000, 'PAGO CON TRANSFERENCIA BANCARIA ', '2019-11-12 08:11:35', 2, 357, 3, 3, '2019-11-12'),
(411, 104500, 'PAGO CON TRANSFERENCIA BANCARIA ', '2019-11-12 08:11:57', 2, 421, 3, 3, '2019-11-12'),
(412, 61561, 'Pago Total ', '2019-11-13 11:11:33', 3, 436, 3, 3, '2019-11-12'),
(413, 54584, 'Pago Total ', '2019-11-13 11:11:43', 3, 435, 3, 3, '2019-11-12'),
(414, 509000, 'PAGO TOTAL DEPOSITO DOCUMENTO', '2019-11-13 03:11:07', 5, 351, 5, 3, '2019-10-03'),
(415, 88296, 'PAGA SALDO RTA AT 2019 CON TRANSFERENCIA BCO SANTANDER ', '2019-11-13 04:11:23', 2, 229, 3, 3, '2019-11-13'),
(416, 12146, 'ABONO A MENSUALIDAD DE OCTUBRE 2019  ', '2019-11-13 04:11:01', 2, 415, 3, 2, '2019-11-13'),
(417, 281920, 'PAGO DE MENSUALIDAD CON TRANSFERENCIA BANCO SANTANDER', '2019-11-13 05:11:10', 2, 458, 3, 3, '2019-11-13'),
(418, 125955, 'Pago Total ', '2019-11-14 06:11:29', 3, 366, 5, 3, '2019-11-13'),
(419, 170037, 'PAGO DE MENSUALIDAD CON TRANSFERENCIA BANCO SANTANDER ', '2019-11-18 01:11:04', 2, 404, 3, 3, '2019-11-18'),
(420, 29915, 'Pago Total ', '2019-11-18 04:11:17', 3, 449, 3, 3, '2019-11-18'),
(421, 53353, 'Pago Total ', '2019-11-18 04:11:49', 3, 450, 3, 3, '2019-11-18'),
(422, 100000, 'PAGO MENSUALIDAD CON TRANSFERENCIA BANCO BCI ', '2019-11-18 07:11:01', 2, 355, 3, 3, '2019-11-18'),
(423, 100000, 'PAGO OCTUBRE CON TRANSFERENCIA BANCARIA BANCO BCI', '2019-11-18 07:11:38', 2, 407, 3, 3, '2019-11-18'),
(424, 386750, 'pago factura 273 con transferencia banco bci', '2019-11-18 08:11:38', 2, 267, 3, 3, '2019-11-18'),
(425, 87468, 'Pago Total ', '2019-11-19 01:11:00', 3, 443, 1, 3, '2019-11-19'),
(426, 58483, 'Pago Total ', '2019-11-19 06:11:20', 3, 438, 3, 3, '2019-11-19'),
(427, 139947, 'Pago Total ', '2019-11-21 01:11:03', 3, 448, 3, 3, '2019-11-21'),
(428, 153900, 'PAGO TOTAL DEPOSITO EN DOCUMENTO', '2019-11-21 01:11:09', 5, 405, 5, 3, '2019-11-20'),
(429, 0, 'error de digitación   MONTO ', '2019-11-21 01:11:50', 2, 447, 4, 4, NULL),
(430, 140000, 'Pago Total ', '2019-11-21 01:11:30', 3, 461, 3, 3, '2019-11-21'),
(431, 61561, 'Pago Total ', '2019-11-21 01:11:25', 3, 440, 5, 3, '2019-11-12'),
(432, 95624, 'Pago Total - Cheque N° 0003324', '2019-11-21 07:11:23', 3, 446, 5, 3, '2019-11-21'),
(433, 330000, 'PAGO CON TRANSFERENCIA BANCO SANTANDER', '2019-11-22 03:11:38', 2, 462, 3, 3, '2019-11-22'),
(434, 134117, 'Pago Total ', '2019-11-25 02:11:58', 3, 428, 3, 3, '2019-11-25'),
(435, 97382, 'Pago Total ', '2019-11-25 02:11:50', 3, 429, 3, 3, '2019-11-25'),
(436, 151721, 'PAGO TOTAL', '2019-11-25 02:11:27', 6, 433, 3, 3, '2019-11-22'),
(437, 350000, 'PAGO CON TRANSFERENCIA BANCARIA BANCO SANTANDER', '2019-11-26 03:11:17', 2, 463, 3, 3, '2019-11-26'),
(438, 112889, 'PAGO TOTAL', '2019-11-29 03:11:10', 6, 464, 5, 3, '2019-11-28'),
(439, 0, 'ERROR DE MONTO', '2019-11-29 03:11:41', 2, 442, 4, 4, NULL),
(440, 108000, 'PAGO CON TRANSFERENCIA BANCARIA BANCO ITAU', '2019-12-01 08:12:39', 2, 472, 3, 3, '2019-11-30'),
(441, 46171, 'Pago Total ', '2019-12-02 12:12:33', 3, 467, 1, 3, '2019-12-02'),
(442, 30781, 'Pago Total ', '2019-12-02 12:12:41', 3, 470, 1, 3, '2019-12-02'),
(443, 70000, 'Dejo un cheque de RAUL CRISTI LEON, cheque N° 5359655', '2019-12-02 03:12:08', 3, 409, 5, 2, '2019-12-02'),
(444, 15501, 'Pago Total ', '2019-12-02 03:12:59', 3, 409, 1, 3, '2019-12-02'),
(445, 141112, 'PAGO TOTAL', '2019-12-02 07:12:35', 6, 466, 5, 3, '2019-11-29'),
(446, 87211, 'Pago Total - Cheque N°0003050', '2019-12-03 03:12:45', 3, 398, 5, 3, '2019-12-03');

-- --------------------------------------------------------

--
-- Estructura de tabla para la tabla `objeto_social`
--

DROP TABLE IF EXISTS `objeto_social`;
CREATE TABLE IF NOT EXISTS `objeto_social` (
  `id_obj` int(11) NOT NULL AUTO_INCREMENT,
  `desc_obj` varchar(150) NOT NULL,
  `id_emp_obj` int(11) DEFAULT NULL,
  `vig_obj` int(11) DEFAULT NULL,
  `fec_cre_obj` datetime DEFAULT NULL,
  `usu_cre_obj` int(11) DEFAULT NULL,
  PRIMARY KEY (`id_obj`),
  KEY `fk_emp_obj_idx` (`id_emp_obj`),
  KEY `fk_usu_obj_idx` (`usu_cre_obj`)
) ENGINE=InnoDB DEFAULT CHARSET=latin1;

-- --------------------------------------------------------

--
-- Estructura de tabla para la tabla `persona`
--

DROP TABLE IF EXISTS `persona`;
CREATE TABLE IF NOT EXISTS `persona` (
  `id_per` int(11) NOT NULL AUTO_INCREMENT,
  `rut_per` varchar(10) NOT NULL,
  `nom_per` varchar(150) NOT NULL,
  `fec_nac_per` date DEFAULT NULL,
  `mail_per` varchar(100) DEFAULT NULL,
  `ciudad_per` int(11) DEFAULT NULL,
  `comuna_per` int(11) DEFAULT NULL,
  `dir_per` varchar(100) DEFAULT NULL,
  `fec_cre_per` datetime NOT NULL,
  `usu_cre_per` int(11) DEFAULT NULL,
  `pass_per` varchar(32) DEFAULT NULL,
  `personacol` varchar(45) DEFAULT NULL,
  `vig_per` int(11) DEFAULT NULL,
  `clave_previred_per` varchar(45) DEFAULT NULL,
  `clave_sii_per` varchar(45) DEFAULT NULL,
  PRIMARY KEY (`id_per`),
  KEY `fk_usu_per_idx` (`usu_cre_per`)
) ENGINE=InnoDB AUTO_INCREMENT=122 DEFAULT CHARSET=latin1;

--
-- Volcado de datos para la tabla `persona`
--

INSERT INTO `persona` (`id_per`, `rut_per`, `nom_per`, `fec_nac_per`, `mail_per`, `ciudad_per`, `comuna_per`, `dir_per`, `fec_cre_per`, `usu_cre_per`, `pass_per`, `personacol`, `vig_per`, `clave_previred_per`, `clave_sii_per`) VALUES
(1, '16095702-6', 'Eduardo Baeza Terrazas ', NULL, 'ebaezat@icfenix.cl', NULL, NULL, NULL, '2019-10-07 07:10:43', 2, '', NULL, 1, 'NO TIENE ', 'ebaeza1985'),
(2, '16365653-1', 'Matias Baeza Terrazas', NULL, 'mbaeza@icfenix.cl', NULL, NULL, NULL, '2019-10-07 07:10:56', 2, '', NULL, 1, 'NO TIENE ', '7oxhuai'),
(3, '17402267-4', 'Tomas Baeza Terrazas ', NULL, 'ebaezat@icfenix.cl', NULL, NULL, NULL, '2019-10-07 07:10:00', 2, '', NULL, 1, 'NO TIENE ', 'tomas1089'),
(4, '18935100-3', 'Pedro Baeza Terrazas ', NULL, 'ebaezat@icfenix.cl', NULL, NULL, NULL, '2019-10-07 07:10:16', 2, '', NULL, 1, 'NO TIENE ', 'pbaeza123'),
(5, '16210856-5', 'Paul Schoihet M', NULL, 'paul.schoihet@gmail.com', NULL, NULL, NULL, '2019-10-07 07:10:15', 2, '', NULL, 1, 'NO TIENE ', 'darg0l'),
(6, '16532609-1', 'Andres Rosales Compodonico', NULL, 'andres.rosales.c@gmail.com', NULL, NULL, NULL, '2019-10-07 07:10:51', 2, '', NULL, 1, 'NO TIENE ', 'andres3383'),
(7, '6579085-8', 'Luz Orellana Chavez', NULL, 'grfernan@uc.cl', NULL, NULL, NULL, '2019-10-08 08:10:26', 2, '', NULL, 1, 'NO TIENE ', '1205'),
(8, '17702849-5', 'Gaspar Fernandez Orellana', NULL, 'grfernan@uc.cl', NULL, NULL, NULL, '2019-10-08 08:10:42', 2, '', NULL, 1, 'NO TIENE ', '215625'),
(9, '3970612-1', 'Francisco Muñoz Segundo', NULL, 'rmunoz@hyrconsultora.com', NULL, NULL, NULL, '2019-10-08 08:10:37', 2, '', NULL, 1, 'NO TIENE ', 'e2701'),
(10, '12516881-7', 'Raul Muñoz Riquelme', NULL, 'rmunoz@hyrconsultora.com', NULL, NULL, NULL, '2019-10-08 08:10:55', 2, '96f0f08c0188ba04898ce8cc465c19c4', NULL, 1, '11935940x', '12516881x'),
(11, '2546768-K', 'FLORINDA LOBOS LOBOS', NULL, 'judedilo@gmail.com', NULL, NULL, NULL, '2019-10-08 09:10:08', 2, '', NULL, 1, 'FALLECIDA ', 'conta4'),
(12, '5612388-1', 'HECTOR MARIO LOBOS LOBOS', NULL, 'judedilo@gmail.com', NULL, NULL, NULL, '2019-10-08 09:10:59', 2, '', NULL, 1, 'NO TIENE ', 'SIN INFO'),
(13, '6107196-2', 'Juan de Dios Lobos Lobos ', NULL, 'judedilo@gmail.com', NULL, NULL, NULL, '2019-10-15 03:10:45', 2, '', NULL, 1, '11935940x', 'conta2'),
(14, '6841091-6', 'Liliana del Carmen Lobos Lobos ', NULL, 'judedilo@gmail.com', NULL, NULL, NULL, '2019-10-15 03:10:50', 2, '', NULL, 1, 'NO TIENE ', 'NO TIENE'),
(15, '8327561-8', 'Leonardo Alejandro Lobos Lobos ', NULL, 'judedilo@gmail.com', NULL, NULL, NULL, '2019-10-15 03:10:57', 2, '', NULL, 1, 'NO TIENE ', 'NO TIENE'),
(16, '7408146-0', 'Gabriela Susana Lobos Lobos', NULL, 'judedilo@gmail.com', NULL, NULL, NULL, '2019-10-15 03:10:04', 2, '', NULL, 1, 'FALLECIDA', 'NO TIENE'),
(17, '14009385-8', 'Juan Manuel Lobos Palominos ', NULL, 'judedilo@gmail.com', NULL, NULL, NULL, '2019-10-15 03:10:21', 2, '', NULL, 1, 'NO TIENE ', '2106'),
(18, '15407450-3', 'Elba Giovanna Lobos Palominos ', NULL, 'judedilo@gmail.com', NULL, NULL, NULL, '2019-10-15 06:10:47', 2, '', NULL, 1, 'NO TIENE ', '19061982'),
(19, '15815970-8', 'Maria Eugenia Lobos Plominos', NULL, 'judedilo@gmail.com', NULL, NULL, NULL, '2019-10-17 05:10:08', 2, '', NULL, 1, 'NO TIENE ', '15815970'),
(20, '16004696-1', 'Mauricio Andres Lobos Palominos', NULL, 'judedilo@gmail.com', NULL, NULL, NULL, '2019-10-17 05:10:04', 2, '', NULL, 1, 'NO TIENE ', '860602'),
(21, '3883370-7', 'LEONCIO MAGNO MORALES BARREDA', NULL, 'manuelmoralesjure@gmail.com', NULL, NULL, NULL, '2019-10-17 05:10:29', 2, '', NULL, 1, 'NO TIENE ', 'cocha35'),
(22, '8922750-k', 'ZUNILDA SOLEDAD BENITEZ VIDAL	', NULL, 'manuelmoralesjure@gmail.com', NULL, NULL, NULL, '2019-10-17 05:10:46', 2, '', NULL, 1, 'NO TIENE ', '8922750h'),
(23, '8952933-6', 'MANUEL ALEJANDRO MORALES JURE	', NULL, 'manuelmoralesjure@gmail.com', NULL, NULL, NULL, '2019-10-17 05:10:41', 2, '', NULL, 1, 'NO TIENE ', '8952933h'),
(24, '18264899-K', 'YUMNA CATALINA MORALES BENITEZ	', NULL, 'manuelmoralesjure@gmail.com', NULL, NULL, NULL, '2019-10-17 05:10:40', 2, '', NULL, 1, 'NO TIENE ', '18264899h'),
(25, '19079117-3', 'JAVIERA FERNANDA MORALES BENITEZ	', NULL, 'manuelmoralesjure@gmail.com', NULL, NULL, NULL, '2019-10-17 05:10:45', 2, '', NULL, 1, 'NO TIENE ', '19079117x'),
(26, '19793544-8', 'FRANCISCA ALEJANDRA MORALES BENITEZ	', NULL, 'manuelmoralesjure@gmail.com', NULL, NULL, NULL, '2019-10-17 05:10:57', 2, '', NULL, 1, 'NO TIENE ', '19793544sp'),
(27, '10294834-3', 'LORENA BEATRIZ MELENDEZ RICHARDS', NULL, 'barrenaml@hotmail.com', NULL, NULL, NULL, '2019-10-21 10:10:26', 2, '', NULL, 1, '11935940x', 'barrena69'),
(28, '11366152-6', 'MARIA LUISA BARRENA ORTIGOSA', NULL, 'barrenaml@hotmail.com', NULL, NULL, NULL, '2019-10-21 10:10:49', 2, '', NULL, 1, 'NO TIENE ', 'NO TIENE'),
(29, '8772981-8', 'LUCIA ROMELIA ROA PRADENAS', NULL, 'chantsch@gmail.com', NULL, NULL, NULL, '2019-10-21 11:10:02', 2, '', NULL, 1, '11935940x', '8772981x'),
(30, '15177757-0', 'NELSON ANDRES HANTSCH ROA', NULL, 'chantsch@gmail.com', NULL, NULL, NULL, '2019-10-21 11:10:19', 2, '', NULL, 1, 'NO TIENE ', '15177757x'),
(31, '17024405-2', 'BASTIAN ALONSO HANTSCH ROA', NULL, 'chantsch@gmail.com', NULL, NULL, NULL, '2019-10-21 11:10:11', 2, '', NULL, 1, 'NO TIENE ', '0110'),
(32, '6489538-9', 'CARLOS HELMUTH HANTSCH STUARDO', NULL, 'chantsch@gmail.com', NULL, NULL, NULL, '2019-10-21 11:10:10', 2, '', NULL, 1, 'NO TIENE ', '6489538x'),
(33, '77583240-1', 'SOC COMERCIAL Y FARMACEUTICA H Y R Y COMPANIA LIMITADA', NULL, 'chantsch@gmail.com', NULL, NULL, NULL, '2019-10-21 11:10:28', 2, '', NULL, 1, 'NO TIENE ', '77583240sp'),
(34, '8768234-K', 'ETNA VANESSA GUZMAN MEZA', NULL, 'etnaguzman2010@hotmail.com', NULL, NULL, NULL, '2019-10-22 03:10:32', 2, '', NULL, 1, '11935940x', '0112'),
(35, '11132308-9', 'LORETO BEATRIZ ESPINOZA CARVAJAL', NULL, 'etnaguzman2010@hotmail.com', NULL, NULL, NULL, '2019-10-22 03:10:27', 2, '', NULL, 1, '11935940x', '11132308x'),
(36, '7243073-5', 'EDUARDO ALBERTO ANICH ESPOZ', NULL, 'eanich@gmail.com', NULL, NULL, NULL, '2019-10-22 03:10:57', 2, '', NULL, 1, 'SENNA7', 'agustin11'),
(37, '15960153-6', 'NICOLE ALEJANDRA ANICH HIZA', NULL, 'eanich@gmail.com', NULL, NULL, NULL, '2019-10-22 03:10:21', 2, '', NULL, 1, 'SENNA7', '1125'),
(38, '16211888-9', 'MARIANA ANDREA ANICH HIZA', NULL, 'eanich@gmail.com', NULL, NULL, NULL, '2019-10-22 03:10:40', 2, '', NULL, 1, 'SENNA7', 'agustin11'),
(39, '10194305-4', 'CRISTIAN MAURICIO URBINA LINAN', NULL, 'cristianurbina@antucoltda.cl', NULL, NULL, NULL, '2019-10-22 03:10:02', 2, '', NULL, 1, '11935940x', '0866'),
(40, '17996170-9', 'KRISTEL KARINA URBINA CASTRO', NULL, 'cristianurbina@antucoltda.cl', NULL, NULL, NULL, '2019-10-22 03:10:54', 2, '', NULL, 1, '11935940x', 'kris7148'),
(41, '19083554-5', 'CRISTIAN IGNACIO URBINA BORIES', NULL, 'cristianurbina@antucoltda.cl', NULL, NULL, NULL, '2019-10-22 03:10:20', 2, '', NULL, 1, '11935940x', '0795'),
(42, '2863183-9', 'EDUARDO ANICH ISA', NULL, 'eanich@gmail.com', NULL, NULL, NULL, '2019-10-22 03:10:59', 2, '', NULL, 1, 'NO TIENE ', 'calderon01'),
(43, '3330321-1', 'ZUNILDA ORIANA ESPOZ CANALES', NULL, 'eanich@gmail.com', NULL, NULL, NULL, '2019-10-22 03:10:56', 2, '', NULL, 1, 'NO TIENE ', 'calderon01'),
(44, '7243076-K', 'NICOLAS ENRIQUE ANICH ESPOZ', NULL, 'eanich@gmail.com', NULL, NULL, NULL, '2019-10-22 03:10:25', 2, '', NULL, 1, 'NO TIENE ', 'NO TIENE'),
(45, '7261378-3', 'GLORIA ELIZABETH ANICH ESPOZ', NULL, 'eanich@gmail.com', NULL, NULL, NULL, '2019-10-22 03:10:24', 2, '', NULL, 1, 'NO TIENE ', '2915'),
(46, '7261362-7', 'JACQUELINE DIVA ANICH ESPOZ', NULL, 'eanich@gmail.com', NULL, NULL, NULL, '2019-10-22 03:10:21', 2, '', NULL, 1, 'NO TIENE ', 'NO TIENE'),
(47, '6659795-4', 'EDUARDO REY BAEZA IBANEZ', NULL, 'ebaeza@icfenix.cl', NULL, NULL, NULL, '2019-10-22 03:10:57', 2, '', NULL, 1, 'NO TIENE ', 'yayosii'),
(48, '6863619-1', 'ANA MARIA TERRAZAS NAVARRETE', NULL, 'ebaezat@icfenix.cl', NULL, NULL, NULL, '2019-10-22 03:10:09', 2, '', NULL, 1, 'NO TIENE ', '6863619x'),
(49, '10782067-1', 'MARIA CAROLINA FUENZALIDA UNDURRAGA', NULL, 'ventasr@ssautos.cl', NULL, NULL, NULL, '2019-10-22 04:10:45', 2, '', NULL, 1, 'NOTIENE', 'marsot10'),
(50, '11889727-7', 'MANUEL ALEJANDRO ZUNIGA HINOJOSA', NULL, 'justosypecadoresvz@gmail.com', NULL, NULL, NULL, '2019-10-22 08:10:42', 2, '', NULL, 1, '11935940x', 'manu1909'),
(51, '12293432-2', 'VICTOR DANIEL ZUNIGA HINOJOSA', NULL, 'justosypecadoresvz@gmail.com', NULL, NULL, NULL, '2019-10-22 08:10:45', 2, '', NULL, 1, '11935940x', 'fv5257'),
(52, '8419584-7', 'MARIA PAZ MORENO URZUA	', NULL, 'podologamariapaz@gmail.com', NULL, NULL, NULL, '2019-10-22 08:10:58', 2, '', NULL, 1, 'NO TIENE ', '200990'),
(53, '11935940-6', 'HECTOR ANTONIO PERALTA PIZARRO', NULL, 'hperaltap@gmail.com', NULL, NULL, NULL, '2019-10-22 08:10:51', 2, '', NULL, 1, '11935940-6', '11935940x'),
(54, '13476128-8', 'ROMINA CAROL ESPINOSA FERNANDEZ', NULL, 'lurbina30@hotmail.com', NULL, NULL, NULL, '2019-10-22 08:10:56', 2, '', NULL, 1, 'NO TIENE ', '13476128sp'),
(55, '12691650-7', 'NOLASCO SALUSTIO PEREZ CALDERON', NULL, 'nolasco197315@gmail.com', NULL, NULL, NULL, '2019-10-22 08:10:11', 2, '', NULL, 1, '11935940x', 'arcoiris'),
(56, '7286259-7', 'MARTA EUGENIA ACEVEDO MARTINEZ', NULL, 'NO TIENE ', NULL, NULL, NULL, '2019-10-22 08:10:31', 2, '', NULL, 1, 'NO TIENE ', 'marsot10'),
(57, '9534576-K', 'JOSE MANUEL CARO GONZALEZ', NULL, 'NO TIENE ', NULL, NULL, NULL, '2019-10-22 08:10:19', 2, '', NULL, 1, 'NO TIENE ', 'marsot10'),
(58, '3906249-6', 'LUIS HERNAN CERON HERRERA', NULL, 'salasceron420@gmail.com ', NULL, NULL, NULL, '2019-10-22 08:10:44', 2, '', NULL, 1, 'NO TIENE ', 'marsot10'),
(59, '8165283-K', 'OSCAR ARMANDO CERON NUNEZ', NULL, 'o.ceron2011@hotmail.com', NULL, NULL, NULL, '2019-10-22 08:10:41', 2, '', NULL, 1, 'NO TIENE ', 'marsot10'),
(60, '8147274-2', 'ARTURO LEONEL CONTRERAS REYES', NULL, 'NO TIENE ', NULL, NULL, NULL, '2019-10-22 08:10:03', 2, '', NULL, 1, '11935940x', 'marsot10'),
(61, '6653577-0', 'JOSE LUIS CORREA LORCA', NULL, 'joseluisford@hotmail.com', NULL, NULL, NULL, '2019-10-22 09:10:35', 2, '', NULL, 1, 'NO TIENE ', 'marsot10'),
(62, '14762341-0', 'HAIQIN HUANG', NULL, 'NO TIENE ', NULL, NULL, NULL, '2019-10-22 09:10:33', 2, '', NULL, 1, '11935940x', 'NO TIENE'),
(63, '21147146-8', 'JIANFANG RUAN		', NULL, 'NO TIENE ', NULL, NULL, NULL, '2019-10-22 09:10:37', 2, '', NULL, 1, 'NO', 'Perla216805'),
(64, '10286366-6', 'FRANCO EUGENIO RAVERA ZUNINO	', NULL, 'fraveraz@yahoo.com', NULL, NULL, NULL, '2019-10-22 09:10:54', 2, '', NULL, 1, 'NO TIENE ', 'marsot10'),
(65, '3927436-1', 'MARIA RAVERA MINETTO	', NULL, 'fraveraz@yahoo.com', NULL, NULL, NULL, '2019-10-22 09:10:50', 2, '', NULL, 1, 'NO TIENE ', '3961'),
(66, '6344410-3', 'MONICA CECILIA GARRIDO MORALES	', NULL, 'fraveraz@yahoo.com', NULL, NULL, NULL, '2019-10-22 09:10:44', 2, '', NULL, 1, 'NO TIENE ', '60705'),
(67, '17910006-1', 'NICOLAS EDUARDO HERNANDEZ PENA	', NULL, 'fraveraz@yahoo.com', NULL, NULL, NULL, '2019-10-22 09:10:35', 2, '', NULL, 1, 'NO TIENE ', 'marsot10'),
(68, '12231889-3', 'BARBARA LIA PENA GARRIDO	', NULL, 'fraveraz@yahoo.com', NULL, NULL, NULL, '2019-10-22 09:10:21', 2, '', NULL, 1, 'NO TIENE ', 'marsot10'),
(69, '5672149-5', 'ROSA ADRIANA LOYOLA RAMIREZ	', NULL, 'lalbertorl@hotmail.com', NULL, NULL, NULL, '2019-10-22 09:10:15', 2, '', NULL, 1, '11935940x', 'marsot010'),
(70, '9951395-0', 'LUIS ALBERTO RETAMAL LOYOLA	', NULL, 'lalbertorl@hotmail.com', NULL, NULL, NULL, '2019-10-22 09:10:19', 2, '', NULL, 1, '11935940x', 'loyret'),
(71, '8655322-8', 'ESTERLINDA DEL CARMEN PINTO MONTANO		', NULL, 'covalio@hotmail.com', NULL, NULL, NULL, '2019-10-22 09:10:42', 2, '', NULL, 1, 'NO TIENE ', 'marsot10'),
(72, '10956089-8', 'SHMUEL COVALIO		', NULL, 'covalio@hotmail.com', NULL, NULL, NULL, '2019-10-22 09:10:35', 2, '', NULL, 1, 'NO TIENE ', 'marsot10'),
(73, '12291639-1', 'RODRIGO ALEJANDRO ORELLANA ORTIZ', NULL, 'corellag@gmail.com', NULL, NULL, NULL, '2019-10-22 09:10:53', 2, '', NULL, 1, '11935940x', 'NO TIENE'),
(74, '6120746-5', 'MARIA ELISA ORTIZ ACEITUNO	', NULL, 'corellag@gmail.com', NULL, NULL, NULL, '2019-10-22 09:10:25', 2, '', NULL, 1, '11935940x', 'marsot10'),
(75, '4824129-8', 'CLAUDIO ELECTO ORELLANA GONZALEZ	', NULL, 'corellag@gmail.com', NULL, NULL, NULL, '2019-10-22 09:10:30', 2, '', NULL, 1, 'NO TIENE ', 'marsot10'),
(76, '7830583-5', 'ANA ROSA ROJAS MEDINA		', NULL, 'NO TIENE ', NULL, NULL, NULL, '2019-10-22 09:10:47', 2, '', NULL, 1, 'NO TIENE ', 'marsot10'),
(77, '15961387-9', 'NICOLAS IGNACIO CORREA ROJAS', NULL, 'NO TIENE ', NULL, NULL, NULL, '2019-10-22 09:10:50', 2, '', NULL, 1, 'NO TIENE ', 'NO TIENE'),
(78, '10774057-0', 'JAIME ALBERTO MORALES FIGUEROA	', NULL, 'viverosantaeugenia@gmail.com', NULL, NULL, NULL, '2019-10-22 09:10:36', 2, '', NULL, 1, 'NO TIENE ', '1274'),
(79, '9910387-6', 'CHANDRA KUMAR RELWANI	', NULL, 'importadoraganeshrancagua@gmail.com', NULL, NULL, NULL, '2019-10-22 09:10:54', 2, '', NULL, 1, '11935940x', '2505'),
(80, '10836029-1', 'JUAN SEBASTIAN MENDOZA SAAVEDRA	', NULL, 'importadoraganeshrancagua@gmail.com', NULL, NULL, NULL, '2019-10-22 09:10:44', 2, '', NULL, 1, '11935940x', 'NO TIENE'),
(81, '21373513-6', 'VINOD RELWANI	', NULL, 'importadoraganeshrancagua@gmail.com', NULL, NULL, NULL, '2019-10-22 10:10:29', 2, '', NULL, 1, '11935940x', 'relwani21'),
(82, '11456894-5', 'FLOR IRENE DE LOURDES MENDOZA SAAVEDRA	', NULL, 'importadoraganeshrancagua@gmail.com', NULL, NULL, NULL, '2019-10-22 10:10:52', 2, '', NULL, 1, '11935940x', 'contamarsot'),
(83, '18105032-2', 'GEETANJALI ANURADHA KUMAR MENDOZA	', NULL, 'importadoraganeshrancagua@gmail.com', NULL, NULL, NULL, '2019-10-22 10:10:36', 2, '', NULL, 1, '11935940x', '2708'),
(84, '18798609-5', 'CHANDNI CHITRA KUMAR MENDOZA	', NULL, 'importadoraganeshrancagua@gmail.com', NULL, NULL, NULL, '2019-10-22 10:10:14', 2, '', NULL, 1, '11935940x', '2505'),
(85, '10530987-2', 'MARIA ISABEL CARVAJAL CARVAJAL	', NULL, 'hperaltap@gmail.com', NULL, NULL, NULL, '2019-10-22 10:10:06', 2, '', NULL, 1, 'NO TIENE ', 'NO TIENE'),
(86, '6785185-4', 'ANA MARIA LAURA MADRID HELLMAN	', NULL, 'madrid.cla@gmail.com', NULL, NULL, NULL, '2019-10-22 10:10:36', 2, '', NULL, 1, '11935940x', '6785185'),
(87, '11185407-6', 'CLAUDIA ELENA MADRID ACEITUNO	', NULL, 'madrid.cla@gmail.com', NULL, NULL, NULL, '2019-10-22 10:10:22', 2, '', NULL, 1, '11935940x', 'pascual404'),
(88, '11142523-K', 'MARGARITA DEL CARMEN DIAZ BOLBARAN', NULL, 'NOTIENE', NULL, NULL, NULL, '2019-10-23 09:10:47', 2, '', NULL, 0, 'N', 'marsot10'),
(89, '13686631-1', 'JOSE MIGUEL MULLER RIQUELME	', NULL, 'jmmullerr@gmail.com', NULL, NULL, NULL, '2019-10-24 01:10:53', 2, '', NULL, 1, 'NO TIENE ', '1903'),
(90, '14011172-4', 'VIRGINIA DEL PILAR IRIARTE JIMENEZ	', NULL, 'jmmullerr@gmail.com', NULL, NULL, NULL, '2019-10-24 01:10:54', 2, '', NULL, 1, 'NO TIENE ', '212180'),
(91, '8712350-2', 'ANDRES SANCHEZ CARVALLO	', NULL, 'ventasr@ssautos.cl', NULL, NULL, NULL, '2019-10-24 02:10:04', 2, '', NULL, 1, '11935940x', 'VIVI66'),
(92, '14167004-2', 'MARIA INES GALECIO ALCALDE		', NULL, 'ventasr@ssautos.cl', NULL, NULL, NULL, '2019-10-24 02:10:34', 2, '', NULL, 1, 'NO TIENE ', 'ines2016'),
(93, '9732934-6', 'LIDIA INES OLGUIN PINTO		', NULL, 'rolguin@mfdo.cl', NULL, NULL, NULL, '2019-10-24 02:10:43', 2, '', NULL, 1, '11935940x', 'javiera1'),
(94, '5351096-5', 'MARIA VIOLETA GONZALEZ VALENZUELA	', NULL, 'NO TIENE ', NULL, NULL, NULL, '2019-10-24 02:10:05', 2, '', NULL, 1, 'NO TIENE ', 'marsot10'),
(95, '9850428-1', 'BERNARDITA DE LAS MERCEDES CARO GONZALEZ	', NULL, 'NO TIENE ', NULL, NULL, NULL, '2019-10-24 02:10:42', 2, '', NULL, 1, 'NO TIENE ', 'marsot10'),
(96, '10826819-0', 'RAMON LUIS CARO GONZALEZ	', NULL, 'NO TIENE ', NULL, NULL, NULL, '2019-10-24 02:10:36', 2, '', NULL, 1, 'NO TIENE ', '1369'),
(97, '2032136-9', 'MARIA TERESA DE JESUS VELIS MELO	', NULL, 'NO TIENE ', NULL, NULL, NULL, '2019-10-24 02:10:10', 2, '', NULL, 1, 'NO TIENE ', 'NO TIENE'),
(98, '5254682-6', 'JUAN FERNANDO TAPIA VELIS	', NULL, 'NO TIENE ', NULL, NULL, NULL, '2019-10-24 02:10:25', 2, '', NULL, 1, 'NO TIENE ', 'NO TIENE'),
(99, '6106889-9', 'LUZ ESTER TAPIA VELIS	', NULL, 'NO', NULL, NULL, NULL, '2019-10-24 02:10:28', 2, '', NULL, 1, 'NO', 'luesta49'),
(100, '6705541-1', 'JORGE OSVALDO TAPIA VELIS	', NULL, 'NO TIENE ', NULL, NULL, NULL, '2019-10-24 02:10:23', 2, '', NULL, 1, 'NO TIENE ', 'marsot10'),
(101, '6770126-7', 'SERGIO ENRIQUE TAPIA VELIS	', NULL, 'NO TIENE ', NULL, NULL, NULL, '2019-10-24 02:10:07', 2, '', NULL, 1, 'NO TIENE ', 'marsot10'),
(102, '3382258-8', 'CORINA DIAZ SILVA	', NULL, 'NO TIENE ', NULL, NULL, NULL, '2019-10-24 02:10:04', 2, '', NULL, 1, 'NO TIENE ', 'NO TIENE'),
(103, '4822720-1', 'MARIO FERNANDO GARCIA DIAZ	', NULL, 'NO TIENE ', NULL, NULL, NULL, '2019-10-24 02:10:58', 2, '', NULL, 1, 'NO TIENE ', 'NO TIENE'),
(104, '6946775-K', 'RAFAEL HERNAN GARCIA DIAZ	', NULL, 'NO TIENE ', NULL, NULL, NULL, '2019-10-24 02:10:47', 2, '', NULL, 1, 'NO TIENE ', 'NO TIENE'),
(105, '8883266-3', 'JUAN ANTONIO URBINA LINAN	', NULL, 'cristianurbina@antucoltda.cl', NULL, NULL, NULL, '2019-10-24 03:10:53', 2, '', NULL, 1, '11935940x', '0866'),
(106, '12693705-9', 'MARIA LUISA DONOSO REYES	', NULL, 'cristianurbina@antucoltda.cl', NULL, NULL, NULL, '2019-10-24 03:10:15', 2, '', NULL, 1, '11935940x', '12693705x'),
(107, '4531227-5', 'EFRAIN DEL CARMEN LIZAMA VARGAS', NULL, 'NO TIENE', NULL, NULL, NULL, '2019-10-27 08:10:38', 2, '', NULL, 1, 'NO TIENE', 'marsot10'),
(108, '7976458-2', 'JORGE ANTONIO MARTINEZ OYANEDER', NULL, 'martinezelectricidad@yahoo.com.ar', NULL, NULL, NULL, '2019-10-27 08:10:39', 2, '', NULL, 1, 'NO TIENE', '1010'),
(109, '6816314-5', 'ALVARO GONZALO MELLA RAMIREZ', NULL, 'amella@rosario.cl', NULL, NULL, NULL, '2019-10-27 09:10:53', 2, '', NULL, 1, 'NO TIENE', '6845'),
(110, '7452194-0', 'IVAN DEL CARMEN MIRANDA PONCE', NULL, 'tecnodiesel.ivanmiranda@hotmail.com', NULL, NULL, NULL, '2019-10-27 09:10:08', 2, '', NULL, 1, 'NO TIENE', 'marsot10'),
(111, '10717765-5', 'FREDDY HERNAN MIRANDA REYES', NULL, 'covex.rgua@gmail.com', NULL, NULL, NULL, '2019-10-27 09:10:33', 2, '', NULL, 1, 'NO TIENE', 'marsot10'),
(112, '15730999-4', 'ALDO ALEJANDRO MARIN LABRANA', NULL, 'aldoml199@gmail.com', NULL, NULL, NULL, '2019-10-27 09:10:53', 2, '', NULL, 1, 'NO TIENE', 'aldo15'),
(113, '5423895-9', 'LUIS DAMASO NUNEZ SANCHEZ', NULL, 'lunesaire@gmail.com', NULL, NULL, NULL, '2019-10-27 09:10:55', 2, '', NULL, 1, 'NO TIENE', 'marsot10'),
(114, '4070927-4', 'AUDOLINA DE LAS MERCEDES NUNEZ OLGUIN', NULL, 'salasceron420@gmail.com ', NULL, NULL, NULL, '2019-10-27 09:10:05', 2, '', NULL, 1, 'NO TIENE', '1940'),
(115, '8266498-K', 'PATRICIA DEL CARMEN OLGUIN PINTO', NULL, 'mro.elpantanal@gmail.com', NULL, NULL, NULL, '2019-10-27 09:10:47', 2, '', NULL, 1, 'NO TIENE', '1959'),
(116, '5791097-6', 'ISMAEL DEL TRANSITO SOTO PEREZ', NULL, 'NO TIENE', NULL, NULL, NULL, '2019-10-27 10:10:56', 2, '', NULL, 1, 'NO TIENE', '1949'),
(117, '9207741-1', 'RENE ORLANDO TORO LOPEZ', NULL, 'jaimetorolopez@gmail.com', NULL, NULL, NULL, '2019-10-27 10:10:58', 2, '', NULL, 0, 'NO TIENE', 'elnoruego'),
(118, '4617827-0', 'AUGUSTO VALLEJOS CELIS', NULL, 'willy-vallejos@hotmail.com', NULL, NULL, NULL, '2019-10-27 10:10:03', 2, '', NULL, 1, 'NO TIENE', 'marsot10'),
(119, '10171849-2', 'GUILLERMO AUGUSTO VALLEJOS CAMPOS', NULL, 'willy-vallejos@hotmail.com', NULL, NULL, NULL, '2019-10-27 10:10:07', 2, '', NULL, 1, 'NO TIENE', 'marsot10'),
(120, '4862394-8', 'ALEJANDRO DEL CARMEN VASQUEZ LABARCA', NULL, 'marialorenadelapaz@hotmail.com', NULL, NULL, NULL, '2019-10-27 11:10:54', 2, '', NULL, 1, 'NO TIENE', 'marsot10'),
(121, '11171964-0', 'OSCAR MIGUEL GONZALEZ OLGUIN', NULL, 'rolguin@mfdo.cl', NULL, NULL, NULL, '2019-10-27 11:10:00', 2, '', NULL, 1, 'NO TIENE', '1609');

-- --------------------------------------------------------

--
-- Estructura de tabla para la tabla `provincia`
--

DROP TABLE IF EXISTS `provincia`;
CREATE TABLE IF NOT EXISTS `provincia` (
  `PROVINCIA_ID` int(3) NOT NULL DEFAULT '0',
  `PROVINCIA_NOMBRE` varchar(23) DEFAULT NULL,
  `PROVINCIA_REGION_ID` int(2) DEFAULT NULL,
  PRIMARY KEY (`PROVINCIA_ID`),
  KEY `PROVINCIA_REGION_ID` (`PROVINCIA_REGION_ID`)
) ENGINE=InnoDB DEFAULT CHARSET=utf8;

--
-- Volcado de datos para la tabla `provincia`
--

INSERT INTO `provincia` (`PROVINCIA_ID`, `PROVINCIA_NOMBRE`, `PROVINCIA_REGION_ID`) VALUES
(11, 'Iquique', 1),
(14, 'Tamarugal', 1),
(21, 'Antofagasta', 2),
(22, 'El Loa', 2),
(23, 'Tocopilla', 2),
(31, 'Copiapó', 3),
(32, 'Chañaral', 3),
(33, 'Huasco', 3),
(41, 'Elqui', 4),
(42, 'Choapa', 4),
(43, 'Limarí', 4),
(51, 'Valparaíso', 5),
(52, 'Isla de Pascua', 5),
(53, 'Los Andes', 5),
(54, 'Petorca', 5),
(55, 'Quillota', 5),
(56, 'San Antonio', 5),
(57, 'San Felipe de Aconcagua', 5),
(58, 'Marga Marga', 5),
(61, 'Cachapoal', 6),
(62, 'Cardenal Caro', 6),
(63, 'Colchagua', 6),
(71, 'Talca', 7),
(72, 'Cauquenes', 7),
(73, 'Curicó', 7),
(74, 'Linares', 7),
(81, 'Concepción', 8),
(82, 'Arauco', 8),
(83, 'Biobío', 8),
(91, 'Cautín', 9),
(92, 'Malleco', 9),
(101, 'Llanquihue', 10),
(102, 'Chiloé', 10),
(103, 'Osorno', 10),
(104, 'Palena', 10),
(111, 'Coihaique', 11),
(112, 'Aisén', 11),
(113, 'Capitán Prat', 11),
(114, 'General Carrera', 11),
(121, 'Magallanes', 12),
(122, 'Antártica Chilena', 12),
(123, 'Tierra del Fuego', 12),
(124, 'Última Esperanza', 12),
(131, 'Santiago', 13),
(132, 'Cordillera', 13),
(133, 'Chacabuco', 13),
(134, 'Maipo', 13),
(135, 'Melipilla', 13),
(136, 'Talagante', 13),
(141, 'Valdivia', 14),
(142, 'Ranco', 14),
(151, 'Arica', 15),
(152, 'Parinacota', 15),
(161, 'Punilla', 16),
(162, 'Itata', 16),
(163, 'Diguillín', 16);

-- --------------------------------------------------------

--
-- Estructura de tabla para la tabla `region`
--

DROP TABLE IF EXISTS `region`;
CREATE TABLE IF NOT EXISTS `region` (
  `REGION_ID` int(2) NOT NULL DEFAULT '0',
  `REGION_NOMBRE` varchar(50) DEFAULT NULL,
  PRIMARY KEY (`REGION_ID`)
) ENGINE=InnoDB DEFAULT CHARSET=utf8;

--
-- Volcado de datos para la tabla `region`
--

INSERT INTO `region` (`REGION_ID`, `REGION_NOMBRE`) VALUES
(1, 'Tarapacá'),
(2, 'Antofagasta'),
(3, 'Atacama'),
(4, 'Coquimbo'),
(5, 'Valparaíso'),
(6, 'Región del Libertador Gral. Bernardo O\'Higgins'),
(7, 'Región del Maule'),
(8, 'Región del Biobío'),
(9, 'Región de la Araucanía'),
(10, 'Región de Los Lagos'),
(11, 'Región Aisén del Gral. Carlos Ibáñez del Campo'),
(12, 'Región de Magallanes y de la Antártica Chilena'),
(13, 'Región Metropolitana de Santiago'),
(14, 'Región de Los Ríos'),
(15, 'Arica y Parinacota'),
(16, 'Región de Ñuble');

-- --------------------------------------------------------

--
-- Estructura de tabla para la tabla `reg_trib`
--

DROP TABLE IF EXISTS `reg_trib`;
CREATE TABLE IF NOT EXISTS `reg_trib` (
  `id_reg_trib` int(11) NOT NULL AUTO_INCREMENT,
  `desc_reg_trib` varchar(150) NOT NULL,
  `vig_reg_trib` int(11) NOT NULL,
  `max_mon_reg_trib` int(11) DEFAULT NULL,
  PRIMARY KEY (`id_reg_trib`)
) ENGINE=InnoDB AUTO_INCREMENT=9 DEFAULT CHARSET=latin1;

--
-- Volcado de datos para la tabla `reg_trib`
--

INSERT INTO `reg_trib` (`id_reg_trib`, `desc_reg_trib`, `vig_reg_trib`, `max_mon_reg_trib`) VALUES
(1, 'RENTA ATRIBUIDA (ART 14 A)', 1, 0),
(2, 'SEMI INTEGRADO (ART 14 B)', 1, 0),
(3, 'RENTA PRESUNTA TRANSPORTE DE CARGA (ART 34)  ', 1, 5000),
(4, 'RENTA PRESUNTA TRANSPORTE DE PASAJEROS (ART 34)', 1, 5000),
(5, 'RENTA PRESUNTA AGRICOLAS (ART 34)', 1, 9000),
(6, 'RENTA PRESUNTA MINERIA (ART 34)', 1, 17000),
(7, 'TRIBUTACION SIMPLIFICADA (ART 14 TER)', 1, 0),
(8, 'ORGANIZACIONES SIN FINES DE LUCRO (OSFL)', 1, 0);

-- --------------------------------------------------------

--
-- Estructura de tabla para la tabla `sociedad`
--

DROP TABLE IF EXISTS `sociedad`;
CREATE TABLE IF NOT EXISTS `sociedad` (
  `id_soc` int(11) NOT NULL AUTO_INCREMENT,
  `porc_part_soc` float DEFAULT NULL,
  `monto_part_soc` int(11) DEFAULT NULL,
  `id_per_soc` int(11) DEFAULT NULL,
  `id_emp_soc` int(11) DEFAULT NULL,
  `vig_soc` int(11) DEFAULT NULL,
  `fec_cre_soc` datetime DEFAULT NULL,
  `usu_cre_soc` int(11) DEFAULT NULL,
  PRIMARY KEY (`id_soc`),
  KEY `fk_emp_soc_idx` (`id_emp_soc`),
  KEY `fk_per_soc_idx` (`id_per_soc`),
  KEY `fk_usu_soc_idx` (`usu_cre_soc`)
) ENGINE=InnoDB AUTO_INCREMENT=173 DEFAULT CHARSET=latin1;

--
-- Volcado de datos para la tabla `sociedad`
--

INSERT INTO `sociedad` (`id_soc`, `porc_part_soc`, `monto_part_soc`, `id_per_soc`, `id_emp_soc`, `vig_soc`, `fec_cre_soc`, `usu_cre_soc`) VALUES
(1, 25, 0, 2, 25, 1, '2019-10-07 07:10:09', 2),
(2, 25, 0, 1, 25, 0, '2019-10-07 07:10:55', 2),
(3, 25, 0, 1, 25, 1, '2019-10-07 07:10:41', 2),
(4, 25, 0, 3, 25, 1, '2019-10-07 07:10:11', 2),
(5, 25, 0, 4, 25, 1, '2019-10-07 07:10:36', 2),
(6, 50, 0, 5, 10, 1, '2019-10-07 07:10:26', 2),
(7, 50, 0, 6, 10, 1, '2019-10-07 07:10:59', 2),
(8, 50, 0, 7, 9, 1, '2019-10-08 08:10:37', 2),
(9, 50, 0, 8, 9, 1, '2019-10-08 08:10:54', 2),
(10, 50, 0, 9, 86, 1, '2019-10-08 08:10:12', 2),
(11, 50, 0, 10, 86, 1, '2019-10-08 09:10:03', 2),
(12, 17, 0, 11, NULL, 1, '2019-10-08 09:10:15', 2),
(13, 17, 0, 11, 27, 0, '2019-10-08 09:10:33', 2),
(14, 17, 0, 12, 27, 0, '2019-10-08 09:10:13', 2),
(15, 17, 0, 12, 27, 0, '2019-10-08 09:10:42', 2),
(16, 17, 0, 11, 27, 1, '2019-10-15 03:10:13', 2),
(17, 16, 0, 12, NULL, 1, '2019-10-15 03:10:03', 2),
(18, 16.6, 0, 12, NULL, 1, '2019-10-15 03:10:10', 2),
(19, 16.6, 0, 12, NULL, 1, '2019-10-15 03:10:32', 2),
(20, 16, 0, 12, NULL, 1, '2019-10-15 03:10:20', 2),
(21, 16, 0, 12, 27, 0, '2019-10-15 03:10:13', 2),
(22, 16, 0, 12, 27, 0, '2019-10-15 03:10:52', 2),
(23, 16.6, 0, 12, 27, 1, '2019-10-15 03:10:38', 2),
(24, 16.6, 0, 13, 27, 1, '2019-10-15 03:10:07', 2),
(25, 16.6, 0, 14, 27, 1, '2019-10-15 03:10:11', 2),
(26, 16.6, 0, 15, 27, 1, '2019-10-15 03:10:12', 2),
(27, 16.6, 0, 16, 27, 1, '2019-10-15 03:10:21', 2),
(28, 20, 0, 13, 29, 1, '2019-10-15 03:10:15', 2),
(29, 20, 0, 17, 29, 1, '2019-10-15 03:10:33', 2),
(30, 20, 0, 18, 29, 1, '2019-10-15 08:10:58', 2),
(31, 20, 0, 19, 29, 1, '2019-10-17 05:10:24', 2),
(32, 20, 0, 20, 29, 1, '2019-10-17 05:10:14', 2),
(33, 1, 0, 21, 38, 1, '2019-10-17 05:10:46', 2),
(34, 50, 0, 22, 38, 1, '2019-10-17 05:10:01', 2),
(35, 47, 0, 23, 38, 1, '2019-10-17 05:10:00', 2),
(36, 1, 0, 24, 38, 1, '2019-10-17 05:10:54', 2),
(37, 1, 0, 25, 38, 1, '2019-10-17 05:10:56', 2),
(38, 20, 0, 21, 63, 1, '2019-10-17 05:10:09', 2),
(39, 20, 0, 23, 63, 1, '2019-10-17 05:10:55', 2),
(40, 20, 0, 24, 63, 1, '2019-10-17 05:10:29', 2),
(41, 20, 0, 25, 63, 1, '2019-10-17 05:10:00', 2),
(42, 20, 0, 26, 63, 1, '2019-10-17 05:10:09', 2),
(43, 50, 0, 27, 12, 1, '2019-10-21 10:10:35', 2),
(44, 50, 0, 28, 12, 1, '2019-10-21 10:10:55', 2),
(45, 60, 0, 29, 26, 1, '2019-10-21 11:10:35', 2),
(46, 20, 0, 30, 26, 1, '2019-10-21 11:10:32', 2),
(47, 20, 0, 31, 26, 1, '2019-10-21 11:10:34', 2),
(48, 75, 0, 32, 53, 1, '2019-10-21 11:10:51', 2),
(49, 25, 0, 30, 53, 1, '2019-10-21 11:10:38', 2),
(50, 50, 0, 33, 17, 1, '2019-10-21 11:10:50', 2),
(51, 50, 0, 32, 17, 0, '2019-10-21 11:10:51', 2),
(52, 25, 0, 32, 72, 1, '2019-10-21 11:10:20', 2),
(53, 25, 0, 29, 72, 1, '2019-10-21 11:10:01', 2),
(54, 25, 0, 30, 72, 1, '2019-10-21 11:10:27', 2),
(55, 25, 0, 31, 72, 1, '2019-10-21 11:10:48', 2),
(56, 70, 0, 34, 65, 1, '2019-10-22 03:10:35', 2),
(57, 30, 0, 35, 65, 1, '2019-10-22 03:10:58', 2),
(58, 100, 0, 36, 87, 1, '2019-10-22 03:10:13', 2),
(59, 10, 0, 36, 28, 1, '2019-10-22 03:10:54', 2),
(60, 45, 0, 37, 28, 1, '2019-10-22 03:10:48', 2),
(61, 45, 0, 38, 28, 1, '2019-10-22 03:10:57', 2),
(62, 100, 0, 36, 88, 1, '2019-10-22 03:10:08', 2),
(63, 80, 0, 39, 64, 1, '2019-10-22 03:10:35', 2),
(64, 10, 0, 40, 64, 1, '2019-10-22 03:10:05', 2),
(65, 10, 0, 41, 64, 1, '2019-10-22 03:10:33', 2),
(66, 10, 0, 36, 3, 1, '2019-10-22 03:10:25', 2),
(67, 30, 0, 42, 3, 1, '2019-10-22 03:10:12', 2),
(68, 30, 0, 43, 3, 1, '2019-10-22 03:10:10', 2),
(69, 10, 0, 44, 3, 1, '2019-10-22 03:10:46', 2),
(70, 10, 0, 45, 3, 1, '2019-10-22 03:10:38', 2),
(71, 10, 0, 46, 2, 1, '2019-10-22 03:10:33', 2),
(72, 50.72, 0, 47, 84, 1, '2019-10-22 03:10:16', 2),
(73, 49.28, 0, 48, 84, 1, '2019-10-22 03:10:29', 2),
(74, 100, 0, 49, 39, 1, '2019-10-22 04:10:13', 2),
(75, 100, 0, 31, 11, 1, '2019-10-22 08:10:09', 2),
(76, 50, 0, 50, 30, 1, '2019-10-22 08:10:13', 2),
(77, 50, 0, 51, 30, 1, '2019-10-22 08:10:59', 2),
(78, 100, 0, 52, 40, 1, '2019-10-22 08:10:16', 2),
(79, 87.5, 0, 53, 23, 1, '2019-10-22 08:10:08', 2),
(80, 12, 0, 10, 23, 1, '2019-10-22 08:10:53', 2),
(81, 100, 0, 54, 73, 1, '2019-10-22 08:10:18', 2),
(82, 100, 0, 55, 50, 1, '2019-10-22 08:10:54', 2),
(83, 100, 0, 56, 1, 1, '2019-10-22 08:10:39', 2),
(84, 100, 0, 57, 82, 1, '2019-10-22 08:10:30', 2),
(85, 100, 0, 58, 83, 1, '2019-10-22 08:10:56', 2),
(86, 100, 0, 59, 93, 0, '2019-10-22 08:10:49', 2),
(87, 0, 0, 59, 8, 1, '2019-10-22 08:10:07', 2),
(88, 100, 0, 60, 13, 1, '2019-10-22 08:10:37', 2),
(89, 100, 0, 61, 15, 1, '2019-10-22 09:10:49', 2),
(90, 10, 0, 62, 57, 1, '2019-10-22 09:10:54', 2),
(91, 90, 0, 63, 57, 1, '2019-10-22 09:10:28', 2),
(92, 100, 0, 64, 18, 1, '2019-10-22 09:10:12', 2),
(93, 10, 0, 64, 94, 1, '2019-10-22 09:10:51', 2),
(94, 30, 0, 65, 94, 1, '2019-10-22 09:10:05', 2),
(95, 20, 0, 66, 94, 1, '2019-10-22 09:10:55', 2),
(96, 20, 0, 67, 94, 1, '2019-10-22 09:10:46', 2),
(97, 20, 0, 68, 94, 1, '2019-10-22 09:10:33', 2),
(98, 50, 0, 69, 54, 1, '2019-10-22 09:10:29', 2),
(99, 50, 0, 70, 54, 1, '2019-10-22 09:10:30', 2),
(100, 50, 0, 71, 59, 1, '2019-10-22 09:10:53', 2),
(101, 50, 0, 72, 59, 1, '2019-10-22 09:10:44', 2),
(102, 33.33, 0, 73, 62, 1, '2019-10-22 09:10:04', 2),
(103, 33.33, 0, 74, 62, 1, '2019-10-22 09:10:43', 2),
(104, 33.34, 0, 75, 62, 1, '2019-10-22 09:10:43', 2),
(105, 50, 0, 61, 56, 1, '2019-10-22 09:10:03', 2),
(106, 25, 0, 76, 56, 1, '2019-10-22 09:10:03', 2),
(107, 25, 0, 77, 56, 1, '2019-10-22 09:10:04', 2),
(108, 100, 0, 78, 61, 1, '2019-10-22 09:10:53', 2),
(109, 35, 0, 79, 24, 1, '2019-10-22 09:10:05', 2),
(110, 35, 0, 80, 24, 1, '2019-10-22 09:10:59', 2),
(111, 30, 0, 81, 24, 1, '2019-10-22 10:10:37', 2),
(112, 85, 0, 79, 31, 1, '2019-10-22 10:10:11', 2),
(113, 5, 0, 82, 31, 1, '2019-10-22 10:10:00', 2),
(114, 5, 0, 83, 31, 1, '2019-10-22 10:10:44', 2),
(115, 5, 0, 84, 31, 1, '2019-10-22 10:10:22', 2),
(116, 90, 0, 85, 34, 1, '2019-10-22 10:10:17', 2),
(117, 10, 0, 53, 34, 1, '2019-10-22 10:10:06', 2),
(118, 90, 0, 86, 75, 1, '2019-10-22 10:10:50', 2),
(119, 10, 0, 87, 75, 1, '2019-10-22 10:10:31', 2),
(120, 100, 0, 73, 49, 1, '2019-10-22 10:10:53', 2),
(121, 10, 0, 89, 52, 1, '2019-10-24 01:10:12', 2),
(122, 90, 0, 90, 52, 1, '2019-10-24 01:10:01', 2),
(123, 40, 0, 91, 51, 1, '2019-10-24 02:10:16', 2),
(124, 50, 0, 49, 51, 1, '2019-10-24 02:10:45', 2),
(125, 10, 0, 92, 51, 1, '2019-10-24 02:10:42', 2),
(126, 100, 0, 93, 74, 1, '2019-10-24 02:10:20', 2),
(127, 50, 0, 94, 67, 1, '2019-10-24 02:10:24', 2),
(128, 16, 0, 57, 67, 0, '2019-10-24 02:10:43', 2),
(129, 16, 0, 57, 67, 0, '2019-10-24 02:10:09', 2),
(130, 16, 0, 57, 67, 0, '2019-10-24 02:10:26', 2),
(131, 16.6, 0, 57, 67, 0, '2019-10-24 02:10:42', 2),
(132, 16.67, 0, 57, 67, 1, '2019-10-24 02:10:55', 2),
(133, 16.67, 0, 95, 67, 1, '2019-10-24 02:10:50', 2),
(134, 16.67, 0, 96, 67, 1, '2019-10-24 02:10:45', 2),
(135, 66.68, 0, 97, 68, 1, '2019-10-24 02:10:34', 2),
(136, 8.33, 0, 98, 68, 1, '2019-10-24 02:10:47', 2),
(137, 8.33, 0, 99, 68, 1, '2019-10-24 02:10:41', 2),
(138, 8.33, 0, 100, 68, 1, '2019-10-24 02:10:30', 2),
(139, 8.33, 0, 101, 68, 1, '2019-10-24 02:10:21', 2),
(140, 75, 0, 102, 69, 1, '2019-10-24 02:10:28', 2),
(141, 12.5, 0, 103, 69, 1, '2019-10-24 02:10:11', 2),
(142, 12.5, 0, 104, 69, 1, '2019-10-24 02:10:02', 2),
(143, 33.33, 0, 102, 55, 1, '2019-10-24 03:10:26', 2),
(144, 33.34, 0, 103, 55, 1, '2019-10-24 03:10:59', 2),
(145, 33.33, 0, 104, 55, 1, '2019-10-24 03:10:29', 2),
(146, 90, 0, 105, 89, 1, '2019-10-24 03:10:35', 2),
(147, 10, 0, 106, 89, 1, '2019-10-24 03:10:31', 2),
(148, 100, 0, 101, 70, 1, '2019-10-27 10:10:31', 2),
(149, 100, 0, 102, 90, 1, '2019-10-27 10:10:50', 2),
(150, 100, 0, 103, 85, 1, '2019-10-27 10:10:00', 2),
(151, 100, 0, 79, 33, 1, '2019-10-27 10:10:46', 2),
(152, 100, 0, 107, 35, 1, '2019-10-27 10:10:19', 2),
(153, 100, 0, 87, 37, 1, '2019-10-27 10:10:54', 2),
(154, 100, 0, 108, 42, 1, '2019-10-27 10:10:18', 2),
(155, 100, 0, 109, 43, 1, '2019-10-27 10:10:35', 2),
(156, 100, 0, 110, 45, 1, '2019-10-27 10:10:59', 2),
(157, 100, 0, 111, 44, 1, '2019-10-27 10:10:42', 2),
(158, 100, 0, 112, 41, 1, '2019-10-27 10:10:11', 2),
(159, 100, 0, 113, 47, 1, '2019-10-27 10:10:51', 2),
(160, 100, 0, 114, 16, 1, '2019-10-27 10:10:26', 2),
(161, 100, 0, 115, 48, 1, '2019-10-27 10:10:52', 2),
(162, 100, 0, 120, 78, 1, '2019-10-27 11:10:05', 2),
(163, 100, 0, 121, 2, 1, '2019-10-27 11:10:40', 2),
(164, 100, 0, 73, 60, 1, '2019-10-27 11:10:50', 2),
(165, 100, 0, 59, 92, 1, '2019-10-27 11:10:11', 2),
(166, 100, 0, 59, 93, 1, '2019-10-27 11:10:51', 2),
(167, 50, 0, 64, 96, 1, '2019-10-27 11:10:34', 2),
(168, 50, 0, 68, 96, 1, '2019-10-27 11:10:09', 2),
(169, 100, 0, 49, 19, 1, '2019-10-28 12:10:19', 2),
(170, 100, 0, 116, 66, 1, '2019-10-28 12:10:04', 2),
(171, 100, 0, 119, 77, 1, '2019-10-28 12:10:39', 2),
(172, 100, 0, 118, 76, 1, '2019-10-28 12:10:03', 2);

-- --------------------------------------------------------

--
-- Estructura de tabla para la tabla `sucursales`
--

DROP TABLE IF EXISTS `sucursales`;
CREATE TABLE IF NOT EXISTS `sucursales` (
  `id_suc` int(11) NOT NULL AUTO_INCREMENT,
  `ciudad_suc` int(11) NOT NULL,
  `comuna_suc` int(11) NOT NULL,
  `dir_suc` varchar(150) NOT NULL,
  `id_emp_suc` int(11) DEFAULT NULL,
  `vig_suc` int(11) DEFAULT NULL,
  `fec_cre_suc` datetime DEFAULT NULL,
  `usu_cre_suc` int(11) DEFAULT NULL,
  PRIMARY KEY (`id_suc`),
  KEY `fk_emp_suc_idx` (`id_emp_suc`),
  KEY `fk_usu_suc_idx` (`usu_cre_suc`)
) ENGINE=InnoDB DEFAULT CHARSET=latin1;

-- --------------------------------------------------------

--
-- Estructura de tabla para la tabla `tab_param`
--

DROP TABLE IF EXISTS `tab_param`;
CREATE TABLE IF NOT EXISTS `tab_param` (
  `id_param` int(10) UNSIGNED NOT NULL AUTO_INCREMENT,
  `cod_grupo` varchar(45) DEFAULT NULL,
  `cod_item` varchar(45) DEFAULT NULL,
  `desc_item` varchar(100) DEFAULT NULL,
  `vig_item` varchar(45) DEFAULT NULL,
  PRIMARY KEY (`id_param`)
) ENGINE=MyISAM AUTO_INCREMENT=15 DEFAULT CHARSET=latin1;

--
-- Volcado de datos para la tabla `tab_param`
--

INSERT INTO `tab_param` (`id_param`, `cod_grupo`, `cod_item`, `desc_item`, `vig_item`) VALUES
(1, '1', '0', 'TIPOS DE DOCUMENTOS', '1'),
(2, '1', '1', 'FACTURA', '1'),
(3, '1', '2', 'BOLETA', '1'),
(4, '2', '0', 'ESTADO DOCUMENTOS', '1'),
(5, '2', '1', 'PENDIENTE', '1'),
(6, '2', '2', 'PAGO PARCIAL', '1'),
(7, '2', '3', 'PAGADO', '1'),
(8, '3', '0', 'PERFILES USUARIOS', '1'),
(9, '3', '1', 'ADMIN', '1'),
(10, '3', '2', 'EJECUTIVO', '1'),
(11, '4', '0', 'CARGOS', '1'),
(12, '4', '1', 'FINANCIERO', '1'),
(13, '4', '2', 'ADMINISTRATIVO', '1'),
(14, '2', '4', 'ANULADO', '1');

-- --------------------------------------------------------

--
-- Estructura de tabla para la tabla `usuarios`
--

DROP TABLE IF EXISTS `usuarios`;
CREATE TABLE IF NOT EXISTS `usuarios` (
  `id_usu` int(11) NOT NULL AUTO_INCREMENT,
  `nom_usu` varchar(50) NOT NULL,
  `apepat_usu` varchar(50) NOT NULL,
  `apemat_usu` varchar(50) NOT NULL,
  `rut_usu` varchar(10) NOT NULL,
  `mail_usu` varchar(100) NOT NULL,
  `id_perfil` int(11) NOT NULL,
  `fec_cre_usu` datetime NOT NULL,
  `cargo_usu` int(11) NOT NULL,
  `pass_usu` varchar(32) NOT NULL,
  `vig_usu` int(11) NOT NULL,
  `nick_usu` varchar(20) DEFAULT NULL,
  PRIMARY KEY (`id_usu`)
) ENGINE=InnoDB AUTO_INCREMENT=7 DEFAULT CHARSET=latin1;

--
-- Volcado de datos para la tabla `usuarios`
--

INSERT INTO `usuarios` (`id_usu`, `nom_usu`, `apepat_usu`, `apemat_usu`, `rut_usu`, `mail_usu`, `id_perfil`, `fec_cre_usu`, `cargo_usu`, `pass_usu`, `vig_usu`, `nick_usu`) VALUES
(1, 'Pablo', 'Vicencio', 'Contreras', '18385191-8', 'pvicencioc@hotmail.cl', 1, '2019-05-24 00:00:00', 1, 'cf2f25ae2fc9f738986ff0449513a6a5', 1, 'pvicencio'),
(2, 'RAUL ', 'MUÑOZ ', 'RIQUELME ', '12516881-7', 'rmunoz@hyrconsultora.com', 1, '2019-06-03 00:00:00', 2, '1f3f1e095c95ebe19576761d1d50fd62', 1, 'Rmunoz'),
(3, 'CAROLINA ', 'PEREZ ', 'BERRIOS', '18043078-4', 'cperez@hyrconsultora.com', 2, '2019-06-03 00:00:00', 2, '9b3cc49b0816c17e9d18558ee5fbb796', 1, 'Cperez'),
(4, 'JOHANA ', 'SALGADO ', 'GALVEZ ', '15992924-8', 'jsalgado@hyrconsultora.com', 2, '2019-06-03 00:00:00', 2, '1ad8cb45333d3ab12fb7cada4e8a8599', 1, 'Jsalgado'),
(5, 'PATRICIA ERCILIA', 'SALGADO', 'GALVEZ ', '15526009-2', 'psalgado@hyrconsultora.com', 2, '2019-06-03 00:00:00', 2, 'ca8e7ede91fb9523e8731bf17de71ca1', 1, 'Psalgado'),
(6, 'Alejandra ', 'Arenas ', 'Perez', '19262027-9', 'Aarenas@hyrconsultora.com', 2, '2019-07-06 00:00:00', 2, '8a214525009e4d8bab834ec6a2fcef2b', 1, 'Aarenas');

-- --------------------------------------------------------

--
-- Estructura de tabla para la tabla `venta_anual`
--

DROP TABLE IF EXISTS `venta_anual`;
CREATE TABLE IF NOT EXISTS `venta_anual` (
  `id_venta` int(11) NOT NULL,
  `monto_venta` int(11) NOT NULL,
  `anio_venta` int(11) NOT NULL,
  `id_emp_venta` int(11) DEFAULT NULL,
  `vig_venta` int(11) DEFAULT NULL,
  `fec_cre_venta` datetime DEFAULT NULL,
  `usu_cre_venta` int(11) DEFAULT NULL,
  PRIMARY KEY (`id_venta`),
  KEY `fk_emp_venta_idx` (`id_emp_venta`),
  KEY `fk_usu_venta_idx` (`usu_cre_venta`)
) ENGINE=InnoDB DEFAULT CHARSET=latin1;

--
-- Restricciones para tablas volcadas
--

--
-- Filtros para la tabla `comuna`
--
ALTER TABLE `comuna`
  ADD CONSTRAINT `comuna_COMUNA_PROVINCIA_ID_fkey` FOREIGN KEY (`COMUNA_PROVINCIA_ID`) REFERENCES `provincia` (`PROVINCIA_ID`) ON UPDATE CASCADE;

--
-- Filtros para la tabla `documento`
--
ALTER TABLE `documento`
  ADD CONSTRAINT `fk_emp_doc` FOREIGN KEY (`emp_doc`) REFERENCES `empresa` (`id_emp`) ON DELETE NO ACTION ON UPDATE NO ACTION,
  ADD CONSTRAINT `fk_usu_doc` FOREIGN KEY (`usu_reg_doc`) REFERENCES `usuarios` (`id_usu`) ON DELETE NO ACTION ON UPDATE NO ACTION;

--
-- Filtros para la tabla `empresa`
--
ALTER TABLE `empresa`
  ADD CONSTRAINT `fk_reg_trib_emp` FOREIGN KEY (`reg_trib_emp`) REFERENCES `reg_trib` (`id_reg_trib`),
  ADD CONSTRAINT `fk_usu_emp` FOREIGN KEY (`usu_cre_emp`) REFERENCES `usuarios` (`id_usu`) ON DELETE NO ACTION ON UPDATE NO ACTION;

--
-- Filtros para la tabla `giro`
--
ALTER TABLE `giro`
  ADD CONSTRAINT `fk_emp_giro` FOREIGN KEY (`id_emp_giro`) REFERENCES `empresa` (`id_emp`) ON DELETE NO ACTION ON UPDATE NO ACTION,
  ADD CONSTRAINT `fk_usu_giro` FOREIGN KEY (`usu_cre_giro`) REFERENCES `usuarios` (`id_usu`) ON DELETE NO ACTION ON UPDATE NO ACTION;

--
-- Filtros para la tabla `log_cambio`
--
ALTER TABLE `log_cambio`
  ADD CONSTRAINT `fk_usu_cambio` FOREIGN KEY (`usu_cambio`) REFERENCES `usuarios` (`id_usu`) ON DELETE NO ACTION ON UPDATE NO ACTION;

--
-- Filtros para la tabla `mod_lab`
--
ALTER TABLE `mod_lab`
  ADD CONSTRAINT `fk_emp_mod` FOREIGN KEY (`emp_mod_lab`) REFERENCES `empresa` (`id_emp`) ON DELETE NO ACTION ON UPDATE NO ACTION,
  ADD CONSTRAINT `fk_usu_mod` FOREIGN KEY (`usu_mod_lab`) REFERENCES `usuarios` (`id_usu`) ON DELETE NO ACTION ON UPDATE NO ACTION;

--
-- Filtros para la tabla `mov_documento`
--
ALTER TABLE `mov_documento`
  ADD CONSTRAINT `fk_doc_mov` FOREIGN KEY (`id_doc_mov`) REFERENCES `documento` (`id_doc`) ON DELETE NO ACTION ON UPDATE NO ACTION,
  ADD CONSTRAINT `fk_formapago_mov` FOREIGN KEY (`cod_formapago_mov`) REFERENCES `forma_pago` (`id_formapago`) ON DELETE NO ACTION ON UPDATE NO ACTION,
  ADD CONSTRAINT `fk_usu_mov` FOREIGN KEY (`usu_reg_mov`) REFERENCES `usuarios` (`id_usu`) ON DELETE NO ACTION ON UPDATE NO ACTION;

--
-- Filtros para la tabla `objeto_social`
--
ALTER TABLE `objeto_social`
  ADD CONSTRAINT `fk_emp_obj` FOREIGN KEY (`id_emp_obj`) REFERENCES `empresa` (`id_emp`) ON DELETE NO ACTION ON UPDATE NO ACTION,
  ADD CONSTRAINT `fk_usu_obj` FOREIGN KEY (`usu_cre_obj`) REFERENCES `usuarios` (`id_usu`) ON DELETE NO ACTION ON UPDATE NO ACTION;

--
-- Filtros para la tabla `persona`
--
ALTER TABLE `persona`
  ADD CONSTRAINT `fk_usu_per` FOREIGN KEY (`usu_cre_per`) REFERENCES `usuarios` (`id_usu`) ON DELETE NO ACTION ON UPDATE NO ACTION;

--
-- Filtros para la tabla `provincia`
--
ALTER TABLE `provincia`
  ADD CONSTRAINT `provincia_PROVINCIA_REGION_ID_fkey` FOREIGN KEY (`PROVINCIA_REGION_ID`) REFERENCES `region` (`REGION_ID`) ON UPDATE CASCADE;

--
-- Filtros para la tabla `sociedad`
--
ALTER TABLE `sociedad`
  ADD CONSTRAINT `fk_emp_soc` FOREIGN KEY (`id_emp_soc`) REFERENCES `empresa` (`id_emp`) ON DELETE NO ACTION ON UPDATE NO ACTION,
  ADD CONSTRAINT `fk_per_soc` FOREIGN KEY (`id_per_soc`) REFERENCES `persona` (`id_per`) ON DELETE NO ACTION ON UPDATE NO ACTION,
  ADD CONSTRAINT `fk_usu_soc` FOREIGN KEY (`usu_cre_soc`) REFERENCES `usuarios` (`id_usu`) ON DELETE NO ACTION ON UPDATE NO ACTION;

--
-- Filtros para la tabla `sucursales`
--
ALTER TABLE `sucursales`
  ADD CONSTRAINT `fk_emp_suc` FOREIGN KEY (`id_emp_suc`) REFERENCES `empresa` (`id_emp`) ON DELETE NO ACTION ON UPDATE NO ACTION,
  ADD CONSTRAINT `fk_usu_suc` FOREIGN KEY (`usu_cre_suc`) REFERENCES `usuarios` (`id_usu`) ON DELETE NO ACTION ON UPDATE NO ACTION;

--
-- Filtros para la tabla `venta_anual`
--
ALTER TABLE `venta_anual`
  ADD CONSTRAINT `fk_emp_venta` FOREIGN KEY (`id_emp_venta`) REFERENCES `empresa` (`id_emp`) ON DELETE NO ACTION ON UPDATE NO ACTION,
  ADD CONSTRAINT `fk_usu_venta` FOREIGN KEY (`usu_cre_venta`) REFERENCES `usuarios` (`id_usu`) ON DELETE NO ACTION ON UPDATE NO ACTION;
COMMIT;

/*!40101 SET CHARACTER_SET_CLIENT=@OLD_CHARACTER_SET_CLIENT */;
/*!40101 SET CHARACTER_SET_RESULTS=@OLD_CHARACTER_SET_RESULTS */;
/*!40101 SET COLLATION_CONNECTION=@OLD_COLLATION_CONNECTION */;
